candidate_id,first_name,last_name,email,vacancy_id,application_date
1,Amanda,Cortez,kimscott@example.com,9,2024-04-30
2,Angela,Black,lrussell@example.org,291,2024-09-26
3,Neil,Miller,jonathanlee@example.net,110,2025-10-21
4,William,White,joshuamarks@example.net,60,2024-04-04
5,Monica,Mayo,james49@example.net,86,2026-03-08
6,Kathryn,Lopez,dennis71@example.org,286,2024-07-07
7,Melissa,Mitchell,wallacelaura@example.net,100,2023-09-27
8,Sandra,Kramer,heathanthony@example.org,180,2024-05-01
9,Emily,Knight,carloswilliams@example.com,287,2026-05-18
10,Jonathan,Gardner,coxdaniel@example.net,157,2026-03-23
11,Austin,Rodriguez,mgarcia@example.com,151,2026-06-22
12,Margaret,Mccoy,karenroman@example.com,43,2023-08-14
13,Christopher,Mcclure,stephenmyers@example.net,130,2023-10-15
14,Maria,Turner,davidzamora@example.net,169,2026-10-26
15,Martin,Casey,khoward@example.com,177,2026-10-25
16,Robert,Kramer,kathryn40@example.org,267,2025-03-06
17,Steven,Marshall,qcarrillo@example.net,110,2023-01-12
18,Christopher,Rowe,nicholeharris@example.com,180,2026-11-30
19,Anna,Benson,hoodvickie@example.com,238,2024-05-19
20,Mary,Li,sarahjenkins@example.net,177,2024-05-25
21,Wendy,Williams,myersjulia@example.com,35,2025-03-11
22,Melissa,Conrad,kellyglenn@example.org,152,2026-08-09
23,Christopher,Moody,cohensteven@example.net,34,2026-06-05
24,Jessica,Olsen,joneskevin@example.net,283,2026-01-30
25,Lisa,Weiss,prestonsarah@example.net,114,2025-03-16
26,Jessica,Whitaker,hullwilliam@example.com,4,2024-04-18
27,Allison,Wall,tnguyen@example.net,20,2024-07-17
28,Maria,Benton,lorihunter@example.com,163,2023-05-15
29,John,Reynolds,ppatel@example.net,8,2024-09-26
30,Linda,Le,amoreno@example.net,217,2024-12-24
31,Tonya,Brooks,felliott@example.com,279,2024-08-12
32,Natalie,Maldonado,fredhunter@example.net,211,2026-05-26
33,Stacy,Sullivan,rhansen@example.net,138,2025-04-25
34,Richard,Maldonado,jane87@example.org,3,2026-05-16
35,Juan,Adkins,nlarsen@example.com,181,2023-01-12
36,Linda,Gomez,mitchelljoseph@example.net,197,2026-08-17
37,Kimberly,Thompson,dmaxwell@example.org,254,2023-12-18
38,Regina,Holmes,timothy65@example.org,116,2024-12-26
39,Brandon,Hernandez,natashaarmstrong@example.com,262,2023-02-09
40,Cynthia,Mitchell,ellen12@example.net,23,2023-08-01
41,Jon,Mendez,lawrence02@example.net,7,2023-04-30
42,Cristian,Bright,judyflynn@example.net,156,2023-12-10
43,Christopher,Sellers,hernandezzachary@example.org,206,2024-09-29
44,Joshua,Newman,mary63@example.net,17,2026-04-24
45,Christine,Carson,wallaceronald@example.net,228,2025-10-27
46,Douglas,Nelson,fisherjennifer@example.net,186,2024-02-28
47,Laura,Duncan,richardyoung@example.net,107,2023-07-17
48,Richard,Simmons,estewart@example.com,236,2024-11-19
49,Amy,Stanton,williamcoleman@example.org,271,2025-02-28
50,Roberto,Smith,ashleychambers@example.org,267,2023-10-05
51,Taylor,Cohen,stephanielewis@example.org,48,2023-03-01
52,Alexis,Aguirre,jamesmiller@example.com,161,2025-06-19
53,Cody,Wheeler,ryanpatricia@example.org,122,2024-07-06
54,Charles,Hanson,kellymark@example.net,32,2026-06-16
55,Gary,Zuniga,dchan@example.net,74,2026-03-01
56,Carrie,Love,meghan99@example.net,168,2025-03-28
57,Michelle,Faulkner,johnsonjames@example.org,229,2025-11-11
58,Dale,Martinez,deborahhughes@example.com,296,2026-05-25
59,Megan,Smith,brittanyallen@example.com,161,2026-07-31
60,Daniel,Anderson,bettygrant@example.com,194,2025-01-11
61,Scott,Payne,davidsonlinda@example.com,292,2026-08-25
62,Samantha,Carter,ygarner@example.org,28,2025-07-16
63,Wendy,Jones,rjackson@example.com,60,2024-09-22
64,Harold,Sparks,zfloyd@example.org,49,2024-06-24
65,Johnny,Reed,barronbrian@example.net,234,2026-03-15
66,Katie,Kelly,wilsonamber@example.com,185,2026-05-20
67,Yolanda,Nash,qheath@example.org,52,2026-05-10
68,Jill,Joseph,gabrielbauer@example.com,7,2025-03-10
69,Sarah,Daniels,jtownsend@example.org,232,2025-05-03
70,Christopher,Christensen,smithlinda@example.net,269,2023-09-20
71,Veronica,Krueger,armstronganna@example.org,27,2026-10-02
72,Susan,Morris,doughertydaniel@example.org,253,2026-11-12
73,Samantha,Bryant,pbennett@example.net,253,2024-11-21
74,Lawrence,Mitchell,odavis@example.com,204,2023-04-05
75,Rhonda,Harper,jordantroy@example.net,247,2024-05-10
76,Carolyn,Strickland,scottgarcia@example.com,158,2026-06-15
77,Ryan,Ramirez,andersonbarry@example.com,106,2024-03-26
78,Paul,Whitney,rscott@example.net,285,2025-08-30
79,Michael,Fitzgerald,heidi24@example.com,285,2025-11-05
80,Veronica,Meyers,emeza@example.net,123,2026-04-27
81,Shane,Kelly,lauriewright@example.com,183,2023-11-23
82,Jessica,Perez,thompsondavid@example.net,260,2024-07-16
83,Jerry,Cantu,anita60@example.net,141,2025-05-08
84,Gerald,Hawkins,vcarlson@example.org,144,2025-06-13
85,Sarah,Olsen,glasscameron@example.net,99,2023-07-23
86,Christopher,Ford,whiteashley@example.com,241,2023-04-23
87,Anna,Johnson,agilbert@example.com,246,2024-12-26
88,Patrick,Cannon,fpena@example.org,5,2026-12-19
89,Lisa,Wilson,crichards@example.com,239,2026-12-12
90,Deborah,Richard,dsantana@example.com,10,2024-09-21
91,Julia,Maddox,mackapril@example.net,204,2025-10-17
92,Zachary,Brown,fostermichael@example.net,1,2023-11-29
93,Whitney,Richardson,kristina96@example.net,165,2026-12-13
94,Hector,Grimes,baxterrobert@example.net,164,2023-10-15
95,Kevin,Burns,courtneybentley@example.com,142,2025-05-04
96,Michael,Sandoval,heatherlee@example.org,286,2026-10-18
97,William,Huffman,sedwards@example.org,78,2026-04-25
98,Elizabeth,Cook,melissa89@example.com,230,2025-04-25
99,David,Cordova,cgonzalez@example.com,251,2024-12-29
100,Anne,Martin,sawyerdaniel@example.com,30,2024-03-27
101,Robert,Taylor,matthewfischer@example.net,93,2023-09-29
102,Jennifer,Fuller,owillis@example.com,3,2024-09-06
103,Katherine,Chambers,ejohnson@example.net,31,2026-01-14
104,Andrew,Brown,whall@example.com,19,2025-12-21
105,Jessica,Murray,cjohnson@example.com,54,2025-10-09
106,Mary,Ramirez,deborahboone@example.org,83,2023-08-26
107,Aimee,Coffey,john11@example.net,244,2024-10-16
108,Brittany,Lynch,daltondaniels@example.org,278,2023-01-28
109,Don,Wood,joseph47@example.net,155,2025-03-06
110,Dwayne,Greene,utanner@example.org,209,2025-06-04
111,James,Miller,pmiller@example.net,119,2026-09-28
112,Holly,Mcconnell,melissa66@example.org,297,2025-03-28
113,Rodney,Johnson,pricegeorge@example.com,12,2023-10-16
114,Sandra,Stevens,harpermichael@example.com,178,2024-03-11
115,Aaron,Page,stacie57@example.net,115,2026-10-14
116,Michael,Garcia,ywood@example.com,200,2024-07-22
117,Jennifer,Moody,millerpriscilla@example.com,194,2024-02-23
118,Mark,Whitaker,simpsonwanda@example.org,52,2026-01-31
119,James,Benson,hartchristopher@example.com,75,2024-08-01
120,Jessica,Pearson,hendersonjames@example.org,219,2025-11-27
121,Kenneth,Cox,brian00@example.net,208,2025-09-07
122,John,Salazar,wandrade@example.org,197,2023-02-08
123,Jason,Phillips,kanderson@example.net,227,2023-06-16
124,Christopher,Rodriguez,stephenmejia@example.org,225,2024-12-03
125,Natalie,Wells,brandoncooper@example.org,198,2023-07-30
126,Lori,Stewart,daniel25@example.com,73,2023-11-27
127,Sarah,Espinoza,lesliebailey@example.net,187,2026-11-16
128,Joshua,Gilbert,lisahunter@example.org,199,2024-01-30
129,Diana,Fisher,shannongibson@example.net,273,2023-05-15
130,Sarah,Hendrix,clamb@example.org,34,2026-01-26
131,Joshua,Acosta,bradleyaustin@example.net,190,2023-10-09
132,Tina,Carrillo,susangomez@example.net,236,2024-08-05
133,Margaret,Mcgrath,gwilliams@example.com,151,2025-06-14
134,Brian,Martin,ramirezjoan@example.com,111,2026-03-11
135,Alyssa,Lawson,sherryatkinson@example.net,119,2023-11-08
136,Steven,Stone,wilsonjames@example.net,42,2025-06-07
137,Daniel,Chapman,penaclifford@example.com,122,2025-04-05
138,Crystal,Collins,molly19@example.net,194,2026-07-13
139,Anthony,White,ebest@example.com,145,2024-03-22
140,Michelle,Snyder,jason92@example.org,36,2026-10-02
141,Hannah,Lee,beardsierra@example.net,158,2023-02-04
142,Paul,Greene,huffmanjohnny@example.com,143,2024-09-29
143,Jeffrey,Montgomery,shannonsanchez@example.com,299,2026-04-03
144,Alexis,Nolan,michele61@example.net,32,2025-02-10
145,Stephen,Tucker,kenneththompson@example.net,125,2026-11-01
146,Michael,Evans,tanner69@example.org,197,2023-02-17
147,Paul,Kirk,wellsbrian@example.org,6,2024-02-22
148,Christopher,Perkins,simmonsjennifer@example.net,177,2025-01-11
149,Gabrielle,Cowan,joseph95@example.com,90,2023-12-22
150,Tristan,Allen,bryan19@example.net,248,2025-09-21
151,Christina,Lynch,lwhite@example.org,199,2024-11-15
152,Nicole,Allen,christine20@example.com,55,2026-03-04
153,Bobby,Dixon,cwalls@example.net,6,2024-12-18
154,Sheri,Walker,dana23@example.com,137,2026-05-21
155,Bobby,Levine,catherine20@example.com,211,2023-05-10
156,Derek,Hardy,leroybeck@example.com,73,2024-12-08
157,Christopher,Randall,brandonhayes@example.net,117,2024-05-03
158,Sean,Johnson,riveragary@example.com,218,2025-12-24
159,Bethany,Thompson,ballbenjamin@example.net,60,2023-09-23
160,Amanda,Hester,brittany01@example.net,113,2024-09-27
161,William,Baker,darrell49@example.net,206,2026-06-28
162,Kathryn,Murray,mirandaashley@example.net,287,2026-06-03
163,John,Watson,franklinvicki@example.com,292,2025-09-28
164,Russell,Thompson,aaronjohnson@example.net,148,2024-04-04
165,Andrew,Morgan,zbuchanan@example.net,34,2024-12-07
166,Karen,Adams,swalker@example.net,65,2026-09-10
167,James,Blair,heather45@example.net,129,2024-02-13
168,Gregory,Benson,joshua39@example.com,268,2026-07-07
169,Justin,Price,kellyguzman@example.com,99,2023-01-19
170,Holly,Martin,laurawhite@example.org,125,2024-10-12
171,Crystal,Walton,ejacobs@example.org,250,2023-07-11
172,Kristin,White,eanderson@example.com,89,2023-12-08
173,Christina,Byrd,daisy27@example.net,112,2025-02-13
174,Andrew,Tate,george73@example.org,201,2023-04-03
175,Angel,Dunn,sharondominguez@example.net,246,2025-06-08
176,Ernest,Mckee,klopez@example.net,213,2025-02-27
177,Joan,Horton,larrybriggs@example.com,211,2025-10-28
178,Marcus,Cruz,michael83@example.net,144,2025-05-09
179,Ronald,Douglas,pacekristine@example.net,245,2025-03-05
180,Kenneth,Bowen,jvasquez@example.org,252,2026-09-06
181,Terri,Hutchinson,lucerodanielle@example.com,276,2025-01-23
182,Gina,Jones,burnsjohn@example.net,122,2025-03-10
183,Melissa,Thomas,kristi12@example.org,247,2024-08-28
184,Earl,Anthony,martincarl@example.net,2,2024-05-29
185,Carolyn,Owens,campossandra@example.org,170,2023-12-01
186,Ariel,Ramirez,calvin62@example.com,253,2025-03-04
187,Jerry,King,tracycastro@example.net,120,2025-01-20
188,Norma,Boyd,anthony90@example.net,270,2026-12-31
189,Danielle,Saunders,riverskathryn@example.net,133,2023-09-01
190,John,Gonzalez,wmercado@example.org,55,2024-04-20
191,Michael,Hill,stacey49@example.com,58,2025-06-05
192,Kayla,Massey,karenmcintyre@example.org,204,2025-09-21
193,Dominic,Smith,arielcole@example.net,16,2025-10-02
194,Deborah,Diaz,martinbean@example.org,103,2025-11-24
195,Kenneth,Thomas,roseerika@example.net,78,2024-12-10
196,William,Ritter,carmen37@example.net,143,2024-05-26
197,Heather,Gonzalez,kleinjeffrey@example.net,296,2026-04-24
198,Katelyn,Christensen,scott44@example.org,115,2023-12-07
199,Erika,Jones,cathyross@example.org,92,2025-02-19
200,Tammy,Kerr,samantharussell@example.org,54,2024-02-26
201,Roy,Joseph,bfischer@example.com,111,2023-10-07
202,Tiffany,Young,amygreen@example.com,170,2024-12-20
203,Richard,Mclean,howardbrenda@example.com,282,2023-06-29
204,Ashley,Wilson,petersonsherri@example.org,122,2024-10-18
205,Craig,Hernandez,kharper@example.com,287,2024-02-23
206,Julia,Williamson,amandasharp@example.net,81,2023-04-16
207,Stephen,Kennedy,tcastaneda@example.net,200,2024-12-28
208,Michael,Best,wberry@example.net,265,2026-01-07
209,Miguel,Williams,solomoneugene@example.org,203,2023-06-16
210,Mary,Myers,aprilpotter@example.net,124,2025-04-17
211,Kelly,Arroyo,francis97@example.com,100,2026-01-10
212,Brittany,Clark,regina47@example.net,244,2026-10-06
213,Shawn,Martin,andrea85@example.net,243,2023-12-11
214,Teresa,Burch,nsimon@example.org,153,2024-11-28
215,Jessica,Smith,ylindsey@example.com,134,2023-09-06
216,Christy,Walker,ncunningham@example.com,224,2024-11-19
217,Julie,Oconnor,sjohnson@example.com,285,2024-11-07
218,Matthew,Payne,maldonadojonathan@example.org,178,2026-11-07
219,Andrew,Knight,nancy14@example.net,270,2025-10-18
220,Charles,Casey,jennifer78@example.net,235,2024-01-30
221,Shelby,Murphy,smithadam@example.org,164,2024-06-25
222,Alexander,Moore,smithgary@example.com,273,2025-07-11
223,Rachel,Mcfarland,andersontiffany@example.net,242,2025-07-25
224,James,Alvarez,hubbardashley@example.org,205,2025-02-27
225,Evan,Reyes,millershawn@example.com,53,2026-03-20
226,Mary,Mathis,michaelwilliams@example.com,20,2025-03-19
227,William,Collins,castillomelissa@example.org,242,2025-10-13
228,Darrell,Carey,jason00@example.com,180,2025-11-15
229,Roberta,Smith,ethompson@example.net,240,2026-06-14
230,Paul,Hill,paulosborne@example.org,78,2026-08-22
231,Scott,Hodges,qmiller@example.net,136,2024-05-22
232,Deborah,Richards,tammyzimmerman@example.org,208,2024-07-02
233,Christina,Thomas,daviselizabeth@example.net,93,2024-01-20
234,Julie,Ware,kirbyjennifer@example.net,17,2025-12-21
235,Lauren,Moore,hparsons@example.com,181,2024-08-11
236,Michael,George,gpeters@example.org,111,2025-06-11
237,Anthony,Greene,hilltimothy@example.net,252,2024-04-28
238,Donald,Bryant,amy72@example.org,263,2026-12-20
239,Laura,Jackson,mmorgan@example.net,275,2024-03-10
240,Kevin,Smith,iharrison@example.com,258,2025-10-27
241,Daisy,Burns,kristensalazar@example.org,83,2024-07-07
242,Toni,Jones,trodriguez@example.org,146,2026-01-07
243,Randy,Landry,williammckenzie@example.com,251,2024-10-24
244,Kevin,Lee,hodgespaul@example.org,294,2024-03-14
245,Gavin,Brown,scottalexis@example.com,170,2024-04-10
246,Scott,Washington,andrehunt@example.com,95,2024-03-22
247,Crystal,Cook,grace17@example.net,86,2025-01-19
248,Deanna,Ellis,stonedavid@example.com,159,2023-09-05
249,Jacob,Russell,brian71@example.net,281,2025-03-03
250,Sean,Greer,nicholaspatel@example.org,196,2025-12-03
251,William,Cline,qburns@example.org,197,2026-10-10
252,Andrew,Sherman,vsimmons@example.com,98,2026-06-20
253,Jason,Perez,lori70@example.net,12,2023-12-14
254,Tracy,Weaver,denise47@example.org,221,2025-02-24
255,Lisa,Branch,owebb@example.com,93,2025-03-26
256,Diane,Jones,andre06@example.com,254,2023-10-17
257,Rachel,Williams,johnfisher@example.net,291,2024-11-07
258,Rebecca,Williams,wilsonjennifer@example.org,278,2024-09-02
259,Clarence,Curry,uchambers@example.org,101,2024-03-28
260,Arthur,Decker,jjohnson@example.net,288,2024-05-05
261,Joshua,Ramos,ihughes@example.com,205,2025-01-10
262,James,Guerrero,katherine20@example.net,30,2025-09-05
263,Joseph,White,kara60@example.com,113,2025-03-01
264,Anthony,Allen,daycandice@example.net,263,2026-10-25
265,Tracy,Miller,reyeskevin@example.com,182,2025-08-25
266,Robert,Ward,sarah09@example.net,271,2023-01-01
267,Kelly,Browning,smiller@example.org,189,2023-03-08
268,Julian,Garcia,hilljason@example.com,223,2023-06-30
269,Joshua,Palmer,eatonjoseph@example.com,71,2026-12-03
270,Jeremy,Roberts,jenniferrobbins@example.org,9,2024-10-25
271,Paul,Ward,richardgomez@example.org,89,2026-07-09
272,Amanda,Woodard,gkramer@example.org,206,2023-08-27
273,Sarah,Smith,justin40@example.com,208,2025-03-25
274,Daniel,Carpenter,tgray@example.org,117,2024-06-06
275,Yesenia,Anderson,probertson@example.org,50,2025-07-18
276,Eric,Simmons,whitecheryl@example.org,88,2023-02-06
277,Christine,Knight,robert45@example.org,151,2025-05-11
278,Matthew,Anderson,gregory15@example.net,194,2026-06-26
279,Kristin,Jimenez,ayalakerry@example.com,152,2023-12-06
280,Kenneth,Heath,fadams@example.net,7,2026-09-02
281,Daniel,Jenkins,sgalloway@example.org,11,2026-04-19
282,Connie,Parker,hwatson@example.net,161,2025-10-08
283,Laurie,Rios,shane61@example.com,277,2025-09-05
284,Gary,Holland,gracenorman@example.com,187,2023-12-05
285,David,Craig,katherinehowe@example.org,212,2026-05-01
286,Melissa,Myers,kanderson@example.org,235,2024-03-07
287,Kristie,Liu,jlester@example.net,269,2024-04-15
288,Renee,Cunningham,mary72@example.com,153,2023-10-30
289,John,Hernandez,ufarley@example.org,101,2026-03-26
290,Jonathan,Orozco,maryrodgers@example.net,60,2026-09-28
291,Mark,Cantu,debbie38@example.org,263,2023-01-23
292,David,Smith,donald13@example.net,92,2025-10-19
293,Seth,Martin,brianmorris@example.net,194,2026-04-22
294,Craig,Mcintyre,bill69@example.org,2,2024-11-12
295,Brenda,Dickerson,brianna83@example.net,219,2026-03-06
296,James,Gomez,xbarr@example.net,212,2024-02-13
297,Gregory,Lee,clove@example.org,92,2024-12-06
298,Jose,Chambers,jmoran@example.com,18,2024-09-27
299,Richard,Walker,ibanks@example.com,285,2024-12-17
300,Alyssa,Johnson,phillipsjohn@example.com,98,2023-05-22
301,Debra,Shaw,james83@example.org,103,2026-10-22
302,Shane,Jackson,qgray@example.net,206,2026-02-09
303,James,Johnson,thomaslaura@example.net,277,2023-08-23
304,Jessica,Mccormick,nelsonpaul@example.org,283,2023-11-06
305,Dawn,Aguilar,baileymaria@example.org,224,2024-04-29
306,Chelsea,Singh,jose15@example.net,39,2026-05-16
307,Leonard,Evans,raymond64@example.org,181,2025-03-14
308,Kimberly,James,maria78@example.com,169,2024-04-14
309,Elizabeth,Costa,dawsonsarah@example.com,111,2026-09-16
310,Melanie,Johnson,hullvictoria@example.org,264,2026-05-18
311,Bradley,Lin,tara41@example.com,32,2025-03-02
312,Alex,Hernandez,taylorlopez@example.net,129,2025-11-23
313,Cathy,Middleton,hbennett@example.net,232,2026-02-06
314,Kenneth,Johnson,cohenmargaret@example.com,227,2025-05-17
315,Ashley,Gomez,melissa20@example.com,96,2025-08-19
316,Kyle,Allen,angelamorales@example.net,32,2025-05-13
317,Thomas,Woods,mccartyrachel@example.com,3,2023-04-24
318,Allison,Adams,hwhite@example.net,4,2026-02-23
319,Megan,Fernandez,alexiswillis@example.org,176,2024-10-25
320,Mary,Alexander,robertlewis@example.org,67,2025-02-10
321,Justin,Walsh,gtapia@example.net,192,2024-02-12
322,William,Perez,kevinjames@example.org,129,2026-07-13
323,Danielle,Adams,michael27@example.org,114,2025-08-22
324,Anthony,Roberts,brian32@example.org,141,2023-11-08
325,Timothy,Bullock,allenjessica@example.com,279,2023-04-24
326,Sherry,Carr,adamlane@example.org,42,2025-07-14
327,John,Atkinson,michelle14@example.net,26,2023-11-21
328,Christopher,Graham,josephstone@example.com,28,2024-04-28
329,Nicholas,Porter,johnhernandez@example.com,120,2025-04-04
330,Emily,Boyd,jacksonkayla@example.net,290,2026-12-08
331,Donald,Miller,derek82@example.net,7,2024-02-09
332,Andres,Raymond,thomassmith@example.org,115,2025-07-28
333,Lori,Reed,hmiller@example.org,272,2026-12-24
334,Ashley,Davis,nathan67@example.net,38,2023-01-21
335,Stephen,Ellis,josephmcconnell@example.com,141,2025-04-28
336,Meghan,Johnson,fdavis@example.org,59,2023-01-16
337,Rhonda,Richardson,carneytammy@example.net,40,2026-08-14
338,Kenneth,Anderson,nicholasrobinson@example.com,214,2023-03-07
339,Sara,Thompson,david88@example.com,49,2024-07-02
340,Tommy,Mueller,dillon45@example.org,81,2024-02-02
341,Derek,Acosta,erinmurillo@example.org,241,2025-04-07
342,Kevin,Zuniga,juliarivers@example.org,22,2026-10-15
343,Ann,Brown,youngmichael@example.org,6,2025-09-05
344,Peter,Scott,pgarcia@example.com,87,2025-03-04
345,Cheryl,Jenkins,cardenasglen@example.net,171,2023-06-08
346,Travis,Jimenez,zcole@example.net,89,2026-01-16
347,Patricia,Powell,qstevens@example.com,247,2026-02-26
348,Kimberly,Lambert,ronald55@example.org,293,2023-07-15
349,Kurt,Miller,srodriguez@example.com,199,2025-12-28
350,Kelly,Rodriguez,micheal58@example.com,287,2023-09-03
351,Jennifer,Murray,david13@example.org,28,2024-01-09
352,Heather,Murphy,christinemcdonald@example.com,241,2023-05-09
353,Amber,Fry,lunadavid@example.com,77,2024-09-22
354,Lisa,Mcdonald,wardstephanie@example.com,231,2026-07-13
355,Ashley,Williams,rcruz@example.com,22,2025-02-05
356,Frank,Marquez,whitneymaldonado@example.net,5,2026-12-10
357,Javier,Clark,shooper@example.com,135,2024-11-14
358,Alexis,Davis,kathy50@example.com,43,2023-02-02
359,Mary,Bowers,qstewart@example.com,17,2025-05-17
360,Steven,Williams,christinedouglas@example.org,270,2024-10-16
361,Russell,Hall,davismarvin@example.org,9,2026-12-10
362,Tiffany,Frank,christopherdaniel@example.com,6,2026-06-22
363,Lynn,Mccann,johndixon@example.net,95,2025-02-17
364,Scott,Craig,erikamckenzie@example.com,62,2026-01-29
365,Joshua,Chen,wendykidd@example.org,235,2026-12-08
366,Kenneth,Hester,fergusonamanda@example.com,134,2023-06-06
367,Kirsten,Edwards,carrilloricky@example.com,247,2024-09-07
368,Mark,Dixon,catherinelowe@example.com,93,2026-12-31
369,Andrew,Ho,normanalexandria@example.org,84,2025-05-05
370,Amanda,Riley,jenniferstone@example.com,49,2026-01-20
371,Ryan,Rojas,charleslittle@example.net,51,2025-11-20
372,Trevor,Joseph,shaffernathaniel@example.org,92,2026-05-12
373,Christopher,Hernandez,owensjessica@example.org,129,2026-05-02
374,Brittney,Gilbert,feliciayu@example.com,207,2026-12-30
375,Jared,Castro,uacosta@example.com,47,2024-07-26
376,Richard,Fernandez,yolanda71@example.org,93,2026-03-02
377,Laura,Lynch,rickylittle@example.com,187,2023-06-29
378,Laura,Massey,brianmoreno@example.org,161,2024-04-04
379,Jason,Brown,christopher20@example.com,211,2025-06-26
380,Jessica,Johnston,ynavarro@example.com,207,2023-09-21
381,Isaac,Jones,cynthia31@example.com,242,2024-11-27
382,Dennis,Jensen,nritter@example.net,78,2024-04-01
383,Andres,Bryant,elizabeth07@example.org,217,2025-10-06
384,Mary,Dawson,jeffery89@example.com,18,2023-07-24
385,Raymond,Williams,tinataylor@example.org,172,2023-04-23
386,Travis,Marks,angelica07@example.org,169,2023-02-13
387,Erin,Curtis,changstacie@example.org,109,2026-12-24
388,Jose,Johnson,fanderson@example.net,68,2025-06-27
389,Scott,Smith,nicolecarroll@example.com,60,2026-09-28
390,Charles,Byrd,catherinedalton@example.org,131,2026-08-01
391,Timothy,Hull,kaylawright@example.net,236,2026-09-24
392,Ashley,Alexander,donna26@example.net,162,2024-05-31
393,John,Douglas,llewis@example.com,49,2025-03-31
394,Steve,Thompson,millertom@example.org,268,2025-08-26
395,Andrew,Webb,pollardlynn@example.org,190,2026-11-17
396,Ricky,Washington,jacob26@example.net,125,2023-11-13
397,Tina,Rogers,merrittryan@example.org,95,2024-01-24
398,Gary,Ashley,johnstoncindy@example.org,3,2023-09-03
399,Crystal,Gill,kwilliams@example.com,205,2023-05-18
400,Lori,Henry,anthony13@example.org,127,2025-06-30
401,Linda,Nelson,proberts@example.com,95,2024-11-05
402,Jay,Wheeler,derrickwilson@example.org,30,2024-05-27
403,Anthony,Thomas,awright@example.net,92,2024-08-03
404,Jennifer,Harris,petersonlisa@example.org,217,2026-11-01
405,Joseph,Quinn,taylorwilliam@example.org,287,2023-04-16
406,Justin,Cruz,erica66@example.net,106,2023-05-23
407,Regina,Williams,abeck@example.org,118,2025-05-22
408,Danielle,Turner,russellcrosby@example.net,118,2023-10-06
409,Pamela,Kelly,alecjackson@example.com,253,2026-11-12
410,Erik,Richardson,grahamkrista@example.com,181,2023-01-01
411,Lori,Lam,christopher33@example.net,148,2024-12-17
412,Billy,Flores,ashleyromero@example.com,180,2026-10-04
413,Michelle,Lee,mayjoshua@example.org,170,2026-04-10
414,Shelby,Liu,tmartin@example.org,88,2023-03-08
415,David,Burns,qingram@example.com,81,2024-08-12
416,Evan,Chavez,ariasbrittany@example.net,4,2025-06-09
417,Matthew,Small,nkelly@example.org,107,2025-03-12
418,Latoya,Hernandez,caleb00@example.net,137,2025-09-28
419,Lori,Wright,allenteresa@example.org,280,2023-05-22
420,Mark,Smith,tiffany23@example.com,59,2025-03-09
421,Derek,Mclaughlin,thomasgina@example.org,77,2024-02-09
422,James,Riggs,matthewsjacob@example.org,245,2025-06-22
423,Noah,Chavez,shane76@example.org,201,2025-10-29
424,Jessica,Humphrey,james69@example.net,291,2023-09-14
425,Justin,Bonilla,hfernandez@example.org,154,2023-05-07
426,Vanessa,Clark,emily77@example.net,234,2024-11-09
427,Stephanie,Jones,sbrown@example.org,23,2023-03-25
428,Andrea,Perez,qperez@example.org,258,2025-11-01
429,Timothy,Moore,morganolson@example.net,197,2024-09-29
430,Ryan,Ellis,dthompson@example.org,160,2026-08-25
431,Brian,Davis,marygrant@example.org,169,2025-04-09
432,Barbara,Ramsey,aliciasmith@example.net,296,2023-12-08
433,John,Fischer,allen49@example.com,60,2024-01-31
434,Hannah,Duran,benjamin90@example.net,206,2023-08-21
435,Mikayla,Schmidt,princemelanie@example.org,15,2026-06-13
436,Rebecca,Martinez,tonyjennings@example.com,297,2025-04-05
437,Tracy,Baker,denisesnyder@example.org,52,2024-04-12
438,Michael,Burton,odiaz@example.com,239,2024-11-11
439,Adam,Murray,saustin@example.org,31,2026-09-13
440,Hector,Summers,douglaskimberly@example.com,288,2023-06-14
441,Dennis,Spears,mark99@example.org,56,2026-01-14
442,Gregory,Barton,jeffrey67@example.com,31,2023-03-18
443,Adrienne,Barnes,christine91@example.net,169,2026-07-17
444,Alexa,Ramirez,kaitlynconrad@example.org,89,2024-02-25
445,Erika,Castro,griffithterri@example.com,280,2023-11-12
446,Michael,Roberts,jameskelsey@example.net,203,2023-09-03
447,Charles,Brown,fprice@example.net,245,2025-08-15
448,Clifford,Nixon,zmckinney@example.org,204,2024-02-13
449,Lucas,Williams,rjacobs@example.net,38,2025-12-25
450,Steven,Smith,kimberlymccormick@example.com,216,2025-11-18
451,Evan,Hernandez,ashleyrussell@example.org,135,2024-09-24
452,Roy,Johnson,bill96@example.net,287,2024-07-06
453,Jessica,Kim,christinajackson@example.org,278,2024-07-02
454,Sandra,Kelly,davisdylan@example.net,278,2023-11-28
455,Donna,Smith,mpena@example.net,178,2025-02-20
456,Kevin,Yoder,mcdonalddennis@example.com,117,2026-04-14
457,Jonathan,Costa,paynejeffrey@example.org,12,2023-01-28
458,Angela,Lawson,allison51@example.net,224,2023-09-05
459,Gregory,Wilcox,cbarry@example.net,130,2023-12-05
460,Jennifer,Cummings,hbowman@example.net,248,2026-03-16
461,George,Perkins,linda49@example.net,108,2025-03-19
462,James,Roberson,joshuawarren@example.org,292,2024-08-25
463,John,Gonzalez,robertbaxter@example.com,249,2024-02-03
464,Gregory,Williams,ashleyjustin@example.com,283,2024-10-29
465,Michelle,Smith,stephaniemitchell@example.net,101,2023-08-03
466,Jamie,Murillo,samanthaperry@example.net,240,2026-12-28
467,Richard,Anderson,tonycolon@example.net,185,2023-11-27
468,John,Burns,ashleycarroll@example.org,209,2026-03-26
469,Ryan,Proctor,thomas96@example.org,116,2023-03-24
470,Edward,Lozano,roseapril@example.com,295,2026-09-26
471,Justin,Carney,jameswinters@example.com,35,2023-10-26
472,Michael,Jensen,charlessmith@example.com,23,2025-06-14
473,Derek,Williams,james98@example.net,35,2023-07-09
474,Jessica,Stein,adamsanchez@example.org,283,2026-07-01
475,Gregory,Shields,davidmartin@example.net,58,2024-10-27
476,Bethany,Williams,vbuckley@example.net,275,2026-10-25
477,Erica,Petty,bgarcia@example.com,91,2024-11-04
478,Samuel,Benson,reneefrost@example.com,286,2024-12-22
479,Peter,Walker,perryryan@example.org,287,2023-06-28
480,Christina,Manning,currybarbara@example.org,64,2026-12-26
481,Carl,Gregory,kimsavannah@example.net,156,2025-06-06
482,David,Rosario,xlee@example.org,191,2025-05-02
483,Robert,Brown,wdiaz@example.com,185,2025-06-10
484,Andrew,Reed,cali@example.net,204,2026-11-19
485,Lee,Gibson,gregory96@example.net,294,2024-01-27
486,Sierra,Fox,shahkatie@example.net,163,2026-04-27
487,Mary,Lucas,leahdaniel@example.com,287,2026-05-10
488,Renee,Moore,fullerjennifer@example.com,120,2023-03-12
489,Andrew,Stephens,khendricks@example.org,62,2025-08-25
490,Mario,Khan,svillarreal@example.net,67,2025-11-24
491,Eric,Steele,nicholsashley@example.org,124,2024-03-04
492,John,Watson,smithanthony@example.com,271,2024-11-19
493,Ryan,Martinez,davismatthew@example.net,32,2024-05-13
494,Rhonda,Dyer,lhughes@example.org,270,2023-06-01
495,Gina,Williams,susan30@example.org,196,2023-03-09
496,Andrea,Beck,zstevens@example.net,234,2023-10-25
497,David,Jacobs,danielmay@example.org,127,2026-10-10
498,Kevin,Michael,igarcia@example.org,8,2026-09-07
499,Deborah,Sherman,amyrodriguez@example.org,55,2023-10-10
500,Michael,Williams,tylerbuck@example.com,27,2025-02-27
501,Luis,Bennett,lmorton@example.com,256,2023-08-01
502,Jessica,Allen,tgarrett@example.org,132,2024-12-05
503,Dawn,Brown,jimmybennett@example.com,171,2023-02-07
504,Brent,Hubbard,bowmandenise@example.org,156,2026-01-30
505,Kimberly,Jensen,elizabeth63@example.org,292,2025-02-22
506,Brett,Smith,eileen23@example.org,121,2023-09-12
507,Scott,Hammond,xmartin@example.org,55,2023-02-12
508,Nicholas,Farmer,ian41@example.com,67,2024-07-26
509,Jeffrey,Wilson,loganprince@example.com,146,2026-01-01
510,Jaime,Werner,vwalls@example.com,42,2025-09-27
511,Brian,Smith,barbara75@example.com,26,2024-09-18
512,Joshua,Bailey,davidmartinez@example.net,37,2024-05-10
513,William,Hernandez,wallaceholly@example.org,221,2023-10-02
514,Bradley,Riley,victoriaenglish@example.org,192,2024-07-14
515,Charles,Stone,mgardner@example.org,179,2024-07-02
516,Nicole,Landry,gbradley@example.com,255,2024-03-12
517,Ann,Moore,lowerykatrina@example.org,22,2026-01-31
518,Jennifer,Russell,juanreynolds@example.net,183,2023-06-13
519,David,Gomez,colincannon@example.org,235,2026-06-22
520,Jessica,Clements,derekthomas@example.org,239,2024-05-11
521,Amanda,Perez,wyattdavid@example.com,85,2024-04-15
522,Jason,Smith,kimberlymanning@example.com,267,2023-08-29
523,Tyrone,Curry,holly38@example.com,35,2023-01-18
524,Corey,Davis,bmathews@example.org,187,2026-12-10
525,Mitchell,Rios,rwolf@example.com,243,2025-07-11
526,Cynthia,Lopez,terri30@example.com,141,2024-09-17
527,Peter,Adams,ricky74@example.com,249,2025-10-01
528,Erica,Pratt,robert81@example.net,72,2023-03-24
529,Jessica,Ray,atkinsscott@example.com,79,2026-09-23
530,Jennifer,Finley,vincentjillian@example.com,30,2025-12-31
531,Jared,Richardson,leah82@example.org,44,2025-07-10
532,Patricia,Stewart,blakecalvin@example.com,234,2024-03-05
533,Timothy,Munoz,ilester@example.net,49,2023-09-13
534,Brooke,Ponce,alyssarose@example.net,131,2025-04-03
535,Tammy,Hamilton,chelsea04@example.org,239,2024-05-16
536,Sophia,Jackson,rogerssandra@example.org,249,2025-10-30
537,Christopher,Miller,wjohnson@example.org,17,2023-08-16
538,Victoria,Khan,jbutler@example.com,259,2023-01-09
539,Cathy,Smith,carrie27@example.com,33,2026-02-28
540,Michael,Jackson,ocampbell@example.com,102,2025-02-03
541,Shelby,Combs,amanda19@example.org,269,2026-08-14
542,Dawn,Rodriguez,wdaniels@example.org,228,2023-09-07
543,Sylvia,Montgomery,hmccullough@example.com,38,2025-03-30
544,Robert,Harris,vochoa@example.net,254,2023-06-13
545,Deanna,Warren,palmerchristine@example.net,217,2026-12-10
546,Chelsea,Campbell,johnsonjerry@example.org,138,2026-10-25
547,Michelle,Rodriguez,cummingsjennifer@example.net,228,2024-06-05
548,Amber,Roberson,nschmidt@example.net,196,2023-11-23
549,Tara,Booker,amanda50@example.org,8,2026-07-01
550,Carol,Nunez,david83@example.org,271,2024-03-04
551,Jerry,Lambert,thomastiffany@example.com,258,2024-05-31
552,Jose,Payne,fdodson@example.org,1,2025-01-04
553,Jill,Mitchell,julie19@example.net,109,2026-11-22
554,Chase,Sandoval,kathleen23@example.com,174,2023-12-03
555,Curtis,Hernandez,rachelmcdonald@example.com,153,2023-09-30
556,Jason,Gentry,spencerjessica@example.com,20,2024-09-07
557,William,Pena,luismcintyre@example.com,215,2023-12-20
558,Brooke,Chavez,connorbecker@example.net,103,2024-05-08
559,Heather,Newman,samanthahill@example.com,266,2025-12-07
560,James,Lambert,tylerlowe@example.net,26,2025-02-14
561,Lauren,Barrett,noah94@example.net,240,2024-07-14
562,Angela,Rivera,pedro11@example.net,237,2023-05-27
563,George,Cervantes,uperry@example.org,61,2024-07-02
564,Rebecca,Bailey,chapmandeborah@example.org,267,2025-06-25
565,Todd,Roberts,paul07@example.com,227,2023-06-17
566,Andrea,Garcia,xkramer@example.com,250,2024-02-22
567,Nancy,Dixon,cathypeterson@example.net,285,2024-12-20
568,Leslie,Mejia,floresmichael@example.org,16,2023-02-15
569,Jose,Gray,moralesrichard@example.org,34,2025-06-14
570,Amanda,Ayala,simsbradley@example.org,247,2025-04-12
571,Anthony,Watkins,bryanandre@example.com,134,2026-10-10
572,Sandra,Brown,ubrown@example.com,51,2024-01-17
573,Stephanie,Carroll,oestrada@example.net,185,2023-03-21
574,Steven,Gonzalez,jennifer54@example.net,229,2025-11-17
575,Ashley,Wilson,ethancarlson@example.net,290,2026-11-13
576,Andrew,Miller,waltonbianca@example.com,28,2023-09-30
577,James,Stevens,scottnatasha@example.com,54,2023-12-02
578,Michael,Curtis,williamturner@example.net,99,2025-02-05
579,Julie,Smith,vincentcollins@example.com,40,2023-01-24
580,David,Carlson,edwardsteresa@example.com,40,2023-09-13
581,Randy,Barton,isexton@example.com,81,2026-06-10
582,Patricia,Daniels,connerchristine@example.net,46,2023-08-09
583,Leah,Lopez,jonathon55@example.com,121,2023-06-27
584,Kathryn,Martinez,mmoore@example.org,150,2024-11-02
585,Elizabeth,Gomez,melissa30@example.net,237,2024-06-10
586,Christopher,Wallace,pittmanscott@example.net,79,2024-03-09
587,Randall,Moore,nicole23@example.com,137,2024-04-16
588,Leroy,Campbell,lindsay90@example.org,51,2025-08-15
589,Wesley,Tucker,heatherlee@example.net,150,2024-04-21
590,Lisa,Hahn,tammycannon@example.org,157,2024-02-05
591,Kristen,Lopez,monroeshannon@example.org,190,2024-12-10
592,Charles,Matthews,greencynthia@example.com,95,2025-06-03
593,Rhonda,Moore,kkeith@example.com,236,2023-03-04
594,Andrew,Pearson,timothyharris@example.net,196,2025-08-25
595,Lauren,Parker,laurenjimenez@example.org,191,2026-06-17
596,Martin,Duffy,naustin@example.com,42,2024-06-12
597,Christopher,Mann,wday@example.net,65,2025-07-29
598,Scott,Parker,jonesjulie@example.net,177,2026-06-03
599,Gregory,Jimenez,myersdonald@example.com,246,2025-10-24
600,Vanessa,Quinn,garzajames@example.org,90,2026-11-24
601,Tommy,Montgomery,woliver@example.com,132,2025-01-06
602,Jaclyn,Ruiz,joshua56@example.org,266,2024-08-15
603,Cheryl,Christensen,collinsdaniel@example.com,190,2023-12-13
604,Susan,King,john14@example.net,153,2025-06-16
605,Anita,Phelps,yyork@example.net,199,2026-05-08
606,Ernest,Cummings,buckaaron@example.com,212,2025-12-27
607,Catherine,Kim,carterwayne@example.org,270,2025-07-19
608,Brandon,Hodge,andersonkristen@example.org,167,2023-09-30
609,Johnathan,Johnson,traviscarrie@example.com,46,2024-06-13
610,Ronald,Gregory,sarahkemp@example.net,141,2025-01-30
611,Sarah,Johnson,maria09@example.com,170,2026-03-22
612,William,Brady,michael37@example.org,168,2025-09-23
613,Sarah,Griffin,paul59@example.org,222,2025-08-06
614,Kelli,Meyer,markfreeman@example.net,65,2023-11-23
615,Jasmine,Brooks,woodwardrobert@example.com,9,2026-07-16
616,Erika,Brown,bradshawteresa@example.net,179,2025-05-08
617,Christine,Barry,cdavila@example.org,11,2025-06-04
618,Carol,Parker,doylenicole@example.com,88,2026-07-21
619,Martin,Brown,justin45@example.org,262,2025-06-14
620,James,Short,lisa93@example.net,123,2026-05-15
621,Caitlin,Santos,hendersonhunter@example.com,203,2024-09-11
622,Stephanie,Stevens,gmiller@example.net,36,2025-05-20
623,Courtney,Simon,laurenprice@example.com,13,2023-07-13
624,Steven,Kline,sherry07@example.net,23,2024-02-03
625,Melanie,Ramsey,dlewis@example.org,255,2025-04-12
626,Norma,Jones,clarence52@example.com,84,2025-10-15
627,Alexandra,Bolton,xmason@example.net,209,2026-10-01
628,Joshua,Rivera,jenniferwilson@example.net,1,2024-06-14
629,Mark,Parks,ogonzales@example.com,194,2025-02-24
630,Devin,Palmer,andreabarajas@example.org,268,2026-10-10
631,Jerry,Orozco,jeffreybaker@example.com,12,2023-07-14
632,Christian,Vasquez,nmartinez@example.net,281,2026-09-15
633,Jermaine,Vega,jimmy66@example.com,79,2024-12-07
634,Melvin,Adams,alexsloan@example.net,216,2026-07-28
635,Michael,Martin,dmarshall@example.net,230,2026-05-20
636,Nicole,Thompson,thomasmathew@example.com,260,2026-04-11
637,Danielle,Christian,jennifer71@example.com,30,2026-12-26
638,Matthew,Johnson,xgould@example.com,153,2026-12-09
639,Samuel,Newton,karenreyes@example.net,74,2024-10-23
640,Jerry,Duncan,phillipphillips@example.org,35,2026-12-29
641,Paul,Robertson,mckinneyjustin@example.net,75,2023-10-12
642,Erin,Jones,phillipssteve@example.com,129,2023-02-12
643,Dawn,Parker,novakaustin@example.org,107,2023-01-01
644,Christopher,Haynes,angelmoore@example.net,107,2025-07-11
645,John,Cox,boonenicole@example.com,123,2025-12-03
646,Mark,Pennington,jessica53@example.com,27,2025-05-19
647,Aaron,Hunt,bookersierra@example.com,236,2025-02-10
648,Tonya,Hunt,heatheraguilar@example.org,17,2024-11-27
649,David,Murphy,curtis14@example.com,147,2025-06-26
650,Nicholas,Cobb,john87@example.com,232,2024-08-06
651,David,Lewis,james97@example.com,41,2026-07-27
652,Ryan,Wiley,xlawson@example.net,224,2026-11-02
653,Anthony,Sullivan,pattersonsheila@example.org,9,2025-02-01
654,Zachary,Allen,sharonnixon@example.net,55,2023-12-09
655,Michael,Henderson,villajessica@example.org,271,2024-08-26
656,Kevin,Miles,timothy44@example.net,280,2024-05-27
657,Ashley,Jimenez,rowlandcarmen@example.net,88,2023-04-24
658,John,White,whitedouglas@example.org,142,2025-07-22
659,Tina,Simmons,christine60@example.org,74,2026-09-17
660,Veronica,Lowery,william02@example.com,197,2023-02-22
661,Kristina,Perez,kristieverett@example.com,253,2023-07-13
662,Denise,Bowman,jenniferholmes@example.net,38,2024-12-14
663,Margaret,Smith,grace61@example.net,163,2025-09-17
664,Amanda,Blair,davidgarcia@example.com,229,2026-09-20
665,Michelle,Williamson,robinsonadam@example.org,276,2023-04-08
666,Linda,Gutierrez,adam44@example.org,95,2024-01-28
667,Lynn,Smith,wrightamanda@example.net,146,2024-03-10
668,Kimberly,Johnson,phampaul@example.org,276,2025-07-10
669,Kendra,Watson,michaelsmith@example.net,172,2023-04-14
670,Kristen,Reynolds,jeremiah08@example.com,286,2026-10-04
671,Natalie,Ayala,swansonsarah@example.org,257,2026-04-30
672,Paul,Miller,xpatterson@example.org,267,2024-07-15
673,William,Huber,christinagriffin@example.com,193,2023-04-09
674,Christopher,Ruiz,oweaver@example.net,50,2025-03-11
675,Luke,Smith,smithjoshua@example.net,232,2023-11-17
676,Janet,Barker,househoward@example.org,18,2023-10-13
677,Kelly,Gardner,bradcollins@example.org,90,2023-03-10
678,Gregory,Reese,krystalschmidt@example.com,82,2024-06-18
679,Christina,Dixon,jenniferscott@example.com,148,2026-11-03
680,John,Benjamin,gmyers@example.org,9,2025-09-05
681,Teresa,Smith,martinezdaniel@example.org,20,2024-05-19
682,Patricia,Aguirre,josephsimpson@example.net,249,2026-06-15
683,Daniel,Anderson,lawsondanielle@example.com,137,2026-08-23
684,Kimberly,King,wallacelarry@example.net,70,2025-09-20
685,Kendra,Woods,dylanwagner@example.com,182,2025-04-10
686,Margaret,Sanchez,joshuaserrano@example.org,196,2023-12-21
687,Nicole,Hoffman,christine92@example.org,70,2024-05-05
688,James,Garcia,tonyhowell@example.org,1,2023-07-15
689,Kevin,Cruz,cheyenneperez@example.net,26,2023-12-20
690,Lisa,James,daniel74@example.com,183,2026-05-22
691,Bethany,Garza,jamesaguilar@example.org,121,2023-12-21
692,Mark,Davidson,alewis@example.org,20,2024-09-09
693,Joshua,Wells,mroberts@example.org,144,2025-05-05
694,Barry,Perry,rscott@example.com,13,2024-04-22
695,David,Hernandez,jessicacarlson@example.org,167,2023-02-02
696,Michael,Ruiz,tapiadavid@example.org,294,2023-06-09
697,Jacob,Hamilton,fcunningham@example.com,124,2026-01-09
698,Dennis,Parsons,jamesmiller@example.net,24,2024-05-06
699,Joshua,Russell,gclark@example.com,251,2026-02-10
700,Rebecca,Alvarez,powellwesley@example.org,59,2025-08-30
701,Benjamin,Ramirez,dianeallen@example.org,17,2024-07-05
702,Nicole,Edwards,eowens@example.com,288,2025-02-18
703,Samantha,Flores,brookstiffany@example.com,140,2024-08-02
704,Kelly,Murphy,alanmontgomery@example.com,139,2026-11-08
705,Rachael,Mcneil,jessica37@example.com,246,2024-02-01
706,Brianna,Spencer,wwilson@example.com,200,2023-02-01
707,Dana,Hopkins,harrisdavid@example.net,5,2024-05-05
708,Cynthia,Nunez,herrerajacob@example.com,113,2026-03-05
709,Catherine,Morris,singletonvirginia@example.net,190,2024-12-09
710,Amber,White,lawrencebelinda@example.net,37,2026-06-20
711,Ivan,Warren,ccarey@example.org,133,2024-01-04
712,Breanna,Robertson,wpayne@example.org,145,2026-03-15
713,Cassandra,Townsend,darrensampson@example.org,41,2023-07-04
714,Michele,Logan,ybrowning@example.com,185,2025-07-04
715,Eddie,Mayer,jacquelinevega@example.net,165,2026-01-22
716,Michelle,Bray,fordkenneth@example.com,83,2023-06-23
717,Jill,Wallace,inunez@example.org,62,2023-10-27
718,David,Kennedy,jennifer17@example.net,142,2025-03-13
719,Mark,Daniels,jasonholmes@example.org,209,2023-03-02
720,Vincent,Smith,kristinmartinez@example.net,147,2025-01-06
721,Johnny,Ellis,coxjennifer@example.org,162,2025-02-18
722,Daniel,Baker,sbates@example.com,260,2026-06-12
723,Cynthia,Douglas,samanthajones@example.org,150,2025-03-26
724,James,Hardy,susan78@example.net,282,2023-10-12
725,Gregory,Sutton,fitzpatrickariana@example.org,46,2026-04-29
726,Robert,Gould,agonzalez@example.org,65,2026-02-18
727,Jason,Rivera,nleonard@example.org,65,2024-09-17
728,James,Johnston,xdennis@example.net,128,2026-08-15
729,Mary,Kirby,brennangabriel@example.org,107,2024-03-19
730,Emma,Bowen,bkim@example.net,93,2026-05-12
731,Donna,Wise,tammygonzalez@example.net,117,2026-05-06
732,Roger,Kelly,thomasmoses@example.com,17,2024-02-19
733,Deborah,Little,clarkvictoria@example.net,49,2023-11-08
734,James,Stout,jonesalicia@example.org,54,2024-05-02
735,Denise,Key,anthonyevans@example.org,58,2024-07-29
736,Richard,Cooper,owhite@example.com,171,2025-12-14
737,Matthew,Jackson,mark91@example.net,202,2023-05-18
738,Kevin,Combs,lisa87@example.net,50,2025-02-26
739,Jaclyn,King,mark08@example.org,64,2025-11-19
740,Alexander,Mercado,dawn38@example.org,49,2024-01-28
741,Matthew,Jackson,xschroeder@example.com,205,2023-04-09
742,William,Waters,wrightbrianna@example.com,113,2024-05-17
743,Joshua,Nelson,jessicamoore@example.com,74,2025-08-10
744,Tara,Smith,aaron04@example.net,96,2023-08-29
745,Tonya,Leon,ebony53@example.net,98,2023-12-20
746,Anthony,Fowler,jacobgonzalez@example.org,42,2026-06-10
747,Dylan,Garcia,ygrant@example.com,52,2026-07-02
748,Kristy,Brown,ylara@example.com,47,2023-12-05
749,Amy,Moran,jennifer85@example.com,118,2026-04-25
750,Karen,James,brownlaurie@example.net,151,2025-05-21
751,Brandy,Walsh,davidsloan@example.org,8,2023-07-21
752,Heather,Griffin,jonesnathan@example.org,125,2024-03-27
753,Kelsey,Fields,townsendjoann@example.net,281,2023-06-22
754,Jennifer,Malone,tstewart@example.org,57,2024-05-15
755,Charles,Rush,nmoore@example.com,122,2025-07-27
756,Nicole,Obrien,amanda00@example.net,244,2024-03-10
757,Philip,Diaz,ramosmargaret@example.org,192,2024-08-27
758,Chelsea,Hendricks,acollins@example.com,155,2026-09-08
759,Jonathon,Clark,aeaton@example.com,174,2026-04-30
760,Joshua,Young,austinlawson@example.com,165,2026-12-16
761,Cassandra,Villarreal,marcusmyers@example.com,58,2026-01-20
762,Jack,Davis,fgomez@example.org,110,2024-05-06
763,Leah,Sweeney,kharper@example.net,195,2026-01-10
764,Charles,Mason,morgan84@example.org,296,2023-09-27
765,Pam,Jackson,taylorkristina@example.net,7,2026-03-28
766,Alicia,Jones,carriemyers@example.net,107,2026-07-24
767,Kevin,Arnold,robertbonilla@example.org,9,2024-11-18
768,Karla,Cooley,ellenchapman@example.com,121,2024-09-30
769,Joshua,Oneal,jasonsmith@example.com,121,2026-10-30
770,Richard,Hamilton,joseph42@example.net,270,2025-04-01
771,Nathan,Phillips,thomas61@example.com,53,2025-10-05
772,Joseph,Williams,megansmith@example.org,19,2023-11-20
773,Mark,Webb,samuelhicks@example.org,20,2025-04-20
774,Douglas,Hendricks,sadams@example.com,132,2024-06-14
775,Tyler,Richardson,reyesjennifer@example.org,108,2023-08-24
776,Allen,Arnold,jeremywise@example.net,172,2026-08-14
777,Martin,Gonzalez,gcarroll@example.com,30,2025-10-23
778,Paul,Smith,dennisfowler@example.com,102,2024-01-27
779,Kimberly,Stephenson,acunningham@example.net,167,2026-02-11
780,Ronnie,Becker,alexander51@example.com,57,2023-11-08
781,Jennifer,Henderson,pamelamoon@example.org,140,2025-06-28
782,Dominique,Jennings,carterjames@example.org,34,2023-12-18
783,Priscilla,Guerrero,icuevas@example.org,25,2024-06-04
784,Timothy,Fletcher,joseph89@example.net,272,2026-04-21
785,Michael,Johnston,ricky17@example.net,7,2026-11-10
786,Melanie,Watkins,mcollier@example.net,2,2023-05-02
787,Jodi,Lawson,hsingleton@example.org,8,2025-06-07
788,Carlos,Franco,ssilva@example.com,19,2025-05-25
789,Annette,Lopez,rhonda11@example.org,69,2026-11-06
790,Michael,Ramirez,ryanbates@example.com,131,2023-11-02
791,Tiffany,Watts,wesley98@example.com,147,2024-10-07
792,Jake,Ochoa,maciasthomas@example.com,49,2026-05-06
793,Melissa,Stewart,kellycolleen@example.net,62,2025-10-25
794,Mary,Cannon,wparker@example.net,192,2026-08-25
795,Renee,Fernandez,bhicks@example.net,291,2023-07-14
796,Bobby,Newman,mlynn@example.org,277,2023-11-06
797,Gary,Perez,heathercombs@example.net,184,2023-01-06
798,Eric,Taylor,farmerdaniel@example.org,134,2023-09-26
799,Daniel,Gonzalez,richardross@example.org,246,2024-11-21
800,Tamara,Arnold,mayjessica@example.org,225,2026-10-12
801,Catherine,Wright,rjohnson@example.net,252,2025-10-30
802,Elijah,Johnson,kimberly04@example.org,39,2025-09-13
803,Michelle,Lewis,qrhodes@example.com,64,2024-08-09
804,Cheryl,Ball,amber91@example.net,153,2023-12-24
805,Melvin,Baker,carneycharles@example.com,113,2026-12-18
806,Steven,Clay,jonathan98@example.org,66,2023-05-19
807,Christopher,Hicks,housejasmine@example.com,146,2024-09-30
808,Jake,Smith,moorewilliam@example.com,267,2025-03-03
809,Joshua,Cuevas,gweaver@example.org,207,2025-02-25
810,Joseph,Brown,rjackson@example.net,206,2025-08-24
811,Elizabeth,Lucero,kchristian@example.org,77,2023-02-05
812,Brenda,Rivera,taylordecker@example.com,149,2023-05-12
813,Robert,Brewer,johnhutchinson@example.com,148,2026-09-20
814,Elizabeth,Jordan,dmora@example.net,132,2025-08-28
815,Lisa,Mcdonald,tjohnson@example.org,95,2025-01-14
816,Anthony,Guerrero,christophermay@example.com,207,2025-11-20
817,Diane,Bryan,michael67@example.com,229,2023-09-10
818,Jesus,Drake,cody49@example.org,249,2024-05-09
819,Paul,Curtis,maria19@example.net,156,2025-01-01
820,Debbie,Hernandez,zgeorge@example.org,244,2024-07-19
821,Joshua,Schmidt,iflowers@example.net,85,2024-12-07
822,Sharon,Shea,traviscalhoun@example.org,247,2025-10-22
823,Angel,Finley,hpham@example.com,16,2024-07-17
824,Cindy,James,robertsondanielle@example.com,55,2026-03-19
825,Ian,Smith,pdavis@example.org,62,2026-04-08
826,John,Meadows,james82@example.org,291,2026-10-19
827,William,Sawyer,normanjohnny@example.com,216,2023-10-21
828,Joshua,Dennis,evansheather@example.com,250,2025-11-14
829,Rebecca,Sellers,llewis@example.net,174,2023-01-09
830,Elizabeth,Rasmussen,andrewpierce@example.com,35,2023-04-30
831,Russell,Tucker,anthonywhitaker@example.net,290,2026-03-18
832,Robert,Phillips,trevor39@example.org,247,2026-09-26
833,Jessica,Perez,matthewturner@example.com,285,2026-03-06
834,Mark,Thompson,nicole08@example.com,285,2024-03-25
835,John,Rowe,hayesandrew@example.org,138,2026-10-03
836,Frank,Schwartz,griffinandre@example.org,106,2024-10-30
837,Mark,Randolph,wwang@example.org,103,2023-09-03
838,Tiffany,Smith,bcabrera@example.com,218,2025-07-28
839,Erica,White,jodijohnson@example.org,146,2024-03-10
840,Evan,Oliver,lawrencekevin@example.net,90,2025-02-15
841,Andrew,Ford,garrettantonio@example.com,83,2023-03-10
842,Shelby,Allen,eric75@example.org,243,2023-03-22
843,Craig,Adams,tquinn@example.com,53,2023-04-14
844,Justin,Fleming,mitchellnicole@example.com,259,2024-02-29
845,Amber,Hernandez,dpalmer@example.org,85,2024-02-13
846,Dennis,Thomas,hayden15@example.com,71,2024-05-28
847,Kerry,Hernandez,amysullivan@example.com,202,2023-10-31
848,Jennifer,Gonzalez,joshua53@example.com,164,2024-10-21
849,Amanda,Fischer,thomaselijah@example.net,110,2026-07-01
850,Linda,Oconnor,stephensongregory@example.net,122,2026-03-24
851,Eric,Petersen,ncaldwell@example.com,241,2024-08-13
852,Stephanie,Petty,ramirezkevin@example.org,188,2026-05-20
853,Lisa,Butler,bprice@example.net,99,2023-08-05
854,Kyle,Thomas,andrewbender@example.net,268,2026-05-04
855,Danielle,Anderson,dustincurry@example.org,138,2025-04-03
856,Heather,Moore,christopher59@example.net,49,2023-05-09
857,Nathan,Johnson,fostertimothy@example.net,213,2024-03-30
858,Lisa,Hoover,nreed@example.com,252,2023-12-19
859,Raymond,Miller,lwright@example.org,205,2023-05-16
860,Hannah,Thompson,fsimmons@example.com,279,2026-09-28
861,Alexander,Chase,bishopkaren@example.com,215,2026-11-13
862,Regina,Gonzales,hmaynard@example.net,77,2026-04-03
863,Danielle,Thompson,thomaslarson@example.net,247,2026-06-25
864,David,Mora,kyle69@example.net,28,2026-06-20
865,David,Shaw,gleon@example.org,65,2023-05-18
866,Peter,Mejia,jhernandez@example.net,287,2025-10-13
867,Paul,Lopez,christopher99@example.net,95,2025-11-08
868,Kathryn,Jackson,qbecker@example.org,148,2025-07-24
869,Sue,Gonzalez,erobinson@example.net,222,2024-12-03
870,Kayla,Wells,cvega@example.org,116,2024-01-17
871,Gregory,Roberts,shepherderic@example.net,17,2026-06-09
872,Denise,Stark,nicole32@example.org,19,2026-10-17
873,Nathan,Estrada,rachelmcgee@example.net,53,2025-12-24
874,Patricia,Williams,baileyjennifer@example.com,274,2026-10-04
875,Denise,Green,bbell@example.com,8,2023-04-14
876,Daniel,Williams,jessica21@example.net,44,2023-10-24
877,Tina,Hughes,stevensjeremiah@example.net,27,2025-01-21
878,Sherri,Boyd,mortonzachary@example.com,3,2026-04-25
879,Tracie,Cabrera,tavery@example.org,186,2024-05-18
880,Michael,Tran,evanmueller@example.com,271,2024-04-09
881,Laura,Mann,cohenjames@example.com,163,2024-11-15
882,Darryl,Gillespie,zacharymelendez@example.org,144,2026-01-10
883,Caroline,Schmidt,andrew56@example.org,197,2024-10-04
884,Kenneth,Wagner,terrellbrittney@example.com,262,2025-08-12
885,Robin,Ellison,rachel67@example.com,291,2023-03-06
886,Candace,White,frank05@example.com,70,2024-12-16
887,Amanda,Jones,tony49@example.org,246,2026-06-15
888,Julie,Jenkins,zcervantes@example.net,60,2023-12-26
889,Rebecca,Berger,lewisamy@example.org,21,2023-06-08
890,Matthew,Cooley,skhan@example.org,163,2024-10-21
891,Angela,Graham,toddrussell@example.com,283,2025-03-17
892,Rhonda,Anderson,sonya35@example.com,2,2026-12-28
893,Christopher,Fletcher,lmoody@example.net,231,2023-12-03
894,Stephanie,Henry,jillianjones@example.com,183,2025-11-13
895,Thomas,Glass,uirwin@example.org,77,2026-01-10
896,Ryan,Frey,leamber@example.net,83,2025-03-14
897,Richard,Morse,andersonvicki@example.org,178,2025-12-05
898,Audrey,Fisher,christian11@example.org,39,2025-11-12
899,David,Mack,allen15@example.com,192,2026-10-29
900,Cathy,Stevens,daniel09@example.com,56,2023-03-24
901,Eric,Williams,gsanchez@example.net,149,2023-01-27
902,Heather,Ramos,dennislarson@example.com,81,2024-12-20
903,Sarah,Hill,joshuaterry@example.org,54,2026-10-25
904,Edwin,Lee,stevenbeck@example.org,189,2023-07-26
905,Joshua,Warren,carpenterjoseph@example.net,78,2025-04-16
906,Nancy,Proctor,susan85@example.net,61,2025-11-18
907,Jennifer,Smith,dylan00@example.org,214,2023-10-08
908,Lauren,Strickland,avega@example.net,97,2024-02-03
909,Douglas,Snyder,thomas06@example.org,225,2026-08-02
910,Ivan,Craig,mthompson@example.com,202,2026-11-12
911,Travis,Vega,ycarr@example.com,10,2025-07-21
912,Michele,Blanchard,dchavez@example.org,135,2024-08-31
913,Katherine,Morrison,rachellewis@example.net,1,2023-04-05
914,Margaret,Roberts,lyoung@example.net,260,2026-12-03
915,Vincent,Gutierrez,wadebrittany@example.com,201,2025-02-26
916,William,Smith,mike76@example.net,203,2025-12-05
917,Jean,Howard,thomasmichael@example.com,20,2023-08-04
918,Destiny,Clements,sharon19@example.net,188,2024-09-20
919,Richard,Lewis,kathybarker@example.net,142,2024-01-26
920,Sandra,Owens,hharvey@example.com,203,2023-10-14
921,Maxwell,Rodriguez,david18@example.org,134,2026-06-09
922,Jeremiah,Zuniga,goldenrussell@example.org,268,2026-03-04
923,David,Hayes,amandasims@example.org,159,2024-11-12
924,Megan,Walker,sharon84@example.org,112,2024-08-24
925,Ronnie,Hill,nancynixon@example.net,103,2026-11-05
926,Debra,Aguilar,kylewilson@example.com,186,2025-05-28
927,Katherine,Morris,pweiss@example.com,21,2023-07-05
928,Meagan,Taylor,xsmall@example.org,191,2024-01-11
929,George,Padilla,daniel61@example.com,112,2023-09-24
930,Alex,Adams,tracy06@example.net,123,2025-07-24
931,Dominique,Dean,suzanne43@example.net,72,2024-10-13
932,Jacob,Rosales,cody22@example.com,255,2026-10-28
933,William,Campbell,balljustin@example.com,207,2025-04-24
934,Teresa,Macias,sheilamaldonado@example.org,34,2023-05-20
935,Brian,Davis,jenkinskaitlyn@example.net,52,2026-05-25
936,James,Hernandez,ldaniels@example.com,223,2026-10-09
937,James,Mejia,vasquezstephanie@example.org,183,2024-12-14
938,Lindsey,Blair,joseph49@example.net,211,2024-12-21
939,Linda,Foster,owensmichelle@example.com,202,2023-10-08
940,James,Price,bmckinney@example.net,115,2023-09-18
941,Donald,Simpson,bruce04@example.net,14,2025-01-21
942,William,Blanchard,imason@example.net,84,2023-01-22
943,Jacob,Benton,lopezangela@example.com,121,2026-04-05
944,Heather,Garcia,kingcarol@example.org,21,2025-05-23
945,Teresa,Oneal,flemingmichael@example.com,57,2023-02-15
946,Allen,Walker,martineztimothy@example.net,150,2023-10-17
947,Kimberly,Sanders,dmitchell@example.com,223,2023-12-23
948,Alyssa,Marshall,michele77@example.net,182,2025-06-18
949,Terrence,Powers,bwarren@example.net,93,2026-06-07
950,Sara,Douglas,gabriela57@example.com,217,2023-02-05
951,Jenny,Russell,mroman@example.org,197,2023-09-19
952,Michael,Perry,hannapatrick@example.net,243,2025-08-17
953,Patricia,Gonzales,courtney33@example.com,117,2026-01-31
954,Gabriel,Hall,amberhicks@example.com,198,2025-04-01
955,Lisa,Williams,yparker@example.net,148,2025-05-22
956,David,Myers,allisonsullivan@example.com,29,2025-02-02
957,Thomas,Bartlett,taylorgreen@example.org,60,2023-03-11
958,James,Boyle,graymatthew@example.com,87,2026-07-24
959,Brad,Armstrong,jessica69@example.com,37,2026-07-02
960,Michelle,Lewis,christensenheather@example.com,111,2025-12-04
961,Angie,David,johnlane@example.net,209,2025-04-14
962,Jennifer,Davis,owensdavid@example.org,283,2023-05-20
963,Shelly,Moreno,richardsonjuan@example.org,137,2024-07-01
964,Susan,Jones,vmassey@example.org,266,2024-08-04
965,Kristen,Taylor,james21@example.com,189,2025-12-18
966,Robert,Mitchell,zhenry@example.net,296,2024-07-02
967,Bradley,Mcgrath,csmith@example.org,117,2023-10-14
968,Vanessa,Lewis,millerchristopher@example.com,28,2023-03-23
969,Deborah,Steele,shannon72@example.org,130,2026-02-16
970,Lindsey,Washington,jeremy84@example.net,263,2026-06-03
971,Raymond,Greene,oboone@example.net,148,2026-07-19
972,Howard,Wilcox,donnasmith@example.com,21,2023-01-20
973,Andrea,Chambers,madison39@example.net,209,2024-10-01
974,Carl,Arroyo,williamhughes@example.com,59,2026-01-04
975,Teresa,Robbins,sheila34@example.com,129,2023-02-15
976,Jeffrey,Maynard,beth72@example.org,197,2023-04-08
977,Nancy,Davis,rodriguezcarolyn@example.org,86,2025-04-16
978,Anne,Ramos,paul13@example.net,229,2026-08-07
979,Devon,Peters,valdezgeorge@example.org,160,2024-09-30
980,Maria,Garrett,timothykelley@example.org,192,2026-06-13
981,Daniel,Flores,kristenhale@example.net,236,2024-07-08
982,Michael,Pittman,curtisalexander@example.com,284,2023-09-29
983,Jason,Walsh,emilythomas@example.org,244,2026-11-22
984,Kevin,Mercado,yfigueroa@example.com,100,2023-05-01
985,Michelle,Miller,imartinez@example.com,242,2025-07-02
986,Todd,Baker,qbird@example.org,259,2025-12-14
987,Alyssa,Henry,jschroeder@example.org,176,2023-10-09
988,Teresa,Thomas,nancy74@example.net,150,2026-07-30
989,Sierra,Henry,ahartman@example.net,143,2023-09-16
990,Angela,Oneal,gonzaleskatie@example.org,35,2023-12-17
991,Joshua,Jones,efowler@example.org,179,2024-11-08
992,Lawrence,Davis,bwilson@example.com,43,2024-07-31
993,Brittany,Peterson,alexandrakaufman@example.com,257,2023-03-23
994,Michael,Simmons,emily23@example.net,100,2026-12-21
995,Joseph,Huff,gene31@example.com,262,2023-09-19
996,Bruce,Lewis,ambermccarty@example.org,23,2024-03-21
997,Amanda,Morales,eric18@example.com,254,2023-08-18
998,Ashley,Alexander,stephanie31@example.org,245,2025-02-13
999,Anne,Flores,edean@example.com,291,2026-04-11
1000,Cody,Morris,karencarter@example.net,114,2023-09-14
1001,Margaret,Bryan,ashleypowell@example.net,220,2025-10-26
1002,Jill,Hernandez,ylopez@example.org,63,2025-03-17
1003,Eric,Bradford,rclements@example.net,183,2023-08-12
1004,Matthew,Bennett,jacquelinereed@example.org,43,2025-09-15
1005,William,Johnson,tjackson@example.org,143,2025-02-25
1006,James,Hardin,hudsonmia@example.com,35,2024-07-15
1007,Logan,White,jerry61@example.org,184,2025-06-14
1008,Amy,Perry,johnnorris@example.org,87,2023-09-14
1009,Matthew,Jones,leetoni@example.net,53,2026-04-30
1010,Theresa,Weaver,ian22@example.net,219,2026-06-25
1011,John,Matthews,ehorn@example.com,8,2026-01-07
1012,Denise,Rivera,dennisgonzalez@example.org,44,2024-07-13
1013,Erin,Garcia,johnsondanny@example.org,134,2023-07-16
1014,Joseph,Gill,linda48@example.org,253,2026-11-25
1015,Maria,Martin,wvelez@example.com,284,2025-09-20
1016,Matthew,Garcia,rebecca49@example.net,155,2025-03-26
1017,Victoria,Lewis,joseph05@example.org,85,2023-01-25
1018,Shawn,Anderson,andreaparker@example.net,224,2023-03-31
1019,Michael,Mullen,john58@example.net,285,2026-11-18
1020,Julie,Miller,andreshogan@example.com,32,2026-05-24
1021,Ethan,Murphy,kaylapalmer@example.net,5,2026-11-15
1022,Erin,Cooke,jasongraham@example.com,278,2025-02-18
1023,Alexandra,Klein,michael47@example.com,22,2025-02-15
1024,Joseph,Williams,kathleenwise@example.org,10,2024-12-15
1025,Patrick,Brown,criley@example.net,96,2023-07-26
1026,Megan,Lewis,ureilly@example.com,191,2024-10-18
1027,Stacey,Johns,lanebrandon@example.net,95,2024-10-13
1028,Veronica,Murphy,rick36@example.net,71,2023-01-28
1029,Kimberly,Hunter,jason02@example.org,150,2026-06-30
1030,Robert,Martin,hahnkimberly@example.net,230,2024-08-21
1031,Jennifer,Rubio,markpowell@example.net,222,2026-05-23
1032,James,Jensen,linda35@example.org,38,2026-09-01
1033,Amy,Allen,jatkins@example.org,154,2024-02-22
1034,Brandon,Garcia,matthewboyer@example.net,288,2026-12-21
1035,Louis,Lyons,joneskirsten@example.net,133,2025-10-27
1036,Rita,Tran,pattonsarah@example.org,112,2023-11-06
1037,Robert,Bryant,uvincent@example.net,85,2026-10-08
1038,Michelle,Reeves,yangjoshua@example.net,139,2024-09-26
1039,Lori,Garcia,thomasjones@example.com,299,2023-05-20
1040,Jordan,Powers,carrie21@example.net,291,2024-08-08
1041,Andrew,Parker,robinsonjerry@example.org,160,2025-03-19
1042,Michael,Alexander,carolyn50@example.net,67,2025-03-11
1043,Michael,Roberts,parsonserika@example.org,44,2023-12-31
1044,Jacob,Ayala,uguzman@example.net,277,2023-02-20
1045,Alison,Robertson,taylorhill@example.org,119,2024-03-31
1046,Andrea,Petersen,castillostephanie@example.net,178,2023-06-25
1047,Brittany,Fritz,gary34@example.com,217,2025-11-25
1048,Rachel,Lewis,ramirezkristi@example.net,298,2025-02-02
1049,Kevin,Anderson,michelletucker@example.net,44,2025-02-01
1050,Frederick,Rodgers,john05@example.net,224,2026-06-25
1051,Christina,Lane,eric58@example.com,203,2024-06-18
1052,Jorge,Bruce,mitchellscott@example.com,223,2023-06-23
1053,Holly,Patel,aaronmartinez@example.com,79,2023-05-16
1054,Rachel,Lloyd,wtorres@example.com,209,2023-03-03
1055,Melissa,Williams,richardsonjamie@example.org,105,2024-05-11
1056,Jacob,Bowen,chelsea17@example.org,297,2025-12-06
1057,Diana,Brandt,lreid@example.org,46,2026-06-28
1058,Jacob,Martin,uwiggins@example.org,263,2026-06-29
1059,Andrew,Johnson,tyler50@example.net,183,2026-08-22
1060,Patricia,Jackson,tcolon@example.com,30,2024-02-19
1061,Edwin,Henderson,jessicamarshall@example.net,16,2025-04-01
1062,Russell,Brown,victormoss@example.org,34,2026-11-10
1063,Patrick,Grant,nrobinson@example.org,189,2026-05-07
1064,Julia,Wilson,belltyler@example.net,32,2023-07-17
1065,Robert,Chavez,jacobstein@example.com,215,2026-11-22
1066,Andrew,Stokes,diane66@example.com,29,2025-06-17
1067,Caroline,Stevens,wstewart@example.com,165,2025-01-02
1068,Lawrence,Horn,kenneth85@example.net,192,2025-01-02
1069,Sherry,West,victor41@example.org,7,2023-05-28
1070,Cesar,Patterson,barbaraperez@example.com,99,2023-10-04
1071,John,Gutierrez,vwilliams@example.net,70,2025-11-27
1072,Kayla,Hale,keith99@example.com,156,2025-08-07
1073,Scott,Mccarthy,wsantiago@example.com,232,2024-03-02
1074,David,Burke,stefaniethomas@example.net,175,2024-04-20
1075,Logan,Holloway,tyler53@example.net,178,2023-10-22
1076,James,Diaz,patrick73@example.net,297,2024-08-12
1077,Kevin,Lee,heather41@example.org,282,2024-04-26
1078,Sherri,Sanders,amandagonzales@example.com,110,2025-08-10
1079,Christopher,Hernandez,whaynes@example.net,288,2026-12-24
1080,Cory,Smith,salexander@example.net,197,2023-10-29
1081,Caleb,Herrera,adavis@example.net,199,2023-05-03
1082,Michael,Johnson,bryanballard@example.org,66,2023-03-21
1083,Tyler,Christensen,jensenjoshua@example.com,79,2025-05-21
1084,Grace,Brown,potterann@example.net,159,2025-02-23
1085,Debra,Dodson,lthomas@example.net,81,2024-11-04
1086,Kevin,Cole,coltonvelasquez@example.net,10,2023-11-30
1087,Veronica,Garrett,angelaramsey@example.org,207,2025-02-01
1088,Timothy,Long,hoffmanconnor@example.org,14,2025-03-30
1089,Chase,Fisher,murphytammy@example.org,170,2023-07-18
1090,Kevin,Rios,benjaminparker@example.org,31,2026-10-31
1091,Jennifer,Wilson,deborah03@example.net,175,2026-05-30
1092,Julia,Little,kelsey52@example.org,173,2026-07-27
1093,Jennifer,Kim,santanakatherine@example.com,48,2023-05-18
1094,Robert,Diaz,jenniferwright@example.org,142,2023-03-02
1095,Jacob,Vance,rwelch@example.net,247,2024-03-20
1096,Fernando,Erickson,scortez@example.com,241,2026-10-19
1097,John,Dunn,bryanwilliams@example.org,116,2023-10-02
1098,Brandi,Morales,vanessacarlson@example.org,152,2025-02-05
1099,Antonio,Savage,westes@example.net,97,2024-12-03
1100,Anthony,Hernandez,vwilliamson@example.com,6,2024-05-21
1101,Rodney,Brady,brittany18@example.net,226,2024-12-30
1102,Brandy,Lloyd,hrosales@example.net,48,2024-09-19
1103,Nicole,Gomez,marcus91@example.com,241,2024-10-03
1104,Sierra,Fuller,reynoldslori@example.net,25,2026-11-13
1105,Jacqueline,Buck,rhodesamber@example.org,132,2023-06-28
1106,Melissa,Gibson,bruceteresa@example.com,62,2023-05-10
1107,Jason,Taylor,amandagarcia@example.net,68,2026-09-12
1108,Joel,Ramirez,barajasryan@example.com,177,2024-08-07
1109,Carolyn,Pitts,jfisher@example.org,292,2025-02-10
1110,Timothy,Harper,vanessaaguilar@example.com,230,2023-07-29
1111,Tammy,Hart,eneal@example.com,112,2023-04-14
1112,Gary,Ford,cameron75@example.net,171,2026-07-03
1113,Eric,Hernandez,hillkiara@example.net,48,2025-01-23
1114,Savannah,Flores,deckermarvin@example.com,174,2025-02-19
1115,Sandra,Evans,hilllatoya@example.com,57,2023-01-18
1116,Erica,Garrison,moralesjasmine@example.org,124,2025-04-13
1117,Kevin,Richardson,vincentjohnson@example.com,170,2024-04-10
1118,Justin,Frank,kimberlylittle@example.net,162,2024-10-01
1119,Bradley,Moore,lucasjones@example.net,205,2026-05-05
1120,Benjamin,Richardson,istevens@example.org,161,2025-11-11
1121,Kelly,Peck,ieverett@example.org,269,2025-10-24
1122,Christy,Stephens,anthonyromero@example.net,136,2023-08-29
1123,Kathleen,Villarreal,osmith@example.com,136,2025-09-06
1124,Kimberly,Wilson,housejohn@example.com,83,2024-02-26
1125,Nicole,Jensen,johnsonjennifer@example.com,75,2024-01-18
1126,William,Moore,david40@example.com,278,2023-12-12
1127,Heather,Harris,qwarren@example.com,99,2026-06-24
1128,Victoria,Fuller,rebecca51@example.org,41,2023-12-15
1129,Kelly,Leon,virginiarivera@example.com,296,2025-12-25
1130,Stephanie,Evans,andersonbrian@example.org,13,2025-10-18
1131,Debra,Patel,baileylindsay@example.net,288,2026-07-09
1132,Emily,Jackson,hansenkeith@example.com,199,2023-04-26
1133,Andrea,Arnold,joshuamcconnell@example.org,254,2023-09-24
1134,Christina,Miles,ijohnson@example.org,48,2026-06-01
1135,Jason,Sanders,thenderson@example.org,103,2026-09-09
1136,Jonathan,Guerrero,ashleytucker@example.org,28,2026-10-14
1137,Michael,Weber,irandall@example.net,24,2024-03-09
1138,Martin,Anderson,browntimothy@example.net,18,2025-10-26
1139,Stephen,King,lambertdonald@example.net,111,2026-05-26
1140,Joyce,Becker,danielseric@example.com,128,2025-06-16
1141,David,Frye,whitejesse@example.com,252,2025-11-01
1142,Alexandra,Thomas,james66@example.net,188,2025-03-26
1143,Jessica,Shannon,ksilva@example.net,36,2025-10-11
1144,Thomas,Ross,qwinters@example.net,23,2026-12-04
1145,Dustin,Cortez,lindsaycarson@example.org,200,2024-02-24
1146,Brittany,Herrera,rosemacdonald@example.net,284,2025-05-31
1147,Matthew,Zamora,michael82@example.net,9,2024-04-01
1148,Kelly,Heath,inichols@example.com,75,2024-04-11
1149,Stephanie,Smith,shannon30@example.com,34,2026-09-10
1150,Ryan,Porter,elizabeth69@example.org,54,2023-06-29
1151,Henry,Holt,floresandrew@example.net,57,2024-03-24
1152,Julia,Williams,erose@example.com,286,2024-05-18
1153,Robin,Hamilton,dbuckley@example.net,243,2025-12-19
1154,Anita,Perry,imurray@example.com,170,2023-02-05
1155,Brenda,Jones,william94@example.net,130,2024-01-24
1156,Deborah,Walker,jacqueline12@example.net,117,2025-10-30
1157,Anne,Bell,flynnjohnny@example.net,192,2026-12-10
1158,Scott,Zavala,jasminecameron@example.org,126,2025-11-16
1159,Tammy,Smith,batesmichael@example.org,242,2023-12-07
1160,Janet,Moore,jeffreywood@example.com,232,2026-04-28
1161,Rhonda,Hughes,brownkelly@example.org,277,2024-06-04
1162,Stephanie,Rivera,smithvictoria@example.org,210,2026-03-03
1163,Amanda,Wallace,xdavis@example.org,136,2023-03-20
1164,Dustin,Smith,stevenparks@example.com,39,2023-10-17
1165,Amanda,Wells,matthew17@example.com,144,2023-09-30
1166,Robert,Gallegos,williamsbrenda@example.org,240,2024-08-18
1167,Jenna,Robertson,johnnycarlson@example.net,122,2023-11-04
1168,Deborah,Richardson,shaunsnyder@example.com,17,2023-08-15
1169,Elizabeth,Willis,kpeters@example.com,142,2025-03-15
1170,Anna,Leonard,rickey07@example.com,38,2025-09-22
1171,Heather,Carpenter,kimberly86@example.com,235,2024-01-06
1172,Brandon,Dennis,christinegalvan@example.org,129,2025-12-27
1173,Lori,Lewis,shall@example.org,1,2024-06-30
1174,David,Christian,parrishpaul@example.net,98,2026-03-21
1175,James,Robinson,burtonerika@example.net,217,2026-05-27
1176,Jennifer,Sutton,mvega@example.org,48,2024-04-16
1177,Brittany,Schultz,cpowell@example.org,253,2024-01-07
1178,Mallory,Jackson,smithvanessa@example.net,180,2023-05-30
1179,Michael,Lewis,carlaward@example.com,294,2024-03-11
1180,Amy,Flores,benjaminchristina@example.net,194,2023-05-03
1181,Kevin,Michael,sarah55@example.net,127,2026-11-24
1182,Tracey,Parker,fmoore@example.net,20,2024-08-29
1183,Jonathan,Gordon,huffmark@example.com,144,2023-10-04
1184,Luis,Washington,erika37@example.net,54,2026-06-03
1185,Carlos,Parker,tracy81@example.com,37,2025-08-01
1186,Brian,Richardson,dakotarogers@example.net,260,2026-07-11
1187,Pamela,Hall,wkennedy@example.org,71,2024-03-29
1188,Marvin,Hayes,zmcclain@example.com,190,2023-07-05
1189,Pamela,Frazier,rbarron@example.com,95,2026-07-27
1190,Patricia,Martinez,michaelgriffin@example.com,278,2026-12-13
1191,Patricia,Werner,berryclifford@example.org,208,2024-06-15
1192,Brad,Thomas,lrandall@example.org,254,2024-05-01
1193,John,Griffin,ubutler@example.net,67,2025-02-15
1194,Sarah,Walker,pmckinney@example.org,134,2025-06-13
1195,Tina,Mendez,traceybrown@example.com,32,2025-08-10
1196,Thomas,Saunders,morganthomas@example.org,25,2026-06-17
1197,Joshua,Davis,ashaw@example.net,110,2026-06-16
1198,Robert,Turner,dberry@example.net,289,2026-10-27
1199,Erica,Greer,kelly56@example.net,102,2023-08-24
1200,Charles,Peters,zballard@example.net,249,2025-02-25
1201,Robin,Reed,gaymichael@example.com,125,2026-08-25
1202,Melissa,Phillips,shoffman@example.org,112,2024-01-04
1203,Susan,Sharp,kayla88@example.net,170,2023-11-27
1204,Shelly,Hutchinson,shari15@example.net,15,2024-09-07
1205,Jonathan,Washington,tthomas@example.com,258,2026-07-09
1206,Elizabeth,Leach,dmartin@example.net,164,2023-03-07
1207,Jeanne,Hawkins,savannahbutler@example.org,251,2025-07-18
1208,Charles,Lopez,creid@example.com,90,2023-03-20
1209,Jimmy,Dillon,isaackennedy@example.com,146,2023-10-09
1210,Michael,Mcdaniel,cody40@example.net,114,2025-01-18
1211,Sean,Burns,shieldsthomas@example.net,138,2023-03-10
1212,Rebecca,Rogers,kblack@example.org,182,2025-06-09
1213,David,Werner,singhteresa@example.net,287,2025-07-11
1214,Janet,Moran,daniel72@example.org,51,2025-09-07
1215,Michael,Garcia,michaelparker@example.org,44,2024-11-16
1216,Sara,Jones,rodneyharmon@example.org,267,2026-01-28
1217,Douglas,Carter,otaylor@example.org,85,2023-06-07
1218,Janet,Williams,tranrachel@example.net,265,2026-09-18
1219,Antonio,Moore,david83@example.net,90,2023-07-12
1220,Jacob,Hooper,robin89@example.net,232,2025-04-10
1221,Tony,Price,john84@example.com,85,2023-03-12
1222,Christopher,Gray,scott88@example.net,141,2024-02-17
1223,Roger,Martinez,james16@example.org,41,2025-08-23
1224,Bianca,West,geoffreybailey@example.com,75,2026-03-22
1225,Stephanie,Reed,erin28@example.com,14,2025-11-04
1226,Keith,Hendricks,tsmith@example.org,83,2026-06-18
1227,Joseph,Mullen,debbie21@example.org,41,2024-09-07
1228,Crystal,Daniel,pward@example.com,204,2026-05-03
1229,Blake,Hunt,schmidtadam@example.org,232,2025-06-21
1230,Scott,Wilcox,kellykathleen@example.com,151,2023-10-08
1231,Ashley,Owens,estradaallison@example.com,130,2024-08-22
1232,Mario,Sullivan,bryan62@example.net,42,2026-05-29
1233,Thomas,Lopez,shawnwalker@example.org,101,2025-06-08
1234,Valerie,Villarreal,maryramirez@example.com,191,2025-11-18
1235,Devin,Perkins,patelcassandra@example.com,247,2025-04-14
1236,Kathryn,Shelton,wilkinskathleen@example.net,144,2024-09-19
1237,Ernest,Jones,sarah44@example.com,66,2023-02-13
1238,Tina,Leonard,lindseyglenn@example.net,185,2026-05-18
1239,Carmen,Giles,dgomez@example.net,147,2023-05-19
1240,Francisco,Hayes,jamescarney@example.org,12,2026-10-04
1241,Dawn,Davis,jbowman@example.net,183,2023-04-29
1242,Patricia,Robinson,eric66@example.com,202,2025-06-05
1243,Laura,Clay,michaelkline@example.net,158,2023-06-05
1244,Dawn,Meyers,johnallen@example.net,259,2024-07-31
1245,Laura,Sanders,barbara58@example.org,92,2025-05-25
1246,Virginia,Dean,nstokes@example.com,257,2025-04-11
1247,Sophia,Kramer,mwright@example.net,127,2025-12-19
1248,Jessica,Scott,kathryn22@example.net,286,2026-04-01
1249,Hannah,Lewis,cbradford@example.com,213,2023-12-09
1250,Kelly,Kelly,manuel69@example.org,257,2024-07-04
1251,Maureen,Harrison,salastraci@example.org,175,2024-09-29
1252,Jeremy,Smith,davidblackwell@example.com,80,2025-11-29
1253,Scott,Williams,melissa26@example.com,274,2026-01-06
1254,Gloria,Bryant,anthonygill@example.net,34,2026-02-03
1255,Tami,Johnson,marksmith@example.org,223,2026-11-03
1256,Mary,Crawford,cwolfe@example.org,3,2024-08-02
1257,Robert,Stewart,devinsmith@example.org,7,2025-11-10
1258,Mark,Garcia,moranandrew@example.net,41,2026-02-06
1259,Mark,Jenkins,susan12@example.com,212,2023-04-03
1260,Kathleen,Wall,justinhancock@example.org,286,2025-02-11
1261,Angela,Welch,alan20@example.org,16,2024-03-23
1262,Michael,Allen,timothy01@example.com,157,2025-05-04
1263,Henry,Tran,jason90@example.org,226,2026-04-23
1264,Krystal,Castillo,brian83@example.com,174,2023-01-15
1265,Hector,Gray,reedsean@example.net,82,2023-10-06
1266,Alexander,Hansen,rwilliams@example.net,183,2026-06-19
1267,Kenneth,Smith,anthonysmith@example.com,299,2024-10-28
1268,Hector,Fernandez,lynn06@example.org,99,2026-01-11
1269,Michelle,Lam,michellereid@example.net,248,2023-04-16
1270,Paula,Mcbride,woodtyler@example.com,58,2026-01-06
1271,John,Castaneda,villegasmichael@example.com,285,2025-01-23
1272,Christopher,Lawrence,lisa09@example.com,20,2026-08-24
1273,Kari,Thompson,hamptonkatherine@example.com,85,2024-05-03
1274,Stephen,Johnson,joseph23@example.com,157,2026-07-17
1275,Stephen,Freeman,uwhitehead@example.net,27,2025-09-20
1276,Tyler,Dodson,hudsoncarrie@example.com,176,2026-03-11
1277,Courtney,Watson,brenda09@example.com,261,2025-08-20
1278,Mark,Mcclure,jesus28@example.net,291,2026-03-08
1279,Tracy,White,davidflynn@example.org,116,2023-09-07
1280,Kathryn,Cuevas,william93@example.org,224,2026-03-24
1281,Roy,Drake,christytorres@example.org,156,2024-01-29
1282,Alan,Brown,jalvarez@example.org,283,2024-12-13
1283,Michael,Lee,jonesjade@example.com,52,2026-08-11
1284,Timothy,Phillips,maryrhodes@example.org,22,2025-07-11
1285,Michelle,Gutierrez,bmosley@example.org,94,2025-04-01
1286,Sandy,Keller,cfischer@example.net,163,2025-02-08
1287,Dwayne,Taylor,rayallison@example.org,275,2026-01-09
1288,Joshua,Stewart,grant27@example.net,289,2026-08-29
1289,Susan,Meyer,hayesmark@example.com,97,2024-11-08
1290,Linda,Williams,joshua31@example.org,293,2026-09-03
1291,Cheryl,Price,juliewest@example.org,172,2024-03-15
1292,Brenda,Mcintosh,fpoole@example.com,130,2024-05-25
1293,Robert,Wilson,elizabeth46@example.org,86,2023-05-06
1294,Brandy,Griffith,jennifer79@example.com,47,2025-03-23
1295,Elizabeth,Campbell,debra35@example.net,98,2026-04-02
1296,Justin,Mcknight,john23@example.org,155,2025-02-22
1297,Jeffery,Powell,johnsonnicholas@example.net,63,2023-06-11
1298,Todd,Porter,tammy73@example.net,181,2024-06-26
1299,Lindsay,Ayers,ewebb@example.net,90,2024-02-08
1300,Daisy,Moon,matthewhansen@example.com,202,2025-02-23
1301,Erin,Lewis,robin85@example.org,52,2024-03-13
1302,John,Estrada,ufischer@example.net,265,2026-11-15
1303,George,Ortiz,ywilson@example.net,26,2025-08-05
1304,Ryan,Mendez,rnunez@example.net,115,2024-01-09
1305,Joan,Frank,richard68@example.com,176,2024-11-20
1306,Annette,Johnson,lauren97@example.net,6,2026-07-27
1307,Michael,Garner,odonovan@example.net,102,2024-01-06
1308,Christopher,Bowman,steven36@example.org,211,2023-04-26
1309,Nathan,Diaz,nunezrobert@example.net,167,2024-08-20
1310,Lisa,Mcfarland,amandacalderon@example.org,250,2024-05-09
1311,Christine,Anderson,ndawson@example.com,180,2023-12-07
1312,Penny,Lopez,nancyanderson@example.org,269,2026-08-02
1313,Jason,Erickson,maynardolivia@example.org,172,2023-12-16
1314,Lisa,Davis,fosterjack@example.net,152,2026-06-04
1315,Amy,Clark,ifaulkner@example.org,21,2025-03-20
1316,Angela,Wilson,patricia90@example.com,30,2026-03-02
1317,Ashley,Franco,brittanyhendrix@example.com,273,2023-11-18
1318,Sheri,Reese,coreyhouston@example.org,236,2024-09-05
1319,Shannon,Dillon,hughessarah@example.net,87,2025-05-06
1320,Erin,Carrillo,cray@example.net,9,2025-06-01
1321,Stephanie,Hancock,xsmith@example.net,122,2024-12-29
1322,Brett,Washington,xkerr@example.net,280,2026-10-14
1323,Juan,Schneider,bushphillip@example.net,143,2026-10-18
1324,John,Fisher,betty76@example.org,166,2026-03-19
1325,Sheena,Hensley,bharper@example.org,3,2023-05-05
1326,Chase,Peterson,jacobdavis@example.net,135,2025-11-26
1327,Erin,Hill,hvasquez@example.org,192,2024-08-10
1328,Marilyn,Martinez,pagejennifer@example.com,192,2023-10-12
1329,Robert,Lopez,barryharrison@example.net,118,2025-06-09
1330,Cody,Diaz,ssmall@example.net,257,2026-03-25
1331,Mark,Simmons,pbenjamin@example.com,53,2024-07-16
1332,Ashley,Humphrey,rachel34@example.com,269,2025-07-10
1333,Todd,Ross,amandagreen@example.net,203,2026-02-03
1334,Elizabeth,Wong,qcook@example.com,160,2026-05-22
1335,Kimberly,Thompson,benjaminhernandez@example.org,62,2026-05-15
1336,Hailey,Obrien,sandra82@example.net,119,2025-04-18
1337,Patrick,Hicks,james75@example.net,197,2026-05-24
1338,Donald,Reyes,valenzuelajoseph@example.org,198,2026-02-27
1339,Alicia,Phillips,reynoldskayla@example.net,136,2023-05-08
1340,Christina,Payne,montgomeryrandy@example.net,138,2023-05-30
1341,Jonathan,Rogers,simmonsjacob@example.com,295,2025-05-20
1342,Karen,Jackson,shelley53@example.net,103,2026-08-29
1343,Jackie,Hale,hrojas@example.com,85,2025-11-26
1344,Brian,Johnson,johnperry@example.org,290,2026-11-06
1345,Louis,Mccoy,rachelriddle@example.net,103,2024-12-24
1346,Kirsten,Jones,jacksonshannon@example.com,134,2026-08-27
1347,Jeffery,Blackwell,lori48@example.org,110,2025-05-23
1348,David,Hughes,garciakyle@example.org,87,2026-02-19
1349,Gary,Salas,zsmith@example.net,43,2025-10-25
1350,Ernest,Wilson,cheyennekeith@example.net,122,2023-11-03
1351,Evan,Hall,lonnie58@example.org,69,2024-06-25
1352,Latoya,Page,mstevens@example.com,139,2025-09-29
1353,Jason,Ryan,roberta36@example.net,92,2025-06-30
1354,Jenna,Fry,jeremy29@example.org,138,2025-08-17
1355,Andrea,Jimenez,robertsmatthew@example.net,263,2026-12-12
1356,Geoffrey,Gonzalez,stevenberry@example.net,222,2026-05-18
1357,Elizabeth,Petersen,davidholland@example.com,17,2025-08-10
1358,Hannah,Werner,david46@example.org,140,2023-12-05
1359,Alyssa,Santiago,brett64@example.org,82,2024-07-07
1360,Christine,Arroyo,twalker@example.org,80,2023-08-13
1361,Virginia,Thomas,ksimpson@example.org,280,2025-11-09
1362,Sarah,Lewis,chase95@example.com,66,2026-10-01
1363,Jonathan,Newman,whitephillip@example.net,20,2024-06-19
1364,Daniel,Sanders,deniselyons@example.net,124,2023-08-06
1365,Brandon,Lynch,floresrandy@example.net,120,2023-02-09
1366,Doris,Doyle,uadams@example.org,298,2024-09-23
1367,Nicholas,Weaver,byrdfranklin@example.net,206,2025-06-01
1368,Janice,Thornton,njones@example.com,273,2024-01-14
1369,Kimberly,Adkins,katelynjohnson@example.com,193,2025-01-26
1370,Justin,Martinez,susanmora@example.net,118,2024-03-04
1371,Christopher,Burke,herringdaniel@example.net,223,2023-03-19
1372,William,Thomas,davissteven@example.com,165,2023-06-28
1373,Lauren,Daniels,patricia68@example.net,280,2023-05-03
1374,Cody,Duran,peckkristen@example.net,197,2023-11-06
1375,Lisa,Scott,tanyagreene@example.com,262,2025-05-07
1376,Robert,Henry,ashleyberry@example.net,23,2023-08-23
1377,Andrea,Gonzales,charlesjulie@example.org,288,2023-11-15
1378,Tanner,Johnson,caseyerin@example.com,204,2024-10-17
1379,Yolanda,Oconnor,danielgonzalez@example.org,256,2024-05-03
1380,Jerome,Le,phillip69@example.org,57,2023-11-23
1381,Christopher,French,mariawright@example.com,63,2024-03-07
1382,Douglas,Hall,sclark@example.com,175,2026-06-25
1383,Amy,Mitchell,laurataylor@example.net,214,2024-09-18
1384,Christina,Jordan,dtaylor@example.net,128,2024-11-05
1385,Madison,Hatfield,tayloramy@example.com,203,2024-08-06
1386,Stephanie,Moore,bclark@example.com,205,2026-06-29
1387,Karen,Hart,pwalker@example.net,90,2023-01-16
1388,Kristy,Bernard,opatterson@example.net,217,2024-10-10
1389,Robert,Banks,huntercox@example.com,187,2025-04-06
1390,Kathryn,Serrano,rbailey@example.com,57,2025-10-13
1391,Chad,Vargas,mark03@example.com,133,2025-04-06
1392,John,Mann,patriciacarroll@example.org,177,2024-09-06
1393,Christina,Knox,webbamanda@example.org,285,2023-10-23
1394,James,Shaffer,uconway@example.org,226,2023-02-10
1395,John,Harvey,kristinhowe@example.com,286,2024-04-26
1396,Joshua,Adkins,wbryant@example.org,133,2025-06-27
1397,Juan,Perry,olewis@example.com,88,2025-11-23
1398,Darlene,Swanson,adkinssusan@example.net,53,2024-04-19
1399,Kyle,Green,russellsexton@example.com,180,2025-07-09
1400,Laura,Montgomery,wheelerdillon@example.org,14,2024-01-19
1401,Joshua,Ponce,rpacheco@example.com,168,2023-11-01
1402,Dana,Fitzpatrick,rodriguezallen@example.com,133,2026-09-23
1403,Matthew,Boyer,brobertson@example.com,297,2025-03-15
1404,David,Austin,barneserika@example.com,99,2026-04-08
1405,Kathryn,Edwards,deniseedwards@example.org,71,2023-05-13
1406,Chad,Morales,christopher35@example.com,75,2023-03-07
1407,Brandon,Sanchez,abbottdebbie@example.net,163,2026-04-16
1408,Marcus,Nunez,johnsonstephen@example.net,168,2025-01-05
1409,Cheryl,Gonzales,chavezsara@example.net,145,2026-04-20
1410,Sean,Kirk,fhill@example.com,19,2026-07-13
1411,Scott,Nash,ricky26@example.org,238,2026-05-08
1412,Brenda,Long,preston36@example.net,34,2026-03-01
1413,Joseph,Martinez,heatherpalmer@example.com,174,2025-04-27
1414,Linda,Bishop,dominicmartinez@example.com,212,2025-06-22
1415,Max,Miller,steven91@example.org,152,2026-04-07
1416,Nicholas,Tucker,gina96@example.com,208,2026-05-13
1417,Amy,Duarte,ashley53@example.com,213,2023-08-18
1418,Nancy,Martinez,iatkins@example.net,8,2024-08-02
1419,Jonathan,Nelson,brittanydrake@example.org,163,2024-11-13
1420,Alexis,Anthony,coxlindsey@example.com,251,2024-02-17
1421,Reginald,Hall,rickey97@example.net,55,2023-08-21
1422,David,Bowers,toddyoung@example.org,214,2025-01-18
1423,Leah,Davis,swilson@example.com,208,2024-04-02
1424,Aaron,Bryant,brittanyfrank@example.org,4,2024-06-03
1425,Reginald,Johnson,wolfmargaret@example.com,127,2023-01-23
1426,Alicia,Orozco,francisflores@example.com,74,2024-10-01
1427,Jack,Bruce,jesseross@example.net,215,2024-05-29
1428,James,Gonzalez,darrellchan@example.net,289,2024-02-08
1429,Michelle,Henderson,amanda53@example.net,220,2024-06-12
1430,Janet,Ferguson,matthew84@example.com,7,2023-09-28
1431,Don,Thompson,mario81@example.com,156,2026-08-13
1432,Randy,Shaffer,jasmine46@example.org,131,2024-09-04
1433,Jessica,Singh,cookjerome@example.com,22,2026-01-18
1434,Nathaniel,Miller,nancy05@example.com,80,2026-02-03
1435,Dillon,Frost,matthew96@example.net,32,2024-10-15
1436,Bryan,Macias,melvin58@example.org,86,2026-06-18
1437,Andrea,Hernandez,rtucker@example.net,46,2025-05-11
1438,Harry,Cook,adam48@example.net,244,2026-08-17
1439,Christina,Williams,stevensmichael@example.net,187,2026-03-07
1440,Becky,Jackson,samuel97@example.com,132,2026-05-23
1441,Antonio,Jones,tsmith@example.net,132,2025-03-06
1442,Theresa,Haney,carlsonmelanie@example.net,61,2024-03-12
1443,Kristen,Curtis,lbryant@example.com,237,2026-06-20
1444,Jake,Craig,robertsimpson@example.com,105,2024-04-15
1445,Mark,Lynch,tracy74@example.net,241,2024-04-23
1446,Barbara,Rodriguez,qgonzalez@example.org,69,2024-08-26
1447,Sarah,Owen,luis34@example.org,272,2024-01-04
1448,Sarah,Jackson,howellsteven@example.com,235,2026-08-24
1449,Aaron,Miller,christophersmith@example.net,160,2023-08-25
1450,Mikayla,Thompson,garretttrevor@example.com,161,2024-10-05
1451,Victoria,Burton,villarrealpeggy@example.com,93,2024-12-23
1452,William,Ross,santiagopaul@example.com,24,2024-05-25
1453,Kenneth,Fischer,maldonadomichael@example.net,78,2026-10-22
1454,Jill,Hill,rcrawford@example.com,203,2025-05-09
1455,Kevin,Gutierrez,sweeneymiranda@example.org,285,2024-06-07
1456,Katie,Wallace,martinjennifer@example.com,203,2023-09-07
1457,Jane,Scott,elizabethgregory@example.net,118,2025-09-30
1458,Molly,Griffin,adamgriffin@example.net,107,2026-02-23
1459,Michael,Adams,dean61@example.com,221,2026-01-22
1460,Roger,Chan,xmejia@example.net,124,2026-10-28
1461,Lisa,Thomas,robinandrade@example.com,296,2026-05-19
1462,Kayla,Bryant,thomas59@example.org,157,2023-11-19
1463,Antonio,Greer,brownryan@example.net,234,2026-04-11
1464,Paige,Cruz,kaitlyn55@example.net,249,2025-11-06
1465,Cynthia,Jones,sanchezangela@example.com,81,2025-01-02
1466,Erik,Tyler,randy77@example.net,153,2025-05-01
1467,David,Carter,westbrett@example.org,73,2026-11-13
1468,Susan,Wright,bowengabriel@example.org,200,2025-09-06
1469,Jill,Costa,phillipsashley@example.com,93,2026-02-06
1470,Stephanie,Myers,tlowery@example.com,62,2025-04-08
1471,Steven,Wood,emilyhill@example.org,47,2026-07-16
1472,Zachary,Nelson,tamaramurray@example.net,77,2026-07-20
1473,Michael,Jones,knighttracy@example.com,229,2025-07-29
1474,Laura,Day,kfreeman@example.org,143,2025-05-20
1475,James,Garcia,fjones@example.org,258,2025-12-10
1476,Sarah,Case,butlertimothy@example.com,48,2023-08-23
1477,Kimberly,Taylor,xnash@example.net,107,2023-07-17
1478,Tony,Long,cherylbenson@example.com,266,2023-04-27
1479,David,Murray,mpruitt@example.org,7,2026-02-02
1480,Steven,Smith,lhunt@example.com,44,2026-08-16
1481,Jenna,Love,katie77@example.org,66,2026-12-24
1482,William,Lee,tracey07@example.org,93,2023-06-09
1483,Cynthia,Mcguire,jerrydavis@example.org,65,2024-09-19
1484,Gary,Campbell,jmitchell@example.net,110,2023-01-15
1485,Isaac,Ryan,gwong@example.org,169,2025-05-27
1486,Hayley,Henderson,hernandezjanice@example.net,74,2024-12-15
1487,Christopher,Smith,nathan42@example.com,270,2024-02-02
1488,Karen,Harrison,vsmith@example.com,5,2026-04-28
1489,Nicole,Knight,eskinner@example.net,269,2025-10-18
1490,Steven,House,nelsonbrandon@example.com,71,2023-07-09
1491,Amber,Coffey,jfields@example.com,252,2025-06-25
1492,Shane,Davenport,jenniferray@example.com,95,2026-03-04
1493,Justin,Nash,gelliott@example.com,89,2024-04-14
1494,Mercedes,Adams,drobinson@example.com,205,2025-12-16
1495,Rebecca,Meyers,galvanjoshua@example.net,271,2025-10-22
1496,David,Ross,jcampbell@example.net,21,2025-02-12
1497,Kristin,Wilson,donnadouglas@example.org,269,2024-08-18
1498,Patricia,Adams,humphreykelly@example.net,16,2023-05-21
1499,John,Best,flowersedward@example.net,17,2023-03-04
1500,Michael,Daniels,ballandrew@example.org,238,2025-01-26
1501,Christopher,Salazar,zdodson@example.net,164,2026-02-22
1502,Donna,Cohen,iyoung@example.org,117,2025-10-18
1503,Clarence,Peters,calderonmichael@example.org,21,2024-12-03
1504,John,Mason,jonrichardson@example.net,297,2023-07-01
1505,Alejandro,Stewart,jonessean@example.com,143,2026-02-08
1506,Luis,Spears,jesse85@example.org,285,2025-01-06
1507,Sharon,Hopkins,kenneth57@example.net,48,2024-02-15
1508,Valerie,Wong,anneschultz@example.net,211,2024-10-04
1509,Charles,Townsend,jessica02@example.org,202,2025-07-26
1510,Katelyn,Saunders,greenkathleen@example.org,208,2026-05-24
1511,Kara,Conrad,roy03@example.net,135,2025-08-01
1512,Shawn,Williams,kcampbell@example.net,167,2024-12-16
1513,Crystal,Boone,rollinskevin@example.org,297,2025-05-16
1514,Kimberly,Martinez,william43@example.org,172,2024-01-22
1515,Rebecca,Morales,rothdenise@example.org,137,2025-03-28
1516,William,Lara,rodriguezchad@example.net,226,2025-08-07
1517,Christopher,Johnson,donald20@example.org,189,2024-12-19
1518,Jared,Chung,gordonsandra@example.net,46,2023-10-09
1519,Samuel,Dean,clarkemichael@example.org,145,2024-12-22
1520,Bernard,Clark,johnsoncurtis@example.org,163,2023-06-22
1521,Wendy,Moss,charles42@example.org,147,2024-02-27
1522,Mark,Chavez,sean63@example.net,256,2024-08-26
1523,Scott,Vincent,woodsmatthew@example.net,190,2025-07-18
1524,Harold,Holloway,avasquez@example.net,31,2025-10-08
1525,William,Arnold,davidwhite@example.net,286,2024-10-22
1526,Debbie,Norton,lnelson@example.net,38,2026-11-11
1527,Cindy,Jackson,dustin40@example.org,227,2026-11-28
1528,Amber,Smith,anitamoreno@example.com,185,2025-08-03
1529,Jacqueline,Hernandez,wallacescott@example.org,11,2025-01-05
1530,Matthew,Hernandez,nprice@example.org,285,2024-12-03
1531,Jacob,Baker,alexis61@example.com,12,2025-01-16
1532,Brittany,Lopez,debbie47@example.com,220,2026-02-16
1533,Samantha,Garza,lukefletcher@example.org,289,2024-03-02
1534,Christine,Castillo,jesse12@example.com,207,2025-11-21
1535,Michael,Parrish,michaeljennings@example.com,42,2025-09-24
1536,April,Levy,jenkinschristine@example.org,41,2023-08-21
1537,Warren,Sherman,mendozakelli@example.com,196,2026-10-26
1538,Katherine,Gutierrez,joshuagilbert@example.org,168,2026-10-24
1539,Barbara,Myers,joshua54@example.com,187,2023-10-12
1540,Thomas,Smith,vcolon@example.com,174,2026-11-08
1541,Andre,Campbell,robertberry@example.net,11,2025-06-17
1542,Emily,Schmidt,stewarthelen@example.com,263,2025-09-12
1543,Aaron,Fernandez,richmondrachel@example.org,127,2023-05-15
1544,Matthew,Montoya,adamscolleen@example.org,68,2025-12-14
1545,Jon,Stephens,ashley41@example.net,98,2024-06-01
1546,Angela,Martin,gerald61@example.net,257,2026-05-04
1547,Beverly,Butler,mccannjessica@example.org,195,2026-08-06
1548,Maria,Avila,joseph62@example.com,202,2025-09-05
1549,Angela,Rodriguez,powersjason@example.com,193,2026-09-06
1550,Edward,Owens,rachelsmith@example.org,261,2024-05-06
1551,Randy,Diaz,kimberlybutler@example.org,52,2026-12-23
1552,Dennis,Garcia,kent63@example.com,291,2023-07-25
1553,Charles,Williams,orrjacob@example.net,191,2025-06-29
1554,Sandra,Harris,thomasmadeline@example.com,264,2025-05-03
1555,Shannon,Hernandez,stewartchristopher@example.org,164,2026-03-22
1556,Billy,Fisher,pedro79@example.org,12,2023-04-27
1557,Colin,Tapia,michelle53@example.org,31,2023-02-10
1558,Chad,Ferguson,olsenmatthew@example.org,65,2024-02-25
1559,Valerie,Norton,qtaylor@example.org,132,2025-03-20
1560,Harold,Rodriguez,jacobbarnes@example.com,228,2024-10-12
1561,Michael,Ortega,bfrost@example.net,126,2023-10-03
1562,Corey,Cole,johnstonbrandon@example.net,200,2023-08-03
1563,Edward,Brown,chad55@example.com,243,2026-01-16
1564,Rodney,Roberts,adam78@example.net,120,2024-12-16
1565,Susan,Ryan,emiller@example.net,149,2025-07-28
1566,Karen,Miller,clayton11@example.com,113,2024-02-26
1567,Cassandra,Coleman,lauren15@example.net,134,2025-03-20
1568,Jennifer,Maynard,hyates@example.net,255,2025-09-10
1569,Rachel,Thompson,vclark@example.net,214,2023-02-05
1570,Lorraine,Choi,sullivansteven@example.net,81,2026-12-22
1571,Katherine,Butler,nicoleadams@example.com,67,2023-06-20
1572,Justin,Sandoval,darrell84@example.net,145,2024-08-18
1573,Steven,Johnson,robert03@example.net,297,2024-03-29
1574,Brandon,Olson,speterson@example.org,235,2024-09-12
1575,Johnathan,Wells,afigueroa@example.org,153,2024-09-23
1576,Geoffrey,Reed,ktate@example.net,117,2025-05-09
1577,Mark,Mccall,kharris@example.org,209,2023-02-09
1578,Christian,Le,kendra38@example.org,127,2026-12-26
1579,Katie,Barrett,kyle22@example.com,220,2025-10-15
1580,Samantha,Zimmerman,mendezjulia@example.net,274,2026-04-02
1581,Christian,Clark,reyesstephanie@example.net,279,2025-06-06
1582,David,Lam,michaeljones@example.org,225,2024-10-25
1583,Brandon,Martin,cesar64@example.org,39,2024-01-22
1584,Wanda,Mason,pluna@example.org,59,2023-10-28
1585,Richard,Bennett,zdecker@example.net,115,2024-05-01
1586,Dylan,Brown,cynthia76@example.org,25,2024-10-16
1587,Michael,Benson,jamie37@example.com,65,2026-08-21
1588,Matthew,Greer,jasonstephens@example.net,288,2023-04-03
1589,Sara,Brooks,cgrimes@example.org,152,2023-06-13
1590,Jacob,Miller,elizabethgordon@example.net,132,2025-11-23
1591,Antonio,Wall,xsalazar@example.net,94,2026-12-02
1592,Sherri,Ali,brian18@example.net,287,2023-11-23
1593,Jamie,Carpenter,janetbrooks@example.org,85,2024-07-23
1594,James,Lee,zwilliamson@example.org,285,2024-02-25
1595,Breanna,Johnson,houstonstephanie@example.com,30,2023-05-22
1596,Amanda,Brown,lewisshaun@example.com,239,2026-07-14
1597,Melissa,White,wlopez@example.com,140,2023-08-30
1598,Heather,Morgan,kevinosborne@example.net,283,2024-07-14
1599,Billy,Thomas,kimberly55@example.com,110,2024-05-07
1600,Kathryn,Taylor,manningjay@example.org,142,2025-03-07
1601,Misty,Braun,steven22@example.com,275,2023-07-21
1602,Jared,Mcdaniel,todd66@example.net,195,2026-06-03
1603,Ronald,Hernandez,njones@example.net,260,2025-08-08
1604,Laura,Armstrong,whitelisa@example.com,74,2025-05-06
1605,Sarah,Christian,shieldschristina@example.net,38,2024-07-15
1606,Kelsey,Delgado,xwoodard@example.net,72,2024-10-17
1607,Mary,Rojas,palmershannon@example.org,62,2023-05-07
1608,Daniel,Johnson,xmarquez@example.net,94,2025-11-10
1609,Heather,Barnes,ssherman@example.org,121,2024-10-29
1610,Jacob,Lopez,tiffanyparrish@example.com,156,2024-07-04
1611,Clinton,Flowers,khernandez@example.com,257,2025-02-05
1612,Emily,Williams,xschneider@example.org,200,2025-06-06
1613,Drew,Lamb,mdavis@example.org,265,2026-11-01
1614,Robert,Jackson,melindaquinn@example.org,158,2023-05-18
1615,Laura,Case,sarahortiz@example.com,48,2024-08-15
1616,Jessica,Whitaker,bentonshane@example.com,191,2026-01-19
1617,Laura,Ball,tanderson@example.com,145,2025-05-20
1618,Brandy,Romero,vicki73@example.com,208,2025-01-17
1619,Angela,Austin,turnersabrina@example.com,54,2026-12-17
1620,Joshua,Hernandez,randyparker@example.org,87,2026-11-19
1621,Cristian,Riggs,emily88@example.net,178,2025-07-05
1622,Richard,Hernandez,yswanson@example.org,4,2023-12-27
1623,Janice,Weiss,gjohnson@example.com,73,2026-08-24
1624,David,Sanchez,john72@example.com,179,2024-08-23
1625,Amanda,Brock,nicholasfoster@example.net,53,2024-11-17
1626,Joel,Thomas,njohnson@example.org,32,2026-04-11
1627,Joshua,Benton,sandraperry@example.org,94,2025-07-14
1628,Troy,Sandoval,bellrachel@example.net,198,2026-12-12
1629,Elizabeth,Esparza,cherylscott@example.com,162,2023-10-11
1630,Joseph,Rogers,murphyvanessa@example.net,167,2023-08-07
1631,Jeanne,Blair,teresa56@example.net,180,2024-03-15
1632,James,Rodriguez,katrinabooker@example.org,253,2025-11-03
1633,Brandon,Marshall,fergusonvictoria@example.com,138,2025-07-11
1634,Jasmine,Delacruz,anthony52@example.com,191,2023-10-03
1635,Daniel,Gallagher,jaustin@example.net,192,2025-08-12
1636,Christopher,Schmidt,melissa74@example.org,117,2026-01-14
1637,Tamara,Griffin,lcarr@example.com,90,2024-07-17
1638,Christopher,Russell,jesuswilson@example.com,44,2023-01-08
1639,Darrell,Moore,robinjones@example.com,204,2026-03-01
1640,Albert,Lambert,xerickson@example.com,294,2023-03-19
1641,Jason,Brady,smithkevin@example.com,154,2026-09-28
1642,David,Wood,john12@example.com,188,2023-08-12
1643,Natalie,Henderson,curtiskirk@example.org,78,2023-08-19
1644,John,Trujillo,aliciarodriguez@example.org,184,2026-02-10
1645,Kelly,Dougherty,morganerika@example.net,215,2026-03-01
1646,Cheryl,Davis,pearsonrebecca@example.net,194,2023-04-24
1647,Donna,Craig,shelia74@example.net,227,2026-11-27
1648,Teresa,Chandler,brian25@example.org,157,2026-12-11
1649,Jason,Burnett,johnsonkristin@example.org,164,2026-10-12
1650,Christopher,Blevins,kimtiffany@example.org,138,2023-08-07
1651,Eric,Williams,xross@example.org,50,2023-11-05
1652,Denise,Bridges,johnnyrodriguez@example.org,293,2024-11-03
1653,John,Gordon,jennifer08@example.com,36,2026-04-10
1654,Christine,Roberts,lhernandez@example.com,212,2025-10-17
1655,Lori,Miller,utorres@example.net,24,2025-08-04
1656,Charles,Perry,ksmith@example.org,46,2024-03-26
1657,Dominique,Taylor,thompsondenise@example.com,63,2024-10-07
1658,Michele,Molina,aliu@example.org,152,2024-11-09
1659,Kristin,Jordan,brownkenneth@example.net,276,2024-04-14
1660,Tracy,Blevins,jjackson@example.com,152,2024-01-23
1661,Ryan,Peterson,samuel16@example.com,6,2024-12-14
1662,Karl,Riley,monicaholt@example.org,243,2026-01-09
1663,Christopher,Lee,james06@example.com,66,2026-07-09
1664,April,Edwards,rsampson@example.net,14,2026-09-07
1665,Paul,Washington,austinramos@example.org,209,2026-10-29
1666,Andrew,Marks,evelynjones@example.org,131,2024-06-15
1667,Christopher,Murphy,frederick48@example.com,264,2026-05-27
1668,Sierra,Allen,ythomas@example.net,10,2023-09-23
1669,Ashley,Johnson,vasquezshelley@example.org,134,2024-11-22
1670,Brad,Walker,bakerchelsea@example.net,224,2023-01-31
1671,Janice,Simmons,robrien@example.net,37,2024-01-29
1672,Ashley,Perkins,patelmichael@example.org,78,2023-06-23
1673,David,Vaughan,sheri80@example.net,1,2025-04-30
1674,Joseph,Graham,cpratt@example.org,96,2024-08-01
1675,Lacey,Becker,marciahouse@example.org,263,2024-02-16
1676,John,Combs,dwilliams@example.org,80,2025-12-16
1677,Michelle,Cook,sheila31@example.org,277,2025-05-21
1678,Brian,Potts,cruzanna@example.org,143,2025-05-01
1679,Sandra,Yates,cburgess@example.com,185,2026-07-11
1680,Kyle,Wood,amberdennis@example.net,244,2026-12-12
1681,Holly,Anderson,qguzman@example.com,118,2026-05-01
1682,Thomas,Sanchez,brooke26@example.net,75,2023-09-28
1683,David,Romero,roychristopher@example.org,268,2024-03-10
1684,Erin,Guzman,calvin87@example.org,36,2023-07-15
1685,John,Taylor,keithmichael@example.net,296,2026-10-08
1686,Gary,Burton,nathan79@example.com,172,2024-04-27
1687,Nathan,Bond,elizabeth60@example.com,198,2026-12-06
1688,Rachel,Wilson,georgefranklin@example.org,26,2025-03-18
1689,Matthew,Bernard,paynejames@example.org,220,2026-06-18
1690,Carmen,Johnson,ryanwiggins@example.net,83,2025-07-03
1691,Jessica,Dalton,cabreramark@example.org,199,2026-06-05
1692,Tasha,Collins,alicia28@example.com,80,2024-07-07
1693,Linda,Thompson,bfreeman@example.org,46,2023-07-29
1694,Joshua,Chaney,stewartkelsey@example.net,92,2026-03-23
1695,Lauren,George,karenhumphrey@example.com,12,2026-01-27
1696,Amber,Hardy,smithanthony@example.net,67,2024-08-18
1697,Valerie,Maldonado,alexandermack@example.org,184,2024-08-27
1698,Kathleen,Hammond,gfoster@example.org,233,2024-07-30
1699,Edwin,Mitchell,brianna53@example.net,124,2026-03-21
1700,Stephanie,Rhodes,lunastephen@example.com,198,2026-01-24
1701,Jill,Frank,samuellee@example.net,284,2024-01-06
1702,Joseph,Hill,lauraball@example.com,22,2026-12-21
1703,Carolyn,Bentley,keithpayne@example.org,274,2026-08-31
1704,Benjamin,Jackson,jparker@example.net,149,2024-09-24
1705,Connie,Meyer,hensonjames@example.org,149,2023-06-20
1706,Jessica,Li,richard42@example.net,217,2025-12-31
1707,Jordan,Davis,rachel29@example.com,80,2026-04-10
1708,Lisa,Harris,kingmaria@example.com,212,2026-06-30
1709,Monique,Ramirez,markhayes@example.net,209,2026-06-23
1710,Lisa,Cain,kristinnelson@example.org,190,2023-12-24
1711,John,Lang,kimberlymunoz@example.net,24,2025-07-19
1712,Jordan,Jackson,sellersjonathan@example.org,217,2026-09-08
1713,Dana,Davis,rosssarah@example.net,40,2026-11-01
1714,Karen,Fischer,dorispaul@example.net,285,2025-08-25
1715,Richard,Powell,louis30@example.org,42,2026-11-12
1716,Monique,Mitchell,regina25@example.net,270,2024-07-18
1717,Sergio,Boyd,derek80@example.org,292,2023-10-02
1718,Melissa,Chambers,sandrews@example.net,17,2026-10-15
1719,Lindsay,Lane,butlernicole@example.net,136,2024-11-12
1720,Gabriella,Alexander,john51@example.org,192,2026-05-31
1721,Dale,Cooper,hclements@example.org,248,2024-07-04
1722,Jonathan,Johnson,thomas38@example.net,183,2026-06-10
1723,Anthony,Lindsey,scottsolis@example.net,70,2026-05-09
1724,Jessica,Mitchell,yguzman@example.org,115,2025-12-28
1725,Keith,Mitchell,david13@example.com,105,2023-11-25
1726,Kelly,Reynolds,jeffreymiller@example.org,251,2026-02-07
1727,Robin,Estrada,dgillespie@example.org,98,2023-04-28
1728,Robert,Cooper,michaelthomas@example.net,254,2026-08-16
1729,Carlos,Bryant,erinmcdonald@example.com,299,2024-03-06
1730,Marcus,Johnson,hammonddebra@example.net,61,2026-01-22
1731,Hannah,Smith,merritteric@example.com,148,2024-01-28
1732,Javier,Saunders,guerrawyatt@example.com,83,2023-02-16
1733,Rebekah,Hogan,jmcclain@example.com,203,2025-07-06
1734,Teresa,Williams,meyerspriscilla@example.net,229,2025-10-07
1735,Brendan,Fleming,neilbailey@example.org,238,2026-09-09
1736,Kevin,Cummings,pattersonjoel@example.org,114,2025-12-13
1737,Anthony,Calderon,thomascoleman@example.com,263,2025-10-14
1738,Kristina,Mccullough,michael12@example.com,163,2023-09-23
1739,Jeremy,Elliott,brittany76@example.org,158,2025-03-23
1740,Victor,Paul,nthompson@example.com,61,2024-10-10
1741,David,Gomez,stephanieavila@example.org,109,2024-01-23
1742,Jacob,King,amberwalls@example.org,90,2025-08-10
1743,Keith,Woods,charlesaguirre@example.com,237,2023-01-16
1744,Kathleen,Wilson,crystal89@example.com,268,2025-02-28
1745,Lori,Fletcher,richardsphilip@example.com,95,2023-10-19
1746,Diane,Grant,schavez@example.org,164,2024-02-05
1747,Jacob,Tucker,margaret16@example.net,31,2024-02-09
1748,Ashley,Carr,mary97@example.com,108,2023-07-20
1749,Matthew,Copeland,rodriguezrichard@example.org,31,2024-11-23
1750,Jesse,Bailey,matthew93@example.com,275,2025-10-03
1751,Elizabeth,Lane,brianmedina@example.org,34,2026-11-14
1752,Olivia,Nguyen,rodriguezscott@example.com,117,2024-05-01
1753,Juan,Lopez,jcollier@example.org,16,2023-03-28
1754,Eugene,Robinson,angelcooper@example.com,64,2026-09-26
1755,Elizabeth,Matthews,kimberlymaldonado@example.org,278,2023-01-15
1756,Gregory,Jefferson,donaldlarson@example.com,82,2023-07-26
1757,Joshua,Chang,charles65@example.org,210,2023-01-10
1758,Michelle,Terry,patricia57@example.org,290,2026-06-11
1759,Luke,Baker,lisagreen@example.net,249,2024-06-25
1760,Kevin,Cummings,laura20@example.com,37,2025-02-04
1761,Hannah,Weaver,tinathompson@example.org,32,2024-08-07
1762,Jacob,Klein,imccall@example.org,201,2025-01-12
1763,Lisa,Cummings,hoopermatthew@example.net,54,2025-02-21
1764,Melissa,Lee,juliegriffin@example.com,275,2026-11-15
1765,Vincent,Spencer,tyler80@example.org,188,2023-06-26
1766,Zoe,Clark,vincent48@example.org,21,2025-10-09
1767,Kristina,Coleman,jgraham@example.net,189,2026-10-11
1768,Jackie,Scott,tiffany45@example.org,243,2026-10-29
1769,Nancy,Newton,patrick26@example.net,153,2023-01-10
1770,Timothy,Shelton,millertyler@example.org,217,2025-03-08
1771,Richard,Horton,william07@example.com,217,2025-10-15
1772,Jonathan,Thompson,clintonlewis@example.com,121,2026-04-12
1773,Christopher,Jones,uboone@example.org,185,2025-11-02
1774,Deanna,Taylor,stacymartinez@example.net,190,2024-01-09
1775,Kaitlin,Miller,cindy68@example.com,205,2026-09-25
1776,Marcus,Nixon,sabrina35@example.org,193,2023-05-14
1777,Roy,Waller,bryanroman@example.org,56,2023-11-23
1778,Patricia,Smith,nicolesmith@example.org,32,2025-02-26
1779,Reginald,Pena,joanneconley@example.com,113,2023-11-18
1780,Alexandra,Gonzales,carmensmith@example.org,178,2023-11-28
1781,Tina,Allen,perrymarc@example.net,189,2023-04-04
1782,Gabriel,Brown,loganrobert@example.net,269,2025-05-26
1783,Kevin,Baker,john02@example.net,96,2023-09-21
1784,Rebecca,Johnston,rponce@example.net,250,2023-02-25
1785,Krista,Walters,julielopez@example.org,262,2024-01-21
1786,Lori,Villanueva,bushlisa@example.org,190,2024-01-09
1787,Matthew,Leon,whitewhitney@example.net,107,2026-02-05
1788,Douglas,Griffith,mckenziedustin@example.com,138,2026-04-02
1789,Gary,Lucas,ann17@example.net,69,2026-01-01
1790,Troy,Bates,xbaker@example.org,94,2026-11-16
1791,William,Black,maygabrielle@example.com,54,2025-11-15
1792,Jessica,Mejia,alison00@example.net,132,2024-09-23
1793,Sara,Jackson,michelledavies@example.org,160,2024-02-17
1794,Alan,Fuentes,saundersjudy@example.net,150,2025-08-10
1795,Adrian,Chandler,katiegeorge@example.net,238,2025-08-04
1796,Emily,Wright,mcclurelawrence@example.com,84,2023-11-23
1797,Joseph,Harrison,pmurphy@example.com,127,2024-02-26
1798,Mariah,Lewis,ayalaamanda@example.net,17,2023-05-24
1799,Alexandra,Wilcox,ycollins@example.org,200,2023-04-15
1800,Jonathan,Smith,smaldonado@example.com,272,2024-11-18
1801,Charles,Day,muellerthomas@example.org,241,2023-06-28
1802,Daryl,Cabrera,amy60@example.com,86,2026-07-11
1803,Cynthia,Graham,krystal37@example.org,16,2024-02-21
1804,Barry,Clark,walterharris@example.org,127,2026-06-05
1805,Erica,Gordon,annarodriguez@example.org,296,2025-03-30
1806,Christopher,Sanchez,caleblin@example.net,98,2023-10-03
1807,Kara,Moss,steven52@example.com,149,2024-09-02
1808,Megan,White,phillipsgarrett@example.net,78,2025-10-09
1809,Scott,Burch,rebecca28@example.org,16,2024-01-01
1810,Eric,Park,maddoxchristopher@example.net,234,2024-02-15
1811,Jessica,Martinez,vegaheather@example.org,138,2026-10-27
1812,Amy,Moore,stephaniemarsh@example.net,7,2026-04-15
1813,Michael,Smith,hgreen@example.com,85,2025-07-01
1814,Jamie,Greene,frederickmoore@example.net,260,2026-10-22
1815,Jasmine,Chavez,dmiles@example.org,72,2024-06-10
1816,Jesse,Smith,halljose@example.net,287,2023-05-23
1817,Joshua,Reed,hskinner@example.net,299,2026-03-28
1818,Benjamin,Sutton,ihall@example.net,54,2026-01-29
1819,Kenneth,Baker,paul77@example.org,192,2025-06-20
1820,Megan,Jordan,juliewerner@example.org,163,2023-10-20
1821,Anthony,Morris,glewis@example.com,274,2025-04-13
1822,Patrick,Allen,melissahall@example.org,146,2024-11-23
1823,Elizabeth,Hill,william96@example.org,154,2025-02-21
1824,Kayla,Clark,nicole39@example.org,240,2026-05-23
1825,Sandra,Rodriguez,melissa29@example.net,64,2023-06-22
1826,Michael,Huff,qmelton@example.com,292,2026-02-18
1827,Ellen,Young,matthew87@example.com,297,2026-03-23
1828,Brandi,Alexander,bcabrera@example.org,242,2025-09-30
1829,Eric,Stewart,victorianunez@example.org,246,2023-03-08
1830,Stacey,Knapp,robertjacobs@example.org,174,2025-02-20
1831,Joseph,Montgomery,vhancock@example.org,295,2025-04-30
1832,Danielle,Rivera,gregorypalmer@example.net,132,2023-11-15
1833,Andrea,Jackson,jamescarter@example.org,53,2025-06-29
1834,William,Castillo,kimberlybrown@example.net,52,2024-03-05
1835,Maria,Barton,terrijoyce@example.net,122,2026-06-22
1836,Kristin,Villarreal,jason69@example.org,134,2025-04-06
1837,Jasmine,Santos,melanie89@example.com,32,2024-06-30
1838,Kristina,Duran,georgejackson@example.net,208,2023-07-03
1839,Tammy,Meyer,johnnguyen@example.com,210,2025-01-31
1840,Jeffrey,Wall,tylerclark@example.com,128,2025-12-13
1841,Robert,Potter,carolbennett@example.net,260,2026-07-30
1842,Kevin,Gomez,michael47@example.net,51,2024-10-01
1843,Makayla,Bennett,andrew62@example.net,189,2025-12-18
1844,Joshua,White,anthony29@example.net,4,2025-11-22
1845,Eric,Hawkins,derekbaker@example.org,20,2024-11-07
1846,Tim,Joseph,floresbrandon@example.com,136,2026-08-05
1847,Alexander,Wilson,sandra49@example.org,179,2025-10-01
1848,Kyle,Zimmerman,andrea92@example.com,257,2023-03-13
1849,Patricia,Mills,jamie03@example.org,127,2026-08-20
1850,Joseph,Jackson,lynnsmith@example.com,122,2023-11-29
1851,Tiffany,Walker,morrisfelicia@example.net,169,2025-11-26
1852,Kenneth,Hall,kirstenbass@example.org,156,2024-08-20
1853,James,Simmons,devin91@example.com,294,2024-02-28
1854,Brian,Harrison,tracy77@example.com,94,2023-03-13
1855,Jason,West,alilauren@example.net,129,2023-08-26
1856,Michele,Hernandez,erin87@example.net,107,2024-10-16
1857,James,Fowler,matthew50@example.org,180,2023-09-01
1858,Katie,Wilcox,darlene81@example.org,239,2023-11-14
1859,Henry,Beck,khorn@example.net,24,2025-02-23
1860,Carmen,Taylor,kennethweaver@example.com,88,2026-09-07
1861,Anthony,Ochoa,hendersonmaria@example.org,214,2026-01-30
1862,Ann,Stewart,scott38@example.org,279,2024-08-24
1863,David,Wilson,christopher36@example.org,275,2024-08-29
1864,Ryan,Curtis,thompsonemily@example.com,243,2026-05-12
1865,Stephanie,Reyes,scotthoward@example.org,8,2026-02-18
1866,Nicole,Allen,hgonzalez@example.com,237,2023-05-08
1867,Brian,Myers,gonzalezkathryn@example.com,276,2023-11-25
1868,Dustin,Miller,fweeks@example.net,252,2024-02-19
1869,Samantha,Acevedo,mjacobs@example.net,213,2023-12-21
1870,Jamie,Hill,shannonhernandez@example.com,105,2023-11-23
1871,Mark,Sanders,carterchristine@example.net,211,2025-10-25
1872,Julie,Roy,crowe@example.com,128,2026-11-05
1873,Stephen,Wang,brooke22@example.org,46,2023-03-21
1874,Joseph,Hill,istewart@example.com,125,2023-01-23
1875,John,Rhodes,jennifer32@example.org,161,2026-10-13
1876,Joy,Simon,kyle14@example.com,265,2024-02-24
1877,Melissa,Castaneda,lori06@example.com,278,2026-05-03
1878,Evelyn,Gaines,deckererin@example.com,293,2026-01-22
1879,Joseph,Craig,lmccoy@example.org,103,2024-10-19
1880,Eric,Parks,hgilbert@example.com,183,2024-09-11
1881,Eric,Johnson,dthomas@example.net,70,2023-06-23
1882,Jonathan,Brown,watsonmary@example.net,126,2023-07-02
1883,Amy,Smith,wendydavila@example.org,234,2025-03-23
1884,Felicia,Daniels,galvarez@example.org,242,2023-01-09
1885,Cheryl,Valdez,wholden@example.com,90,2023-07-29
1886,Linda,Barr,hopkinskristen@example.net,89,2023-07-08
1887,Jacob,Flores,hillshawn@example.com,127,2024-06-08
1888,Dawn,Sanchez,sanchezlindsey@example.net,28,2023-10-20
1889,Lawrence,Hammond,solistony@example.net,85,2025-10-19
1890,Jose,Hatfield,steelesue@example.net,82,2024-06-12
1891,Patrick,Silva,kathleenguzman@example.com,275,2024-09-02
1892,Joshua,Mills,darren25@example.net,214,2025-04-08
1893,Troy,Briggs,hodustin@example.org,199,2025-08-18
1894,Alexis,Ramirez,devinharmon@example.org,141,2024-04-06
1895,Barry,Nunez,wyattholly@example.com,115,2024-07-20
1896,Eddie,Miller,andrea19@example.com,188,2025-08-28
1897,Jacqueline,Leon,davidbrittney@example.com,199,2024-04-01
1898,Richard,Decker,tuckererica@example.com,130,2023-03-05
1899,Grant,Solis,tiffany29@example.org,145,2026-08-12
1900,Michael,Watson,jamesscott@example.org,256,2025-02-18
1901,Amy,Johnson,randallcoleman@example.org,124,2023-11-18
1902,Madeline,Davidson,gwilliams@example.net,228,2023-03-02
1903,Michael,Hernandez,qgreer@example.com,20,2024-08-05
1904,Natalie,Perez,arellanolawrence@example.org,213,2025-03-15
1905,Christina,Hunter,pbriggs@example.net,291,2023-03-06
1906,Raymond,Harrison,tjohnson@example.net,37,2023-06-03
1907,Melissa,Delacruz,marie35@example.com,200,2026-08-06
1908,Brian,Peterson,swilson@example.net,45,2023-03-02
1909,Kristin,Graham,alexisbradley@example.org,43,2024-11-05
1910,Dillon,Mckinney,jennifer77@example.com,46,2025-04-24
1911,Michael,Williams,qwells@example.com,169,2024-04-18
1912,David,King,robertnelson@example.com,86,2023-08-15
1913,Karen,Davis,tiffany77@example.net,193,2026-06-10
1914,Marilyn,Holt,crystal21@example.org,55,2024-10-21
1915,Gina,Watson,christopher05@example.com,276,2024-02-04
1916,Karen,Bean,rhonda94@example.com,242,2025-01-13
1917,Erik,Vance,natalieray@example.org,262,2023-09-20
1918,Michelle,Spence,rosscameron@example.com,179,2023-07-10
1919,Michelle,Castro,angela19@example.com,72,2025-08-16
1920,Evelyn,Allen,sfrench@example.org,141,2025-08-27
1921,Adam,Ballard,justin32@example.net,14,2025-12-16
1922,Ian,Martin,johnsonryan@example.org,190,2023-02-07
1923,Jessica,Torres,eric60@example.org,298,2026-02-14
1924,Dennis,Smith,robertking@example.com,191,2024-04-07
1925,Francisco,Stanley,troybutler@example.net,68,2025-09-04
1926,Darrell,Morgan,michealkline@example.com,143,2025-11-07
1927,Amanda,Holmes,francisco45@example.org,213,2026-09-27
1928,Mary,Myers,lowerynicole@example.org,120,2023-07-03
1929,Christopher,Gonzalez,lperry@example.com,267,2023-08-18
1930,Veronica,Stephens,owagner@example.net,289,2024-05-01
1931,Jason,Dorsey,melissa03@example.net,240,2026-09-14
1932,Kathy,Wood,richard52@example.org,141,2026-11-26
1933,Jason,Nelson,barbaravargas@example.com,209,2026-08-23
1934,Dana,Lang,trevor82@example.com,201,2024-03-04
1935,Susan,Christensen,kristenfisher@example.org,116,2026-07-17
1936,Brittany,Anderson,nmitchell@example.net,1,2025-09-29
1937,Jamie,Hoover,ychen@example.org,107,2025-03-31
1938,Tiffany,Ewing,carlos32@example.net,242,2024-07-08
1939,Margaret,Lee,elizabeth29@example.org,277,2024-12-01
1940,William,Allen,fbyrd@example.org,296,2025-07-26
1941,Christopher,Moon,aaron68@example.net,215,2025-01-02
1942,Michael,York,schristensen@example.org,22,2023-01-07
1943,Ashley,Oneill,charles83@example.org,150,2023-03-11
1944,Carol,Smith,samuelsmith@example.org,290,2023-08-05
1945,Matthew,Thomas,wilsonapril@example.net,12,2024-06-04
1946,Bryan,Clayton,bberry@example.net,167,2025-07-15
1947,Jessica,Rhodes,brian43@example.org,210,2026-12-25
1948,Megan,Richards,tarajimenez@example.net,281,2023-01-29
1949,Andrew,Houston,albert45@example.net,242,2025-07-26
1950,Paul,Jimenez,utaylor@example.net,197,2023-01-07
1951,Christina,King,hpratt@example.com,46,2023-10-27
1952,Jennifer,Campbell,tjames@example.org,240,2024-02-15
1953,Linda,Obrien,brownamy@example.com,207,2024-12-03
1954,Michelle,Taylor,jason59@example.com,156,2026-03-20
1955,Jacob,Ibarra,broberts@example.com,190,2026-03-22
1956,Travis,Willis,jessica27@example.net,98,2023-06-12
1957,Sheila,Ramos,lisa03@example.net,267,2026-03-22
1958,Angela,Stanton,wesleylewis@example.org,219,2026-03-10
1959,Andrew,Fischer,ralph80@example.net,191,2023-05-13
1960,Jennifer,Ryan,simmonsshelby@example.net,58,2024-02-26
1961,Andrea,Lewis,philipcoleman@example.org,272,2025-03-19
1962,Kyle,Peters,ttaylor@example.com,229,2023-07-14
1963,Marcus,Mclaughlin,taylorberger@example.net,112,2025-02-16
1964,Scott,Ward,chambersmonica@example.com,248,2025-06-13
1965,David,Mendoza,kimberlybradshaw@example.net,132,2023-10-24
1966,Nathan,Gonzalez,howardkenneth@example.org,48,2025-03-07
1967,Thomas,Klein,enunez@example.org,78,2026-03-11
1968,Richard,Wang,johndunn@example.com,203,2023-12-24
1969,Madeline,White,vjordan@example.org,174,2025-04-27
1970,Hannah,Cohen,williamgarcia@example.net,277,2024-04-09
1971,Cheryl,Griffin,qlowe@example.net,238,2023-07-10
1972,Jennifer,Cruz,bwoods@example.net,138,2026-05-20
1973,Julia,Parks,april37@example.org,269,2026-10-21
1974,Christopher,Alexander,oliviahill@example.net,206,2026-05-18
1975,Willie,Goodwin,zwells@example.com,264,2024-10-10
1976,Yesenia,Andrews,smithryan@example.com,190,2023-04-23
1977,Gina,Williams,obrienkimberly@example.net,9,2023-05-21
1978,Kara,Harvey,floresbrian@example.com,235,2023-05-18
1979,Cheryl,Smith,dreyes@example.com,21,2023-08-14
1980,Sharon,Duran,ssmith@example.com,4,2025-02-19
1981,Omar,Doyle,kbrooks@example.com,298,2026-03-27
1982,Holly,Mccall,phillipseduardo@example.org,174,2026-02-08
1983,Sarah,Robbins,lisa10@example.net,280,2025-02-27
1984,Maria,Murray,garciatimothy@example.net,180,2024-05-22
1985,Ian,Williams,helen10@example.net,171,2023-05-18
1986,Dawn,Knight,dunnjason@example.com,202,2026-05-26
1987,Richard,Schneider,megan91@example.net,74,2024-04-18
1988,Daniel,Hamilton,watkinsmaria@example.net,25,2026-02-26
1989,Joe,Dougherty,amandaarmstrong@example.org,156,2025-04-18
1990,Sarah,Nelson,stewartnancy@example.org,196,2023-05-12
1991,Jasmine,Hernandez,alan90@example.com,26,2026-07-23
1992,Wanda,Foster,klamb@example.org,185,2026-03-30
1993,Cory,Cole,ericfoster@example.org,275,2026-03-04
1994,Jamie,Gonzales,joelpeterson@example.net,109,2025-05-15
1995,Jennifer,Rowe,donna37@example.net,22,2024-06-10
1996,Joshua,Jackson,xfowler@example.net,10,2023-03-12
1997,Abigail,Burgess,jameswatson@example.com,193,2026-10-31
1998,Anne,Bryan,alanpeters@example.net,174,2024-12-09
1999,Jonathan,Scott,reillykatherine@example.net,194,2024-03-17
2000,Thomas,Smith,kreyes@example.org,70,2025-03-23
2001,Elizabeth,Flynn,oanderson@example.com,294,2026-06-24
2002,Katie,Blackwell,curtisjohnny@example.com,270,2025-11-08
2003,Mary,Johnson,eramirez@example.org,239,2025-11-17
2004,Lee,Rodriguez,xhughes@example.org,244,2024-09-27
2005,Deborah,Moran,torreswilliam@example.org,127,2023-07-14
2006,Phyllis,Owen,mark86@example.org,267,2026-09-23
2007,Randy,Lopez,davisnichole@example.net,76,2024-12-13
2008,Joy,Perez,aprilmassey@example.net,83,2024-09-21
2009,Brooke,Long,charles48@example.org,79,2024-03-05
2010,Kyle,Sanchez,alejandrodiaz@example.org,134,2023-04-10
2011,Gregory,Humphrey,franklinamber@example.com,158,2023-01-22
2012,Mary,Gibson,ksandoval@example.org,177,2024-02-18
2013,Ricky,Mercer,amanda91@example.org,89,2024-12-08
2014,Tamara,Thomas,robert10@example.com,36,2026-01-06
2015,Charles,Banks,benjaminvictoria@example.org,87,2025-05-08
2016,Maria,Martinez,edaniels@example.org,213,2025-09-08
2017,Jose,Morgan,kevin87@example.org,95,2025-09-06
2018,Ariel,Sims,andreahernandez@example.net,207,2023-03-10
2019,Suzanne,Williams,roberto97@example.net,122,2025-03-23
2020,Nancy,Hamilton,johnsonkristin@example.com,211,2026-09-13
2021,Isabel,Simpson,scottshelton@example.net,103,2024-12-07
2022,Bradley,Obrien,rogerscheyenne@example.net,44,2025-06-24
2023,Denise,Chan,alanjohnson@example.net,196,2024-04-29
2024,Karen,Marshall,tcollins@example.org,187,2023-07-14
2025,William,Guzman,raymond54@example.org,296,2023-10-11
2026,April,Walker,williamgrant@example.com,11,2026-09-22
2027,Megan,Prince,tom10@example.com,199,2026-11-03
2028,Peter,Mcdonald,margaretmckinney@example.org,259,2023-10-16
2029,Gregory,Welch,rebeccajohnson@example.net,214,2024-05-21
2030,Andrea,Hernandez,johnsonvictoria@example.org,34,2026-06-04
2031,Robert,Reese,mhernandez@example.net,217,2024-10-15
2032,Joseph,Hobbs,jacobharris@example.org,148,2026-11-13
2033,Tiffany,Mejia,david84@example.com,288,2024-01-29
2034,Sara,Hart,gina17@example.org,121,2023-01-19
2035,John,Gaines,smitharthur@example.org,31,2026-08-21
2036,Sandra,Best,tbush@example.com,49,2024-12-04
2037,Sandra,Evans,khanna@example.org,161,2026-09-06
2038,Stephanie,Weber,youngamanda@example.org,286,2026-12-27
2039,Diana,Watts,kramos@example.com,34,2026-08-04
2040,Jennifer,Ortiz,michael26@example.com,138,2026-02-06
2041,Joseph,Nguyen,bwoods@example.com,107,2026-05-03
2042,Mary,Bennett,kelly23@example.org,84,2024-11-07
2043,Allison,Johnson,efranco@example.com,49,2024-07-03
2044,Louis,Tran,lwells@example.org,28,2026-05-26
2045,Angela,Villarreal,mayomaurice@example.net,156,2024-08-31
2046,Brett,Gutierrez,robert76@example.net,265,2025-01-15
2047,Timothy,Gross,ngordon@example.com,64,2023-10-02
2048,Amanda,Richmond,bmaddox@example.org,86,2026-01-02
2049,Kenneth,Shields,blankenshipcody@example.com,183,2025-05-18
2050,Daniel,Davis,martinibarra@example.org,258,2025-07-14
2051,Mackenzie,Mcdonald,ygeorge@example.org,153,2023-06-07
2052,Diana,Dixon,smithwilliam@example.com,188,2023-03-14
2053,Ryan,Thompson,brandoncastillo@example.org,259,2026-04-13
2054,Dana,Harvey,robertgreen@example.net,238,2026-08-30
2055,Sierra,Keith,choinathaniel@example.com,199,2024-12-27
2056,Bradley,Hartman,melissa98@example.org,177,2025-11-19
2057,Kristen,Williams,ccraig@example.org,164,2025-12-06
2058,Thomas,Pena,jasonjohnson@example.org,124,2026-05-25
2059,Jerry,Harris,rebecca03@example.net,220,2024-10-12
2060,Kevin,Perez,flowersrachel@example.net,210,2024-05-31
2061,Pamela,Peters,armstrongcourtney@example.net,265,2023-04-09
2062,Kathy,Hunter,stevenbrown@example.org,22,2026-08-27
2063,Heidi,Smith,melissahinton@example.net,156,2024-04-17
2064,Tyler,Wade,laracameron@example.net,212,2023-05-10
2065,Laurie,Murphy,nsmith@example.com,23,2026-04-20
2066,Mark,Rivers,zsanchez@example.com,133,2025-09-17
2067,Steven,Wolf,cameronchandler@example.net,256,2026-09-20
2068,Becky,Fox,brandon90@example.net,278,2026-08-21
2069,Sheryl,Green,susan84@example.com,112,2023-06-03
2070,Shelby,Bennett,wilsonmichael@example.net,20,2025-02-19
2071,Sean,Obrien,ucampbell@example.org,47,2024-03-18
2072,Andrea,Coleman,dbooth@example.org,201,2023-10-13
2073,Ryan,Williams,changjesse@example.org,88,2026-02-08
2074,Bill,Guzman,drodriguez@example.com,272,2023-07-06
2075,David,Stephens,edwardskimberly@example.net,297,2026-08-03
2076,Kenneth,Hart,rhonda34@example.com,38,2024-08-15
2077,Darren,Brown,dbeard@example.com,221,2023-12-09
2078,Zachary,Baker,amanda57@example.org,297,2023-05-12
2079,Paula,Johnson,rachaelpatel@example.com,222,2026-12-09
2080,Ashley,Clark,taylor10@example.com,154,2023-04-11
2081,Donald,Tapia,rmahoney@example.com,83,2025-11-12
2082,Edward,Mcdaniel,ohenderson@example.org,110,2025-10-04
2083,Sabrina,Sweeney,kthornton@example.org,196,2023-06-15
2084,Brian,Webster,wrightjoel@example.net,207,2024-06-07
2085,Randall,Garcia,katrina63@example.org,291,2026-03-27
2086,Nicole,Allen,ymiller@example.org,228,2023-08-23
2087,Julian,Collins,tkelly@example.com,276,2025-05-29
2088,Benjamin,Miles,david35@example.com,142,2026-08-03
2089,Andrew,Thompson,fcontreras@example.com,196,2023-01-01
2090,David,Carroll,jking@example.net,122,2023-02-02
2091,Mark,Little,duartemelanie@example.net,152,2025-07-22
2092,Jacqueline,Hall,lgonzalez@example.net,18,2026-07-31
2093,Joshua,Salazar,carterjanice@example.org,204,2026-03-05
2094,Glenn,Miller,bgrimes@example.org,120,2024-05-09
2095,Tyler,Oliver,clementsmark@example.net,137,2023-07-30
2096,Shane,Andrews,davisjoseph@example.com,244,2025-11-12
2097,Leslie,Wiley,tonyafisher@example.com,296,2025-02-07
2098,Eric,Owen,wheelerbenjamin@example.com,139,2024-04-21
2099,Andrew,Mccormick,kristen29@example.org,255,2023-11-16
2100,Sherri,Watson,zbarton@example.org,242,2026-03-22
2101,Jose,Silva,crosselizabeth@example.com,51,2026-08-16
2102,Todd,Reynolds,lisa85@example.net,37,2024-06-09
2103,Caitlin,Sheppard,wilkinsrachel@example.org,167,2024-01-11
2104,Dean,Robinson,mevans@example.net,289,2025-12-17
2105,Megan,Turner,olsonmichael@example.org,169,2024-11-09
2106,Brady,Solis,john78@example.net,61,2023-01-25
2107,Timothy,Schneider,escobarjoshua@example.com,170,2026-04-24
2108,Tony,Taylor,katie76@example.org,57,2023-06-09
2109,Jose,Vaughan,dudleydaniel@example.com,127,2024-02-08
2110,Samuel,Riley,shawnjones@example.net,29,2026-10-22
2111,Emma,Rodriguez,tracy67@example.org,29,2026-11-01
2112,Ashley,Silva,alexandria91@example.net,92,2024-02-28
2113,Mary,Moore,gonzalezjillian@example.com,209,2026-08-11
2114,Todd,Lin,frank77@example.com,237,2026-12-11
2115,Frank,Taylor,tbauer@example.com,90,2024-11-13
2116,Kyle,Jackson,sean77@example.net,243,2026-12-11
2117,Jessica,Hill,lisakim@example.net,18,2023-08-31
2118,Janet,Little,tharding@example.org,227,2025-12-31
2119,Jeremy,Wilson,yvonne16@example.net,193,2024-07-08
2120,Paul,Thomas,bgibson@example.com,274,2024-10-29
2121,Timothy,Wood,ronaldross@example.org,145,2025-10-14
2122,Shawn,Hurst,tammymora@example.org,184,2024-03-05
2123,Anthony,Bates,kevinryan@example.com,39,2023-09-19
2124,Christopher,Mckinney,mark63@example.org,133,2025-01-08
2125,Rachel,Brown,theresa97@example.com,115,2024-03-15
2126,Mitchell,Hubbard,john42@example.net,203,2024-07-22
2127,Todd,Wagner,ikaufman@example.net,9,2025-01-16
2128,Joseph,Orozco,melinda03@example.net,54,2023-03-16
2129,Mackenzie,Cruz,sonya39@example.net,49,2025-02-16
2130,Jeremy,Jackson,steven93@example.net,71,2025-01-21
2131,Lynn,Green,bfoley@example.com,41,2024-12-04
2132,Anthony,Jackson,blairmanuel@example.com,150,2025-09-13
2133,Heather,Robinson,bishopmark@example.org,107,2025-04-08
2134,Harry,Phillips,smithjessica@example.com,17,2025-05-31
2135,Jennifer,Hutchinson,austinmitchell@example.com,213,2024-03-09
2136,Elizabeth,Bradley,rortiz@example.net,135,2024-10-12
2137,Lisa,Hanson,gomeznathan@example.com,289,2025-08-02
2138,John,Welch,michael58@example.net,52,2025-06-01
2139,Jason,Key,tiffanytrevino@example.com,288,2023-02-26
2140,David,Bullock,dstokes@example.com,294,2023-09-09
2141,Benjamin,Jennings,diazheather@example.com,131,2026-10-21
2142,Scott,Martinez,smiller@example.net,213,2023-10-04
2143,Douglas,Andrews,espinozajason@example.org,173,2025-12-14
2144,Kristen,Davis,james61@example.com,256,2026-10-30
2145,Jennifer,Grimes,smithjorge@example.net,290,2026-07-12
2146,Michael,Reyes,christina08@example.net,106,2024-04-23
2147,Robin,Silva,joseking@example.org,147,2026-04-02
2148,Megan,Silva,johnsonlori@example.com,151,2025-03-25
2149,Rachel,Carr,lindsey26@example.net,21,2023-03-31
2150,Joseph,Moore,julie84@example.com,260,2025-05-20
2151,Anita,Gray,oschmidt@example.net,7,2024-12-07
2152,Erica,Mckinney,anthony75@example.net,209,2023-12-06
2153,Michael,Jones,holttracey@example.com,261,2023-04-01
2154,Traci,Mcdonald,tmoran@example.com,116,2026-04-16
2155,Tina,Macias,ndominguez@example.com,58,2025-12-24
2156,Danny,Ellison,charleneadams@example.org,92,2024-06-24
2157,Tyrone,Freeman,stephenross@example.org,112,2025-01-02
2158,Susan,Willis,leah67@example.org,278,2023-05-23
2159,Aaron,Scott,larry27@example.org,192,2023-05-12
2160,Michael,Pierce,alexwilliams@example.org,119,2023-04-30
2161,Eric,Johnson,annedavis@example.org,264,2024-09-01
2162,Beverly,Jones,katherinechavez@example.org,273,2024-10-23
2163,Michelle,Parrish,jacobjohnson@example.com,54,2024-06-30
2164,Shane,Diaz,hfields@example.com,95,2024-06-25
2165,Francisco,Haynes,randylewis@example.net,112,2024-09-22
2166,Monica,Wilson,fwoods@example.org,130,2023-09-02
2167,Kayla,Leonard,farrellkristen@example.org,139,2023-10-12
2168,Dylan,Johnson,kathryn27@example.net,7,2023-09-21
2169,Lauren,Chambers,gregory93@example.net,224,2026-12-20
2170,Eric,Clay,pdavis@example.net,30,2025-05-19
2171,Melissa,Booth,andrewcarroll@example.com,44,2023-12-23
2172,Anna,Ferrell,jmiles@example.org,281,2023-10-26
2173,Gregg,Romero,andrewhorne@example.org,79,2025-09-02
2174,Anna,Torres,john45@example.org,110,2026-04-27
2175,Travis,Mata,charlesjackson@example.com,265,2026-03-19
2176,Carl,Howard,christygalloway@example.net,197,2023-01-24
2177,Alisha,Morse,jennifer29@example.net,41,2023-08-21
2178,Angela,Nolan,qporter@example.com,167,2024-01-25
2179,Heather,Boyle,amymcdonald@example.net,153,2023-05-02
2180,Patricia,Mcgee,jenkinsdeborah@example.com,114,2023-10-18
2181,Dustin,Mayer,kirk69@example.com,143,2025-06-02
2182,Andrea,Yates,hannahmoore@example.com,207,2024-05-01
2183,Tristan,White,zjackson@example.com,270,2024-02-21
2184,Kelly,Wright,wwilliams@example.com,114,2023-06-29
2185,Tanya,Anderson,alicecampbell@example.net,22,2023-05-10
2186,Robert,Jones,hartmansteven@example.net,196,2024-07-08
2187,Henry,Oneill,ymendoza@example.net,7,2026-11-13
2188,Ian,Solis,sampsonsarah@example.com,113,2023-08-28
2189,Michael,Gonzalez,fernandezdarryl@example.org,300,2026-08-28
2190,Sarah,Robbins,michaelcoleman@example.net,164,2025-05-06
2191,Austin,Smith,fostermichael@example.org,17,2024-07-22
2192,Crystal,Stout,williamsmercedes@example.net,79,2023-06-25
2193,Lindsey,Hudson,wsoto@example.org,80,2025-11-23
2194,Nancy,Sanchez,justin59@example.com,289,2026-08-26
2195,Tammy,Tanner,courtney42@example.com,278,2026-02-01
2196,David,Harvey,jonesscott@example.org,258,2023-05-20
2197,Kristy,Jimenez,hebertkenneth@example.com,255,2025-06-30
2198,Sarah,Crawford,hardingtyler@example.net,285,2023-12-19
2199,Mark,Harris,jennifer65@example.net,109,2024-03-20
2200,Diana,Farley,chelseaboyd@example.com,216,2024-02-08
2201,Joshua,Parker,christyhall@example.org,290,2023-06-23
2202,Patricia,Hill,dorseyjose@example.org,83,2024-07-06
2203,Thomas,Frank,robertritter@example.net,28,2026-06-10
2204,Megan,Barnett,tom09@example.com,63,2026-07-18
2205,Juan,Lowe,jimestes@example.org,146,2023-02-12
2206,Nicholas,Hess,stantonshawn@example.com,242,2025-05-29
2207,Kevin,Santiago,candice76@example.com,44,2025-09-08
2208,Emily,Krause,marc30@example.org,180,2026-05-19
2209,Paul,Price,harnold@example.org,90,2024-06-13
2210,Jeffrey,Livingston,ismith@example.net,251,2026-08-05
2211,Paul,Garcia,ginahicks@example.net,79,2023-03-01
2212,Wendy,Bradley,thomasjohnson@example.org,255,2024-01-12
2213,Amanda,Graham,stewartbridget@example.net,164,2024-06-10
2214,Destiny,Miller,alexandra31@example.org,163,2025-10-25
2215,Robert,Hayes,abigailshah@example.com,122,2026-12-03
2216,Leslie,Warren,oballard@example.net,298,2024-07-20
2217,Melinda,Gillespie,jonathanflynn@example.org,53,2023-04-21
2218,Joseph,Bailey,solislauren@example.net,193,2026-04-09
2219,Samuel,Lambert,eric42@example.net,279,2025-01-19
2220,Lisa,Harrington,brandon50@example.net,277,2025-08-04
2221,Christina,Duran,jmcgee@example.net,140,2024-09-22
2222,Brian,Jones,kathleen24@example.org,187,2024-12-28
2223,Richard,Cole,hmullen@example.com,24,2025-02-19
2224,Tyler,Reed,annette54@example.org,178,2026-03-10
2225,Dennis,Spencer,ycruz@example.com,30,2024-01-31
2226,Sarah,Richmond,woodschase@example.com,228,2025-08-29
2227,Jerry,Stone,luislee@example.net,67,2025-02-18
2228,Patricia,Leonard,vford@example.org,5,2024-04-23
2229,Angela,Rodriguez,wellison@example.com,45,2023-02-24
2230,Melissa,Faulkner,davidwilliams@example.org,202,2023-02-26
2231,Shane,Sullivan,seanadkins@example.com,234,2023-01-19
2232,Marcus,Armstrong,ewilliams@example.org,4,2023-06-03
2233,Monica,Sawyer,harrismelanie@example.net,57,2025-06-16
2234,Keith,Combs,john72@example.net,113,2023-09-26
2235,William,Calderon,daydavid@example.net,230,2026-01-17
2236,Catherine,Holder,ndoyle@example.com,51,2024-02-20
2237,Jason,Chen,christopherlucas@example.com,76,2025-04-11
2238,Matthew,Barnes,seanmatthews@example.org,275,2026-05-10
2239,Elizabeth,Harrison,katelyngarcia@example.org,59,2023-06-06
2240,Russell,Johnston,uhernandez@example.net,29,2023-06-26
2241,Shawn,Turner,josephjackson@example.org,177,2026-09-02
2242,Teresa,Mercado,tallen@example.net,119,2023-10-06
2243,Amanda,Christian,nancysmith@example.org,189,2026-12-26
2244,Lori,Tyler,clayjustin@example.com,296,2026-07-10
2245,Charles,Mitchell,kevinwilliams@example.org,7,2025-08-03
2246,Leslie,Duffy,timothy02@example.org,48,2024-05-24
2247,Ralph,Johnson,jenniferelliott@example.net,177,2025-04-09
2248,Leonard,Greene,chris43@example.com,77,2024-11-01
2249,Dylan,Reed,masonrandy@example.org,127,2026-11-13
2250,Mary,Gonzalez,sean26@example.org,1,2024-02-24
2251,Sandra,Bartlett,michaeljohnson@example.org,89,2024-05-27
2252,Jeffrey,Whitney,boothjuan@example.net,100,2026-08-26
2253,Edward,Morgan,jenningsanthony@example.org,252,2026-01-18
2254,John,Jordan,catherinewilkins@example.com,80,2025-12-02
2255,David,Irwin,davishayden@example.net,188,2024-10-01
2256,Kelly,Smith,brightchristina@example.net,300,2025-09-04
2257,Natalie,Howard,lcarter@example.org,157,2023-07-23
2258,Shari,Decker,ortizselena@example.com,221,2026-08-27
2259,Michael,Adkins,phillip95@example.net,146,2023-11-23
2260,Bryan,Moore,grayrebecca@example.org,296,2024-02-27
2261,Beth,Campbell,franklinramos@example.org,17,2026-12-11
2262,Yvette,Villanueva,douglassoto@example.org,144,2026-03-21
2263,Kaitlin,Schwartz,williammiller@example.org,7,2024-07-01
2264,Jessica,Hughes,harrissteven@example.net,10,2025-05-24
2265,Melissa,Evans,rhondahudson@example.org,58,2024-07-03
2266,Kristen,Gonzalez,brianadaugherty@example.org,95,2024-06-16
2267,Dennis,Hardin,zsanchez@example.org,170,2024-06-23
2268,Jacqueline,Tucker,maldonadohaley@example.org,279,2025-03-11
2269,Shane,Bass,allentiffany@example.org,57,2024-05-30
2270,Kathy,Levine,riggsjoy@example.org,147,2026-09-13
2271,Teresa,Clark,stephenwood@example.com,102,2026-07-12
2272,Michael,Robinson,lfrancis@example.com,252,2026-09-20
2273,Tracy,Rodriguez,floresjoseph@example.org,63,2026-12-18
2274,Daryl,Woods,marissaadams@example.com,86,2026-12-23
2275,Carla,Reed,halljason@example.net,231,2023-07-28
2276,Tamara,Washington,stevenslaurie@example.com,211,2025-10-16
2277,Brandy,Johnson,dwhite@example.com,39,2025-04-28
2278,Kenneth,Elliott,heathersalinas@example.org,276,2025-01-07
2279,Judith,Matthews,kristinsmith@example.com,242,2024-09-07
2280,Raymond,Davis,scott47@example.com,23,2024-12-01
2281,Paul,Davis,mayerjody@example.com,273,2025-06-08
2282,Anthony,Richards,jenniferboyd@example.org,1,2024-12-04
2283,Mary,Greene,laura71@example.com,159,2025-08-19
2284,Jeffrey,Cummings,millerrobert@example.net,296,2023-06-05
2285,Sherri,Murray,chase78@example.com,97,2023-10-16
2286,Jason,Garcia,ynicholson@example.net,60,2023-04-15
2287,Jesse,Pena,smithbrandy@example.org,91,2023-04-13
2288,Jessica,Terry,leslieluna@example.net,300,2026-06-11
2289,Linda,Mullen,aprilnelson@example.org,34,2026-01-15
2290,Austin,Carpenter,nicholas18@example.net,263,2024-11-08
2291,Mitchell,Hill,christopher44@example.org,96,2024-12-02
2292,Nicholas,Richards,johnsonmichael@example.com,51,2025-05-31
2293,Elizabeth,White,stoutsteven@example.net,256,2025-01-26
2294,Jenna,Allen,juliegardner@example.com,219,2026-11-19
2295,Michael,Barr,gschmitt@example.com,114,2023-02-19
2296,Rebekah,Smith,harristravis@example.com,107,2023-06-23
2297,Erin,Massey,ecox@example.net,44,2026-01-26
2298,Jason,Chen,jamessherry@example.net,97,2023-10-06
2299,Maria,Delgado,tyang@example.org,230,2024-03-28
2300,Maurice,Zimmerman,jenniferadkins@example.org,55,2023-02-26
2301,James,Harrison,ebony74@example.org,84,2025-05-07
2302,Dylan,Smith,stevenssarah@example.org,26,2026-02-14
2303,Jaime,Hoffman,nancy15@example.org,152,2023-05-07
2304,Nicole,Proctor,shelbyjackson@example.net,103,2025-07-20
2305,Jodi,Sanchez,mgarcia@example.net,179,2024-01-08
2306,Heather,Macias,ehernandez@example.com,137,2023-10-26
2307,Chelsea,Ramirez,cruzbarbara@example.org,195,2026-03-20
2308,Scott,Larson,zachary89@example.org,199,2023-06-05
2309,Christopher,Hurley,lkelley@example.net,11,2026-09-14
2310,Benjamin,Phillips,qgonzalez@example.com,20,2024-02-24
2311,Kevin,Lopez,ryan26@example.net,134,2024-02-08
2312,Dennis,Campbell,jfreeman@example.com,49,2023-12-23
2313,April,Alvarez,butlerandrea@example.org,72,2026-07-26
2314,Blake,Drake,karenpierce@example.net,206,2023-07-09
2315,Seth,Scott,joanknapp@example.org,300,2025-05-04
2316,Matthew,Davis,mtaylor@example.net,81,2024-09-25
2317,Laura,Decker,cooksherry@example.com,269,2026-09-13
2318,Allison,Henry,rojasjeffrey@example.net,112,2023-05-14
2319,Joseph,Ritter,justinmullins@example.org,253,2026-02-14
2320,Juan,Ward,clarencemoore@example.net,132,2026-01-02
2321,Alyssa,Brown,hholland@example.com,276,2023-06-23
2322,Michael,Cortez,kentbrown@example.com,167,2025-06-29
2323,Erin,Peters,ymyers@example.org,57,2026-08-14
2324,Nicole,Thornton,bwhitaker@example.org,89,2024-06-07
2325,William,Dixon,alicia34@example.com,77,2026-12-26
2326,Megan,Perez,courtney50@example.org,40,2026-08-03
2327,Keith,Barajas,melvinjoseph@example.net,105,2026-06-09
2328,Carrie,Bennett,garnerjessica@example.net,6,2023-03-21
2329,Tammy,Ochoa,darrellsherman@example.net,51,2025-05-30
2330,Jonathan,Rodriguez,lanekyle@example.org,137,2025-06-13
2331,Brian,Barrera,michaelryan@example.com,233,2025-05-22
2332,Jeffrey,Roberson,roychavez@example.net,234,2025-01-14
2333,Victoria,Floyd,lindaho@example.net,93,2024-02-10
2334,Sara,Kent,carlos04@example.org,257,2026-12-06
2335,Michelle,Brown,jarnold@example.org,249,2025-01-10
2336,Jared,Rodriguez,slee@example.org,47,2023-01-10
2337,David,King,umartinez@example.net,190,2026-01-05
2338,Brittany,Gilbert,jonathan02@example.com,78,2023-10-20
2339,David,Young,brightdavid@example.com,299,2024-01-06
2340,Elizabeth,Taylor,susan80@example.org,141,2026-07-13
2341,Billy,Ferguson,richardhancock@example.org,11,2025-08-21
2342,Mary,Ruiz,rodneymclaughlin@example.com,43,2023-12-30
2343,Joshua,Morton,wbooth@example.org,67,2026-10-25
2344,David,Smith,charlesroger@example.org,220,2026-08-17
2345,Joseph,Martinez,castilloshelby@example.com,50,2025-12-23
2346,Christine,Hale,brownsamantha@example.org,168,2024-04-27
2347,Jesse,Reynolds,clarkalan@example.net,207,2023-05-19
2348,Randall,House,teresacobb@example.com,182,2023-08-28
2349,Nicholas,Gonzalez,cassidybaker@example.com,239,2025-02-10
2350,Zachary,Richardson,phelpsjohn@example.net,97,2026-04-29
2351,Jacob,Velasquez,zacharybradley@example.com,13,2024-07-04
2352,Ana,Willis,pbecker@example.org,80,2023-05-22
2353,Tony,Ortiz,ashley04@example.org,129,2025-09-21
2354,Jacob,Warren,lisa43@example.net,275,2025-11-09
2355,Peggy,Flores,gibsonamanda@example.org,187,2026-10-11
2356,Curtis,Bell,agreene@example.com,10,2025-11-14
2357,Anthony,Hickman,davislarry@example.org,215,2023-12-13
2358,Caitlyn,Mendoza,lindsey96@example.net,127,2024-07-30
2359,Kevin,Guerrero,monicasnyder@example.com,294,2023-03-16
2360,Alicia,Johnson,gibsonchristopher@example.net,50,2026-12-25
2361,Jesus,Martinez,cindygarcia@example.com,73,2023-10-07
2362,Kevin,Lindsey,isimpson@example.org,214,2025-05-01
2363,Nicole,Hartman,kimberlymosley@example.com,112,2023-07-25
2364,Joseph,Rosales,anna39@example.net,96,2026-01-16
2365,Julie,Lang,matthew83@example.net,161,2024-09-24
2366,Rebecca,Keller,xriley@example.com,259,2025-05-03
2367,Kayla,Garcia,gomezmichele@example.org,48,2025-06-15
2368,Timothy,Cooke,aschneider@example.org,255,2024-10-09
2369,John,Watson,kevinanderson@example.com,145,2025-01-01
2370,Benjamin,Moreno,lopezgregory@example.net,298,2025-02-01
2371,Joseph,Smith,kholland@example.com,237,2024-01-16
2372,Heather,Gonzalez,smithjacqueline@example.net,182,2026-03-22
2373,Justin,Rodriguez,joseph18@example.com,96,2026-11-20
2374,Gregory,Smith,iswanson@example.org,184,2023-10-18
2375,Emily,Salas,gregory27@example.org,200,2026-06-13
2376,John,Bean,matthewzuniga@example.net,280,2026-05-18
2377,Jodi,Alexander,garykrause@example.net,22,2024-06-28
2378,Roger,Larson,devinwalker@example.org,296,2024-09-24
2379,Kimberly,Smith,anthony12@example.org,154,2026-10-09
2380,Meredith,Martinez,paigebaker@example.com,279,2026-12-14
2381,Jasmine,Clark,whernandez@example.org,81,2024-06-29
2382,Tony,Velez,tgarcia@example.org,264,2025-03-12
2383,Savannah,Morgan,nreyes@example.com,83,2024-02-11
2384,Donald,Sweeney,mwilliams@example.com,168,2026-11-16
2385,Peter,Roman,kelly90@example.net,144,2023-05-11
2386,Fernando,Escobar,yolandalewis@example.org,5,2025-05-27
2387,John,Villanueva,dburns@example.org,7,2023-10-18
2388,Larry,Poole,xkerr@example.com,6,2025-01-04
2389,Rebecca,Gallegos,dennis57@example.org,21,2024-03-03
2390,Vincent,Benton,vhowell@example.net,242,2023-06-14
2391,Susan,Murphy,lruiz@example.net,219,2023-03-26
2392,Brian,Stone,bhaley@example.org,224,2023-06-30
2393,Matthew,Gonzalez,amberlopez@example.com,79,2024-08-11
2394,Richard,Valencia,simpsonashley@example.org,244,2025-08-12
2395,Emily,Price,jeremy02@example.com,218,2025-06-28
2396,Juan,Wright,yguerrero@example.org,267,2023-10-19
2397,Sierra,Sosa,felicia62@example.com,56,2023-11-14
2398,Nathan,Morgan,zklein@example.com,215,2023-01-21
2399,Denise,Phillips,gwright@example.org,298,2024-11-15
2400,Gary,Parker,richard29@example.com,237,2023-07-31
2401,Jared,Lawrence,yhernandez@example.net,235,2026-11-22
2402,Russell,Wilson,romerobrandon@example.org,222,2024-07-30
2403,Barbara,Hernandez,matthewgonzalez@example.com,136,2026-01-19
2404,Cynthia,Allen,goodpaul@example.org,156,2023-08-12
2405,Michael,Compton,shawnsmith@example.net,255,2024-01-20
2406,Tina,Patterson,angelica97@example.net,114,2026-09-11
2407,Martha,Hatfield,kevin33@example.org,31,2025-03-14
2408,James,Knapp,hernandezjohn@example.org,122,2026-03-17
2409,Laura,Davis,elizabethfoster@example.org,259,2025-08-15
2410,Brian,Miller,timothy22@example.net,80,2026-10-04
2411,Curtis,Rose,enorman@example.org,39,2024-09-09
2412,Daniel,Miller,vwilliams@example.org,32,2023-05-28
2413,Richard,Fernandez,chungalyssa@example.net,289,2023-02-02
2414,Jessica,Hess,strongjohn@example.org,118,2026-09-05
2415,Michael,Daniel,donnacruz@example.com,180,2023-02-11
2416,Tyler,Hall,zharmon@example.org,225,2024-01-12
2417,Thomas,Espinoza,jessica56@example.com,91,2025-02-08
2418,John,Cox,gilbertcassandra@example.org,276,2023-09-27
2419,Sandra,Wilkinson,lucaspatrick@example.com,236,2024-08-02
2420,Megan,Ward,jvargas@example.net,269,2024-07-25
2421,Kathleen,Landry,john67@example.org,285,2024-12-27
2422,Kyle,Howard,ysnyder@example.com,21,2024-02-25
2423,Matthew,Alvarez,hardingmark@example.com,182,2026-08-29
2424,Erin,Torres,daniel20@example.org,78,2026-04-03
2425,Jeremy,Nguyen,hernandezwendy@example.com,116,2026-08-30
2426,Beth,Duffy,smithlindsey@example.net,289,2023-06-30
2427,Travis,Good,crystal01@example.net,292,2025-01-31
2428,William,Camacho,jhernandez@example.com,36,2023-04-28
2429,David,Johnson,claire16@example.com,44,2026-12-08
2430,Alan,French,lesliewilkerson@example.net,228,2025-07-02
2431,Jessica,Benson,spencenicholas@example.org,96,2025-07-30
2432,Alison,Kennedy,jason42@example.com,120,2025-07-25
2433,William,White,edwardscorey@example.com,105,2024-03-02
2434,Brian,Zavala,fletchermary@example.net,9,2026-10-20
2435,Jason,Clayton,bhernandez@example.net,72,2025-06-27
2436,Jill,Hamilton,bishopsarah@example.net,257,2026-03-06
2437,Michael,Grimes,angelawilliamson@example.com,75,2026-03-19
2438,Renee,Thomas,charlottedelgado@example.org,69,2026-04-17
2439,Jenna,Gonzales,hallkelsey@example.org,77,2025-05-20
2440,Jennifer,Myers,ayalajohnny@example.com,8,2025-05-24
2441,Gerald,Herman,norma58@example.com,257,2024-12-28
2442,Ryan,Sanders,johnsonmartin@example.com,136,2026-09-27
2443,Derrick,Bates,josephhorton@example.com,156,2025-05-14
2444,Rhonda,Huang,john44@example.com,145,2026-12-16
2445,Christopher,Preston,seanchavez@example.org,97,2023-06-14
2446,Sandy,Berg,emma16@example.org,187,2024-05-10
2447,Nicole,Roberts,omartin@example.com,30,2023-06-12
2448,Jessica,Ho,nharris@example.com,27,2023-05-04
2449,Nicole,Cortez,eruiz@example.org,47,2026-05-11
2450,Jeff,Williams,nicholas91@example.net,273,2026-06-30
2451,Mary,Newton,lori47@example.com,201,2025-09-20
2452,Jasmine,Gibbs,goodwilliam@example.net,140,2026-10-01
2453,Rachel,Fisher,thomas69@example.com,216,2024-12-14
2454,Cody,Johnson,pyoung@example.net,87,2025-04-24
2455,Faith,Ross,michellehampton@example.net,99,2023-03-09
2456,Jeffrey,Williams,joshua89@example.org,293,2023-09-20
2457,Shaun,Hill,johnknight@example.org,237,2024-08-21
2458,Barbara,Burton,khall@example.com,231,2026-02-05
2459,John,Martinez,vgilbert@example.com,282,2023-12-01
2460,Sandra,Acevedo,twong@example.com,256,2024-08-07
2461,James,Martin,geraldsilva@example.net,49,2023-08-18
2462,Karen,Bright,stevencook@example.org,91,2025-12-10
2463,Lisa,Davis,morganandrea@example.net,71,2023-02-07
2464,Thomas,Wilkerson,leetracy@example.com,130,2023-09-26
2465,Angel,Singh,robertclark@example.com,59,2025-01-13
2466,Dennis,Johnston,susan12@example.org,172,2025-03-18
2467,Laura,Wilson,fedwards@example.com,140,2025-03-21
2468,Jasmine,Harris,munozkathleen@example.org,276,2026-05-17
2469,Spencer,Hayes,arthurhernandez@example.net,171,2026-09-23
2470,Sherry,Moreno,pberger@example.com,176,2026-08-30
2471,Heather,Kirk,mwilson@example.net,157,2023-01-18
2472,Gordon,Wilson,weaverdavid@example.org,148,2026-10-01
2473,Travis,Wells,jeffreybecker@example.org,41,2025-02-05
2474,Kathryn,Pratt,oking@example.com,81,2026-03-01
2475,Scott,Hunt,slopez@example.net,208,2023-02-01
2476,Thomas,Hernandez,wgomez@example.com,203,2025-04-28
2477,Christopher,Bowers,david36@example.net,103,2026-10-16
2478,Mason,Jones,gnguyen@example.org,286,2023-09-11
2479,Matthew,Brown,brewernicholas@example.org,150,2026-01-12
2480,Eric,Graham,sarahvelasquez@example.org,14,2025-10-17
2481,Kenneth,Davis,tommychen@example.org,115,2023-05-01
2482,Aaron,Short,rwaters@example.com,232,2023-11-29
2483,Raymond,Castro,cody81@example.com,103,2025-08-08
2484,Eric,Walton,elizabethcollier@example.org,110,2025-07-07
2485,Jose,King,laurenmclean@example.org,39,2026-11-29
2486,Lori,White,dgates@example.net,127,2024-01-02
2487,Cheryl,Jones,connorbest@example.com,65,2026-07-06
2488,Mike,Campbell,eric37@example.com,162,2024-11-16
2489,Olivia,Miller,tammy20@example.org,215,2024-11-16
2490,Jane,Brown,davenporterika@example.org,277,2024-06-29
2491,Matthew,Moran,michael56@example.net,214,2023-10-03
2492,Brenda,Hernandez,manuelpetersen@example.com,210,2024-03-31
2493,Sean,Lee,david77@example.org,20,2026-05-28
2494,Melissa,Kaiser,courtneytaylor@example.org,270,2026-07-09
2495,Eric,Cooper,erika46@example.org,230,2023-02-02
2496,Crystal,Watson,fosterchristopher@example.com,53,2023-05-23
2497,David,Trevino,hillphyllis@example.com,54,2024-03-03
2498,Shawn,Petersen,stephenlara@example.org,148,2026-05-02
2499,Adam,Carpenter,brettpaul@example.org,80,2025-08-09
2500,Mark,Thompson,theresa08@example.net,191,2023-07-07
2501,Alicia,Thompson,irangel@example.org,71,2023-06-14
2502,Jennifer,Carr,jeff93@example.org,134,2025-03-06
2503,Tiffany,Williams,careyjudith@example.com,149,2024-06-12
2504,Shaun,Dixon,daniel85@example.net,41,2026-11-17
2505,George,Brown,egardner@example.com,291,2023-10-26
2506,Christina,Guzman,rodriguezsamantha@example.com,14,2023-05-28
2507,Deborah,Williams,jamesgarcia@example.org,125,2025-09-17
2508,Evan,Blake,rpage@example.com,139,2026-03-01
2509,Micheal,Brown,williampratt@example.org,181,2023-09-16
2510,Kristi,Ortega,billybrewer@example.net,3,2025-07-17
2511,Sean,Clayton,xpena@example.com,253,2024-05-18
2512,Thomas,Williams,twarner@example.com,194,2024-11-16
2513,Paula,Barry,scott44@example.com,185,2025-10-11
2514,Brian,Moore,cheryl06@example.net,67,2025-11-16
2515,Kimberly,Hawkins,kathrynfranklin@example.com,159,2026-07-02
2516,Joshua,Randall,rhoward@example.net,262,2025-02-09
2517,Michael,Cross,stewartalisha@example.com,87,2024-01-27
2518,Alexis,Burton,thunt@example.org,154,2025-01-31
2519,Meredith,Mcpherson,ylivingston@example.net,231,2024-02-22
2520,Sarah,Jones,wmiller@example.net,126,2024-11-11
2521,Douglas,Welch,williamssabrina@example.com,294,2026-11-06
2522,Joanne,Davis,hramsey@example.com,155,2025-09-30
2523,Seth,Young,christopher01@example.net,277,2025-11-16
2524,Joseph,Rodriguez,aliciabuchanan@example.net,16,2025-03-12
2525,Amy,Adams,pvasquez@example.com,164,2023-07-24
2526,Jeffrey,Mcknight,jacob17@example.net,32,2026-10-31
2527,Gregory,Mccoy,yhayden@example.net,42,2024-10-18
2528,Stephanie,Liu,allennoah@example.com,113,2025-10-01
2529,Andrea,Robles,msantiago@example.org,267,2026-10-08
2530,Christopher,Moreno,lopeztracey@example.org,45,2026-11-25
2531,Ashley,Ali,zacharystanley@example.com,166,2025-02-04
2532,Matthew,Perry,lthompson@example.com,102,2024-02-02
2533,Jodi,Camacho,kimberly98@example.net,4,2024-12-30
2534,Jonathan,Mcdaniel,hernandezlisa@example.com,49,2023-01-31
2535,John,Salazar,jason62@example.org,180,2025-07-23
2536,Luke,Singleton,heatherwalls@example.net,54,2023-01-16
2537,Laura,Barber,vincentmahoney@example.com,291,2026-11-30
2538,Samantha,Hutchinson,markyoung@example.net,34,2026-06-16
2539,Tanya,Luna,malexander@example.com,29,2025-04-02
2540,Gregory,Hernandez,itorres@example.org,74,2025-04-05
2541,Richard,Hughes,eedwards@example.com,54,2025-04-26
2542,Jeffrey,Gonzalez,griffithjoshua@example.com,167,2025-04-21
2543,Eddie,Mayer,martinchristopher@example.com,187,2026-08-22
2544,James,Roberts,hsmith@example.net,184,2025-12-20
2545,Thomas,Miller,rachel20@example.org,177,2025-07-18
2546,Brittany,Campos,matthewlopez@example.org,226,2026-04-05
2547,Jesus,Atkins,haysdonna@example.net,174,2025-09-23
2548,Micheal,Mora,juan74@example.org,298,2026-04-07
2549,Michelle,Smith,robertallen@example.net,45,2023-06-04
2550,Duane,York,austinallen@example.org,299,2024-03-26
2551,Victoria,Edwards,ylambert@example.org,159,2024-07-23
2552,Erica,Johnson,rachel56@example.net,203,2024-08-07
2553,James,Austin,jonesbrooke@example.com,292,2023-02-17
2554,Stephanie,Perkins,ahamilton@example.org,14,2026-02-20
2555,Samantha,Tate,karlrice@example.net,277,2025-08-02
2556,Ryan,Thompson,peter81@example.net,192,2024-01-29
2557,Emily,Camacho,kristin26@example.com,97,2026-12-26
2558,Erik,Mcmillan,gregoryrichard@example.com,294,2026-02-11
2559,Becky,Cox,brenda83@example.com,40,2026-09-26
2560,Melissa,Patel,jameslopez@example.net,280,2023-11-12
2561,Shane,Parsons,thomassherry@example.net,263,2026-10-11
2562,Richard,Myers,jholmes@example.org,107,2026-06-05
2563,Tyler,Frost,frankchambers@example.net,198,2023-08-27
2564,Nicole,Rush,jonathanballard@example.org,298,2026-05-26
2565,Valerie,Choi,michael94@example.org,7,2023-11-28
2566,Gerald,Chandler,kristenschaefer@example.net,62,2023-04-07
2567,Melissa,Keller,cheryl73@example.org,100,2024-03-20
2568,Diane,Jones,wallacetravis@example.org,204,2023-02-05
2569,Madison,Richardson,walkerallen@example.org,129,2025-02-03
2570,Sarah,Wilson,robertsian@example.com,281,2026-10-23
2571,Stephanie,Barnes,sarahcooper@example.com,125,2024-12-11
2572,Barbara,Black,urogers@example.org,103,2023-09-30
2573,Mary,Jones,andrea13@example.org,90,2025-07-28
2574,Julie,Harris,austinsnyder@example.com,36,2024-08-10
2575,Regina,Bird,rodriguezeric@example.com,17,2026-11-18
2576,Robert,Robinson,bchavez@example.net,30,2023-04-08
2577,William,Ruiz,wrightangela@example.net,146,2023-01-25
2578,Christopher,Smith,gjones@example.org,99,2024-10-13
2579,Stacey,Martinez,petersonjohn@example.org,205,2025-08-01
2580,Darius,Davis,matthewbrown@example.net,256,2023-11-18
2581,Jason,Smith,jeremy47@example.net,205,2026-08-10
2582,Brittany,Scott,evansmichele@example.net,202,2025-10-29
2583,Tony,Cervantes,mark89@example.com,225,2025-09-09
2584,Mary,Sanchez,jonesrichard@example.net,43,2026-05-06
2585,Joshua,Melendez,glopez@example.net,194,2024-04-24
2586,Michael,Williams,ischultz@example.com,47,2023-01-17
2587,Kim,Holmes,paul05@example.net,169,2025-05-02
2588,Christine,Murray,cannondonna@example.net,17,2026-11-26
2589,Nicholas,Clark,stevenlane@example.com,154,2024-09-29
2590,Hailey,Raymond,thomas00@example.net,137,2024-04-10
2591,Ashley,Lyons,christian19@example.org,77,2025-11-27
2592,Joseph,Pierce,newtonmichael@example.com,195,2025-11-26
2593,Willie,Hubbard,timothyfox@example.org,296,2023-02-08
2594,Angela,Morris,jamielong@example.org,123,2026-07-29
2595,Kevin,Romero,holtcurtis@example.org,78,2023-07-17
2596,Tracy,Sosa,daniel00@example.org,207,2026-04-28
2597,Theresa,Webster,csingleton@example.net,173,2024-04-11
2598,Courtney,Bowers,penningtonjoshua@example.net,170,2025-08-30
2599,Tony,Ryan,bwright@example.com,69,2024-04-29
2600,Billy,Cummings,wwaller@example.net,257,2023-01-18
2601,Christopher,Graham,ibass@example.net,294,2023-06-27
2602,Matthew,Roman,richard93@example.net,192,2024-04-04
2603,Amber,Carey,ohale@example.com,146,2024-01-24
2604,Megan,Gallegos,andersonchristopher@example.org,3,2024-12-08
2605,Dale,Russo,baileydonald@example.com,248,2026-12-25
2606,David,Gomez,qglenn@example.net,36,2025-11-11
2607,Joseph,Gross,kathleen27@example.org,228,2023-11-05
2608,Andrea,Gonzalez,vosborn@example.com,156,2024-08-28
2609,Ashley,Parks,vaughnvictoria@example.org,179,2025-10-11
2610,Sarah,Miller,danielford@example.com,20,2025-01-16
2611,Ebony,Mcdonald,clarkdeborah@example.org,79,2023-06-11
2612,Sean,Ingram,robert31@example.net,228,2023-07-21
2613,Anthony,Gregory,hannah69@example.org,172,2025-08-01
2614,Jerry,Jennings,powellchristopher@example.com,264,2024-11-04
2615,Joyce,Obrien,hardypatrick@example.net,125,2025-05-03
2616,Matthew,Barrett,lvincent@example.com,164,2025-06-21
2617,Matthew,Marquez,april68@example.com,194,2024-10-06
2618,Joanna,Murphy,pagechristopher@example.net,139,2026-09-21
2619,Matthew,Baker,kristen39@example.com,191,2023-06-22
2620,Felicia,Kelly,carmen13@example.net,188,2025-01-29
2621,Steven,Schaefer,lisalarson@example.com,287,2023-06-06
2622,Sara,Jackson,fle@example.org,42,2023-06-07
2623,Tara,Day,ricky32@example.org,225,2023-05-14
2624,Katie,Parsons,sarah49@example.net,297,2026-09-02
2625,Regina,Paul,courtneysantiago@example.net,9,2025-06-26
2626,Wesley,Woods,michelle18@example.com,251,2023-09-27
2627,Heather,Graves,fgordon@example.com,99,2023-03-10
2628,Olivia,Castillo,hdelgado@example.org,219,2024-07-23
2629,Jeffrey,Stewart,lindsey29@example.com,62,2024-12-31
2630,Jerry,Rios,awright@example.org,205,2026-09-21
2631,Robert,Salas,ashley69@example.org,19,2023-04-19
2632,Ariel,Rogers,charles23@example.org,4,2026-08-06
2633,Stacy,Thomas,mitchellwarren@example.org,32,2023-12-19
2634,Albert,Stewart,dsanders@example.net,59,2025-09-09
2635,Cassandra,Montgomery,melvin38@example.org,97,2023-04-06
2636,Charles,Martin,vmccormick@example.org,61,2025-06-02
2637,Nathan,Anderson,mosesalexander@example.org,46,2023-05-13
2638,Anna,Oliver,kelly32@example.com,271,2023-05-29
2639,Steven,Riggs,jacobbonilla@example.org,185,2026-03-29
2640,Eric,Moore,andrew23@example.com,57,2025-11-10
2641,Lawrence,Singh,tracyvargas@example.com,169,2025-06-19
2642,Timothy,Cooper,jill18@example.net,228,2023-08-10
2643,Charles,Walker,lkennedy@example.net,268,2026-07-12
2644,Patrick,Grant,john09@example.net,252,2025-10-13
2645,Kyle,Richard,devingraves@example.net,5,2026-02-28
2646,Denise,Kelly,ryan66@example.org,257,2023-04-13
2647,David,Meadows,michelle34@example.org,55,2023-04-28
2648,Heather,George,brooke55@example.net,27,2026-09-29
2649,Louis,Anderson,vgregory@example.net,188,2026-08-10
2650,Natalie,Pierce,smithwanda@example.com,276,2026-09-10
2651,Tammy,Cruz,kimberly62@example.org,214,2026-11-27
2652,Kimberly,Smith,rsmith@example.org,75,2023-07-29
2653,Emily,Ruiz,hartmanjonathan@example.net,50,2023-10-27
2654,Danielle,Jordan,alisha40@example.net,62,2024-06-05
2655,Terri,Hernandez,kellypark@example.com,22,2026-09-11
2656,Andrea,Strickland,rossandre@example.net,119,2026-11-26
2657,Julie,Solomon,dianamiller@example.com,223,2025-11-09
2658,Jessica,Hampton,terry31@example.org,181,2025-10-17
2659,Paula,Park,kimberly73@example.com,42,2024-06-08
2660,Pamela,Myers,melissa05@example.net,63,2026-08-10
2661,Steve,Gonzalez,jjones@example.com,137,2026-09-19
2662,Christina,Bautista,zbrown@example.net,37,2025-07-26
2663,Sonya,Barker,christina77@example.net,204,2025-03-10
2664,Samantha,Brooks,ashley76@example.org,72,2024-09-19
2665,Amber,Padilla,jaygross@example.net,145,2025-11-29
2666,Jessica,Matthews,cookashley@example.net,3,2025-08-08
2667,James,Bennett,gknight@example.net,290,2024-12-16
2668,Adam,Dunn,floresjohn@example.org,145,2026-01-11
2669,Cynthia,Castillo,frank88@example.org,27,2025-08-19
2670,Kenneth,Sampson,leelewis@example.net,240,2026-05-21
2671,Carla,Hernandez,vbrown@example.net,16,2024-06-09
2672,Terri,Gray,chendrix@example.net,245,2023-10-20
2673,Thomas,Scott,jason85@example.org,13,2026-10-28
2674,Jennifer,Pierce,kjohnson@example.com,96,2025-05-17
2675,Chad,Lopez,raymond12@example.org,105,2023-09-09
2676,Edward,Martin,christopher52@example.com,296,2023-04-09
2677,Raymond,Moreno,alvarezstephen@example.com,291,2024-01-15
2678,Vanessa,Perez,davisruth@example.org,62,2025-09-16
2679,Jennifer,Long,jacobpham@example.net,113,2025-02-02
2680,James,Nguyen,christopherburch@example.net,226,2026-08-24
2681,George,Beck,jking@example.org,231,2024-05-12
2682,Adrienne,Gardner,walshjohn@example.org,260,2025-11-12
2683,Cynthia,Newton,jesse57@example.com,239,2025-12-19
2684,Mary,Acosta,william47@example.org,264,2024-08-02
2685,Brian,Butler,georgehoward@example.net,120,2026-03-10
2686,Donna,Ryan,jesseerickson@example.com,137,2025-08-09
2687,Emily,Smith,pmoore@example.net,2,2025-05-05
2688,Megan,Cox,mschmidt@example.com,133,2025-08-17
2689,Travis,Alexander,kthomas@example.net,32,2025-08-05
2690,Johnathan,Williams,aarnold@example.net,64,2026-08-15
2691,Rebecca,Garner,tsherman@example.com,176,2024-04-06
2692,Jeffrey,White,margarethorton@example.org,12,2023-04-22
2693,Brian,Barnes,cestrada@example.net,207,2026-02-19
2694,Jeffrey,Manning,christinesingh@example.com,215,2024-04-25
2695,Karen,Hinton,gutierrezsteven@example.org,96,2026-01-24
2696,Lori,Ramirez,denise48@example.org,12,2025-05-15
2697,Dennis,Small,rcalderon@example.net,9,2024-09-24
2698,Kimberly,Foster,veronica56@example.org,181,2024-04-05
2699,Frank,Parker,sevans@example.com,43,2025-02-10
2700,Cody,Jones,mitchellstephanie@example.net,268,2024-01-18
2701,Kevin,Burke,jefferykim@example.com,71,2024-06-27
2702,Robert,Campbell,bescobar@example.com,296,2026-12-03
2703,Jerry,Young,xweber@example.com,118,2024-02-28
2704,Lindsay,Mack,jessica31@example.net,84,2025-01-01
2705,Joshua,Fischer,igonzalez@example.net,70,2025-01-13
2706,Danielle,Ortiz,alyssa05@example.net,178,2023-04-14
2707,Jason,Warren,zcuevas@example.org,211,2024-03-27
2708,Emily,Casey,georgemaxwell@example.net,137,2026-11-30
2709,Lisa,Lee,ilopez@example.net,102,2024-04-22
2710,Kristin,Flowers,taralee@example.net,249,2026-08-11
2711,Katie,Copeland,corey17@example.org,9,2023-11-21
2712,Lori,Washington,wdavis@example.net,299,2025-11-04
2713,Andrea,Freeman,hgibson@example.com,222,2024-12-27
2714,Ryan,Graham,njames@example.com,81,2023-04-07
2715,Tamara,Henry,wmacias@example.org,47,2024-06-23
2716,Tamara,Fisher,boydmisty@example.org,25,2025-12-21
2717,Monica,Poole,kmcbride@example.net,214,2023-10-07
2718,Jeffrey,Blevins,daviddavies@example.net,226,2024-09-13
2719,Rachel,Collins,vschmitt@example.org,55,2023-10-13
2720,Kathryn,Diaz,nicole25@example.net,193,2026-01-23
2721,Joe,Andrews,scott94@example.net,179,2026-04-22
2722,William,Cantu,gregory34@example.com,51,2023-01-31
2723,Charles,Mays,dianaturner@example.com,219,2025-07-10
2724,Derrick,Douglas,khanronald@example.com,253,2026-07-28
2725,Susan,Walker,michael10@example.com,111,2026-07-30
2726,Amanda,Wheeler,jessica90@example.org,92,2025-12-17
2727,Robert,Peterson,keith46@example.com,81,2024-08-26
2728,Brian,Wood,melanie20@example.com,259,2024-11-20
2729,Melissa,Lee,bowerspeggy@example.com,34,2024-06-30
2730,Steve,Martin,timothygordon@example.org,248,2023-03-06
2731,Richard,Meyers,keith33@example.net,290,2023-07-02
2732,Michelle,Jackson,samanthaanderson@example.org,280,2025-10-03
2733,Daniel,Brock,vgarcia@example.org,185,2026-10-06
2734,Jeff,Morrison,hernandezbarbara@example.net,226,2023-09-23
2735,Julia,Miller,vvargas@example.com,206,2025-10-26
2736,Stephanie,Golden,robertboyd@example.com,286,2024-02-11
2737,Jorge,Bowers,zjohnston@example.net,16,2026-06-22
2738,Amanda,Sherman,lkennedy@example.org,25,2025-11-28
2739,Miranda,Brown,georgepowell@example.org,5,2026-10-05
2740,Heather,Nichols,lmiranda@example.net,21,2026-12-30
2741,John,Gibson,dawnmiller@example.net,174,2024-01-05
2742,David,Williams,collinsantos@example.org,208,2023-09-04
2743,John,Morales,rhicks@example.com,234,2026-05-03
2744,Natalie,Reed,turnerjeremy@example.org,236,2024-02-16
2745,Emily,Roman,perryfrancisco@example.org,95,2026-04-08
2746,Angela,Bass,salazarjoseph@example.net,7,2023-10-20
2747,Cole,Simmons,edavis@example.net,5,2024-11-13
2748,Joseph,Ortiz,davidjustin@example.com,231,2024-01-09
2749,Thomas,Lee,tamaramorgan@example.org,170,2023-02-04
2750,Amber,Valencia,kenneth18@example.org,168,2023-05-04
2751,Randall,Mccarty,olsondaniel@example.com,107,2024-02-21
2752,Lori,Brown,ryan73@example.net,210,2025-04-01
2753,Eric,Weaver,david29@example.org,260,2023-05-06
2754,Susan,Lane,jennifer73@example.org,185,2023-03-26
2755,Melody,Weaver,ybanks@example.org,40,2023-03-22
2756,Heather,Mullins,ronald20@example.com,89,2024-08-17
2757,Peter,Lee,benjamin25@example.com,205,2026-06-06
2758,Kevin,Ray,michellecastillo@example.org,116,2026-05-21
2759,Melanie,Hutchinson,andre04@example.net,52,2023-06-26
2760,Haley,Gordon,chelsea39@example.net,4,2026-11-26
2761,George,Curry,janetpatton@example.org,105,2026-01-29
2762,Kristina,Hahn,ehayes@example.net,104,2023-07-29
2763,Patricia,Smith,kimberlychen@example.com,153,2026-07-16
2764,Fernando,Caldwell,richardandrews@example.org,66,2023-12-26
2765,Melissa,Whitaker,crawfordstephanie@example.com,8,2023-10-02
2766,James,Mendez,brooksdana@example.org,300,2024-07-09
2767,Susan,Arnold,tfoster@example.com,146,2026-10-13
2768,Sarah,Mitchell,kelsey82@example.org,84,2025-03-28
2769,Elizabeth,Scott,evargas@example.org,180,2024-03-05
2770,John,Mendoza,inavarro@example.net,34,2024-04-30
2771,John,Rosario,fibarra@example.net,279,2026-09-29
2772,Mary,Alexander,andrew71@example.org,7,2024-02-08
2773,Monique,Wong,daniel72@example.net,56,2023-05-13
2774,Arthur,Howell,carrollheather@example.com,294,2023-12-30
2775,Patrick,Gallagher,gomeztimothy@example.com,13,2026-01-19
2776,Paul,Pena,vstewart@example.org,154,2024-11-19
2777,Dana,Byrd,arieljohnson@example.net,283,2026-09-28
2778,Matthew,Willis,wrightmelissa@example.org,55,2025-08-27
2779,Samantha,Turner,angela36@example.org,138,2024-02-13
2780,Brandon,Fisher,diazjoshua@example.org,76,2026-02-08
2781,Jennifer,Hahn,amartinez@example.net,248,2026-09-13
2782,Philip,Mays,zhuerta@example.net,215,2024-12-27
2783,Crystal,Vance,dguerrero@example.com,59,2026-03-27
2784,Alexandria,Kelly,clarkoscar@example.org,205,2026-10-03
2785,James,Brown,ywallace@example.net,229,2024-01-07
2786,Tiffany,Shaw,nreyes@example.org,74,2023-10-25
2787,Robert,Compton,olopez@example.org,4,2025-10-02
2788,Michelle,Ruiz,rvelasquez@example.net,283,2026-04-09
2789,Brittany,Mcclure,wnolan@example.net,255,2025-08-13
2790,Kelly,Gonzalez,donna17@example.org,96,2023-07-01
2791,Scott,Martinez,moorerichard@example.org,218,2023-12-09
2792,Megan,Brooks,john19@example.com,123,2024-03-23
2793,Terry,Knox,stephanie90@example.net,87,2023-05-13
2794,William,Garcia,clairemiller@example.org,188,2026-03-01
2795,Andrea,Garcia,hudsonmckenzie@example.net,285,2023-03-08
2796,Elizabeth,Contreras,petererickson@example.com,184,2025-07-10
2797,Leslie,Andersen,gmatthews@example.com,5,2024-12-22
2798,Sherry,Reese,rhall@example.org,265,2026-09-21
2799,William,Flores,jamesalexis@example.net,185,2025-10-15
2800,Sandra,Marquez,twilliams@example.com,189,2024-11-05
2801,Steven,Hernandez,rmurphy@example.com,275,2026-06-26
2802,John,Galloway,smithjason@example.org,18,2026-02-26
2803,Christopher,Taylor,chadbrown@example.net,184,2026-10-01
2804,Alexandra,Salazar,prattdebra@example.com,29,2024-02-24
2805,Laura,Williams,vmiller@example.org,10,2025-06-13
2806,Jeff,Martin,grantharry@example.com,94,2026-06-11
2807,Nicole,Mcgee,robersonemily@example.org,297,2025-08-01
2808,Felicia,Porter,mccarthysusan@example.com,11,2026-01-02
2809,Philip,Hernandez,kelly15@example.com,122,2023-06-15
2810,Mary,Barnes,hicksmichael@example.net,49,2024-12-08
2811,Richard,Sanchez,cpeck@example.net,78,2023-04-24
2812,Bradley,Mcdonald,raymond63@example.org,244,2026-09-08
2813,Andrew,Benitez,steven13@example.net,81,2026-02-04
2814,Jennifer,Spencer,cgreen@example.net,159,2025-05-12
2815,Matthew,Farrell,moralesmichelle@example.org,62,2026-06-15
2816,Bryan,Gordon,harrisjesus@example.org,10,2025-06-16
2817,Gabriel,Figueroa,nicole56@example.org,35,2026-02-01
2818,Phyllis,Peterson,cferguson@example.com,18,2025-03-23
2819,Lucas,Mata,cynthia41@example.org,10,2023-04-26
2820,Justin,Rose,bakerjordan@example.org,206,2023-02-28
2821,Glen,Carlson,kelseyholt@example.org,50,2026-10-07
2822,Ruth,Lawson,calebwyatt@example.org,85,2024-12-26
2823,Curtis,Poole,lleblanc@example.org,4,2025-07-20
2824,Mary,Dawson,goodmanwillie@example.net,99,2023-07-27
2825,Charles,Smith,kaylataylor@example.com,223,2023-03-14
2826,Richard,Grant,stoutdawn@example.org,201,2025-05-31
2827,Nicholas,Myers,jamesmalone@example.net,149,2023-07-23
2828,Patrick,Johnson,russell24@example.net,63,2025-08-11
2829,Eric,Middleton,mark48@example.net,248,2026-12-19
2830,Christopher,Swanson,christophertorres@example.net,175,2026-04-24
2831,Wendy,Lee,michaelglover@example.net,219,2025-03-25
2832,Anna,Campbell,timothybaird@example.org,190,2023-07-28
2833,James,Ward,david98@example.org,123,2023-12-11
2834,Jenna,Graves,anne44@example.org,164,2024-05-16
2835,David,Green,nicholas42@example.net,176,2025-12-11
2836,Kevin,Serrano,adamsnathaniel@example.org,90,2026-09-19
2837,Joshua,Brown,robertsonheather@example.com,48,2023-09-06
2838,Kathleen,Tanner,williamwilson@example.com,173,2026-03-01
2839,Victoria,Charles,ihuang@example.org,218,2024-11-05
2840,Mary,Morales,conradaaron@example.com,217,2026-02-11
2841,Bryan,Kim,dbell@example.net,92,2025-01-11
2842,Edward,Heath,walkerbrianna@example.com,257,2023-06-07
2843,Erika,Bailey,alexsullivan@example.net,146,2026-07-22
2844,Arthur,Williams,jeffrey08@example.com,84,2024-12-31
2845,Robin,Gonzalez,jordanwallace@example.org,134,2026-04-04
2846,Paul,Hudson,tina80@example.org,114,2025-05-06
2847,Claudia,Kelly,qclarke@example.org,148,2025-09-24
2848,Spencer,May,oroberts@example.net,7,2023-09-25
2849,Danielle,Rodriguez,ldoyle@example.com,208,2023-09-23
2850,Annette,Alexander,millerleah@example.net,195,2023-04-02
2851,Bradley,Miller,mayjody@example.com,298,2023-12-15
2852,William,Harris,melissa65@example.net,65,2023-04-26
2853,Rachel,Kaiser,herbert16@example.com,44,2024-12-01
2854,Morgan,Johnson,racheldavis@example.net,169,2026-03-06
2855,Diana,Hawkins,davidrangel@example.org,297,2026-04-23
2856,Stacy,Robertson,samuelfields@example.net,212,2023-05-09
2857,Sheila,Wong,kathleen63@example.org,6,2026-08-26
2858,Daniel,Mueller,dixonjessica@example.net,236,2024-03-02
2859,Preston,Mendoza,mortonadam@example.net,173,2024-10-19
2860,Curtis,Schultz,sherisharp@example.org,101,2026-06-20
2861,Matthew,Sutton,iholloway@example.org,242,2023-04-19
2862,Stacey,Perry,gflores@example.com,52,2025-05-29
2863,Karina,Webb,dianaboyd@example.net,90,2023-06-22
2864,Jaime,Suarez,kimberly33@example.com,220,2023-10-09
2865,Sarah,Hill,perrywalton@example.com,43,2023-12-26
2866,Erin,Lyons,williamharris@example.com,272,2026-09-19
2867,Rebecca,Kelly,anna46@example.org,164,2025-02-21
2868,Steve,Buck,taylortheresa@example.com,268,2026-01-29
2869,Diane,Lester,jacqueline04@example.org,65,2024-09-03
2870,Tracie,Morrison,baileyian@example.net,97,2026-12-08
2871,Peter,James,nicholasgarcia@example.net,26,2023-02-06
2872,Whitney,Carter,jacqueline31@example.net,44,2023-09-06
2873,Scott,Shelton,anthony57@example.net,25,2025-11-22
2874,Ray,Smith,sharon62@example.org,113,2025-01-28
2875,Jeremiah,Bautista,hansonshawn@example.com,14,2026-08-22
2876,Maria,Berger,michaelowens@example.net,289,2023-11-17
2877,Christopher,Steele,ycampbell@example.com,7,2024-12-26
2878,Emily,Smith,apriladkins@example.com,78,2026-11-05
2879,Theresa,Taylor,edwardsjoel@example.net,47,2026-10-23
2880,Charles,Barajas,justinroberts@example.com,241,2024-09-22
2881,Lynn,Chen,ricecassandra@example.org,287,2024-09-20
2882,Frank,Thompson,vhoffman@example.org,258,2026-07-26
2883,Sherri,Le,sandovaljoshua@example.com,221,2024-11-08
2884,Christina,Schroeder,joanne15@example.com,181,2026-07-08
2885,Patricia,Spencer,jclayton@example.org,255,2026-12-17
2886,William,Sanders,knightgerald@example.org,253,2026-01-03
2887,Kimberly,Hickman,strongjacob@example.org,173,2024-08-22
2888,Maria,Waters,pcooke@example.net,255,2024-03-29
2889,Monica,Benton,wrighttimothy@example.org,51,2024-03-22
2890,Kristen,Young,epeters@example.net,196,2024-08-10
2891,Jonathan,White,josephgordon@example.com,157,2026-05-03
2892,Mark,Moss,ahayes@example.com,192,2024-03-24
2893,Tracy,Martin,martingarcia@example.org,277,2025-09-16
2894,Michael,Mills,igutierrez@example.net,124,2023-01-30
2895,David,Warner,owencynthia@example.com,226,2024-11-20
2896,Brian,Leonard,matthew49@example.org,122,2025-05-07
2897,Ralph,Armstrong,trevorpruitt@example.com,161,2026-03-15
2898,Katherine,Mclaughlin,yramos@example.org,96,2023-04-22
2899,David,Campbell,kristy28@example.net,169,2025-12-18
2900,Kathleen,Porter,millerdaniel@example.org,147,2024-06-27
2901,Tiffany,Perez,torresmichael@example.net,216,2024-12-15
2902,Brett,Schultz,hortonmorgan@example.org,207,2023-01-14
2903,Tommy,Massey,garciaerin@example.net,161,2024-02-17
2904,Sheri,Davis,paulmitchell@example.org,7,2023-07-27
2905,Marc,Jackson,christopher09@example.org,135,2023-04-01
2906,Christine,Walker,ppham@example.com,135,2026-10-22
2907,Mary,Nash,annclark@example.net,288,2025-03-31
2908,Anthony,Casey,dawsonjoshua@example.net,171,2026-03-13
2909,Veronica,Anderson,williamsricky@example.com,250,2023-01-08
2910,Laura,Mccarthy,canderson@example.net,67,2024-08-10
2911,Raymond,Maxwell,andre18@example.net,17,2024-08-18
2912,Justin,Hess,kathleenperez@example.net,173,2024-10-06
2913,Jimmy,Salinas,robertswilliam@example.com,269,2026-06-25
2914,Sarah,Mckenzie,alisha10@example.com,139,2025-12-28
2915,Richard,Mills,bobby68@example.org,121,2024-05-01
2916,Lindsay,Williams,jasonjones@example.net,265,2025-08-10
2917,Pamela,Holt,jenkinsmaria@example.net,238,2023-02-14
2918,Benjamin,Williams,gomeztonya@example.net,76,2025-03-26
2919,Jessica,Morgan,orrpeter@example.net,45,2026-09-07
2920,Brenda,Cortez,pcampos@example.com,4,2024-06-21
2921,Laura,Christensen,michelle67@example.net,118,2023-06-22
2922,Gavin,Mendoza,ymolina@example.org,242,2024-08-30
2923,Rebecca,Owens,mitchellbailey@example.net,19,2026-10-09
2924,Charles,Stephenson,uhernandez@example.com,171,2026-05-04
2925,James,Kelly,todd78@example.org,42,2025-01-04
2926,Caitlin,Taylor,cgriffin@example.com,2,2023-01-05
2927,Jennifer,Moore,rodrigueztammy@example.net,46,2026-02-05
2928,Bryan,Williams,zmontgomery@example.org,107,2024-11-28
2929,Sean,Foster,nhays@example.com,37,2023-05-27
2930,Christina,Goodwin,cevans@example.org,135,2024-08-26
2931,Daniel,Mack,pamela12@example.net,253,2026-11-20
2932,Austin,Beck,robert01@example.com,282,2025-12-08
2933,Angela,Mccoy,laurenjones@example.com,191,2023-10-28
2934,Betty,Evans,claudia30@example.com,251,2026-01-04
2935,Michael,Kelly,alexanderpatricia@example.net,218,2024-02-13
2936,Carolyn,Chavez,timothy23@example.com,266,2025-04-01
2937,Christopher,Whitaker,mary07@example.com,189,2023-11-04
2938,Christopher,Butler,parkermelissa@example.org,76,2023-05-11
2939,Alejandra,Martinez,dianewatts@example.net,18,2023-12-28
2940,Travis,Camacho,bryantmichele@example.net,98,2026-01-14
2941,Monica,Coleman,anthony94@example.com,60,2024-08-02
2942,Barbara,Flores,georgejoseph@example.net,66,2024-10-23
2943,Zachary,Holloway,morganwilliams@example.org,66,2023-10-06
2944,Jennifer,Hickman,crossalicia@example.com,199,2025-11-15
2945,Justin,Rojas,silvajamie@example.com,175,2024-06-27
2946,Penny,Barnes,matthewjohnson@example.net,92,2024-04-18
2947,Lauren,Richardson,kennethalvarado@example.com,10,2025-12-11
2948,Tracie,Stokes,jonathanroth@example.org,46,2025-12-05
2949,Christina,Moore,wmiddleton@example.org,271,2026-10-27
2950,Aaron,Higgins,rebeccaherman@example.net,273,2026-06-04
2951,Andrew,Conley,kristi28@example.net,102,2025-03-25
2952,Matthew,Lee,kmills@example.com,289,2023-04-08
2953,Thomas,Cruz,reesealbert@example.org,3,2025-08-30
2954,Jane,White,dtorres@example.net,194,2025-02-10
2955,Brett,Watts,seth39@example.org,257,2025-02-20
2956,Benjamin,Brown,romandonald@example.org,198,2024-02-20
2957,Lindsay,Ayala,bradley43@example.net,240,2026-01-24
2958,Michael,Henderson,mahoneyalexandra@example.com,80,2024-01-24
2959,Michael,Stevens,kaylanewton@example.com,281,2026-11-13
2960,Randy,Hall,sdavis@example.com,116,2025-09-20
2961,Victoria,Hardin,davidmarshall@example.com,86,2024-12-06
2962,William,Morris,anna54@example.net,297,2025-09-15
2963,Brittany,Evans,stephanietaylor@example.com,296,2023-07-26
2964,Daniel,Taylor,ralph92@example.org,274,2024-03-24
2965,Edwin,Barnett,stephaniehill@example.org,83,2024-11-15
2966,Randy,Long,daniel54@example.com,296,2026-06-06
2967,Brittany,Montoya,montgomerycathy@example.org,194,2023-11-24
2968,Mark,Baker,cardenasvictor@example.org,242,2026-12-22
2969,Jose,Jackson,sean05@example.com,254,2023-03-10
2970,Patricia,Williams,campbelldavid@example.net,145,2026-04-29
2971,Lynn,Downs,tamisilva@example.com,228,2024-06-09
2972,Juan,Mooney,michelle42@example.org,205,2025-01-27
2973,Brian,Wagner,jbell@example.net,58,2026-08-15
2974,Madison,Sanchez,jtaylor@example.com,75,2025-06-14
2975,Donald,Carey,castanedaalicia@example.com,81,2026-10-11
2976,Katherine,Calderon,haydenmarilyn@example.org,124,2026-01-10
2977,Sean,Boyd,gordonrichard@example.org,284,2025-07-23
2978,Nicholas,Ray,mossrobert@example.net,85,2026-06-17
2979,Christian,Anderson,perezlaura@example.org,288,2023-10-31
2980,Sean,Garcia,brianjones@example.org,247,2023-07-01
2981,Shari,Chang,richmondmitchell@example.org,28,2025-02-16
2982,Barbara,Meyer,zcowan@example.net,82,2024-12-18
2983,Jill,Chavez,josephbrewer@example.com,117,2025-10-08
2984,Carol,Gregory,brookegeorge@example.net,220,2025-04-02
2985,Dustin,Lowe,choichristine@example.com,126,2025-05-21
2986,Michael,Burnett,lcole@example.com,255,2026-05-18
2987,Sally,Floyd,marc73@example.com,164,2023-07-01
2988,Robert,Martinez,maryyates@example.com,42,2023-01-26
2989,James,Sims,grichardson@example.org,20,2024-09-26
2990,Shelia,Monroe,kingjoyce@example.net,1,2024-08-05
2991,Abigail,Smith,lhanson@example.net,38,2023-11-10
2992,Jody,Alvarado,brian02@example.org,95,2026-03-16
2993,Julie,Lane,juangardner@example.org,22,2024-06-02
2994,Tracy,Bowers,kevinperez@example.org,75,2026-09-26
2995,Richard,Mclaughlin,martinkelly@example.com,57,2026-05-19
2996,Chase,Lawson,mvargas@example.com,148,2026-09-26
2997,Timothy,Snyder,sherri10@example.org,197,2024-05-27
2998,Michelle,Lara,hardyann@example.com,168,2026-05-14
2999,Robin,Davis,ramoslisa@example.net,188,2026-02-26
3000,Diana,Macdonald,qlandry@example.com,10,2024-11-07
3001,Kevin,Webster,wharrison@example.org,78,2024-06-15
3002,Stephen,Jimenez,aschwartz@example.net,248,2025-10-15
3003,Ruben,Jones,ryandaniels@example.net,296,2026-11-07
3004,Jamie,Reese,maurice63@example.net,255,2023-12-17
3005,Maria,Peters,nelsonvanessa@example.com,264,2025-07-23
3006,Brandon,Green,washingtonadam@example.com,250,2026-12-19
3007,Brian,Price,qtorres@example.com,247,2025-03-14
3008,Linda,Perez,mark70@example.org,84,2024-03-25
3009,Bradley,Norton,davisrobert@example.org,119,2024-10-26
3010,Jon,Serrano,ngarcia@example.org,54,2023-07-13
3011,Thomas,Harris,marvin83@example.net,132,2025-01-09
3012,David,Wong,johnny25@example.org,255,2023-04-04
3013,Jessica,Townsend,lawrencecraig@example.com,54,2025-01-17
3014,Linda,Harrison,whitney87@example.org,86,2024-08-05
3015,Angela,Walls,jamievasquez@example.com,47,2026-08-10
3016,Deborah,Kelly,tara06@example.com,29,2024-10-27
3017,Gary,Sampson,daniel57@example.org,103,2024-03-18
3018,Anita,Hoffman,johnsonjennifer@example.org,91,2023-07-17
3019,Katherine,Owens,ojohnson@example.com,297,2025-02-12
3020,Joshua,Walls,lindawade@example.org,93,2023-07-20
3021,Nathan,Rios,alison05@example.com,232,2026-04-02
3022,Ann,Green,fuentesbarbara@example.com,288,2026-05-04
3023,Jeffrey,Liu,nharris@example.org,138,2023-12-20
3024,Anthony,Cooper,lawsonmelissa@example.org,144,2023-06-30
3025,John,Brown,wardnicholas@example.net,19,2024-10-12
3026,Leslie,Walker,bjackson@example.com,194,2025-02-10
3027,Kara,Walker,jmurphy@example.com,259,2026-08-24
3028,Tony,Phillips,allenamanda@example.com,289,2025-10-07
3029,Miguel,Mcintyre,yponce@example.org,249,2026-07-21
3030,James,Woodward,shannonfrancis@example.net,55,2023-04-21
3031,Courtney,Clarke,kandrews@example.net,269,2026-07-21
3032,Sara,Ramos,mikevaughan@example.org,276,2023-10-19
3033,Timothy,Butler,millerdustin@example.com,4,2023-12-01
3034,Colton,Cook,campbellshannon@example.net,113,2023-10-06
3035,Samuel,Roman,hamptonandrea@example.net,163,2025-02-17
3036,Tina,Melendez,brianhicks@example.net,54,2023-03-09
3037,Elizabeth,Williams,jessica42@example.net,171,2026-02-25
3038,Matthew,Martin,baileyedwards@example.org,245,2023-04-25
3039,Michael,Burns,qrodriguez@example.com,44,2025-06-29
3040,Molly,Lucero,bryce28@example.com,69,2026-08-07
3041,Ashley,Decker,smithchad@example.com,259,2026-11-07
3042,Justin,Cruz,chloewallace@example.com,22,2025-09-10
3043,Shannon,Rodriguez,vanessa14@example.net,89,2024-01-01
3044,Lisa,Potts,emartinez@example.org,273,2023-12-13
3045,Noah,Schultz,murrayrobert@example.com,55,2024-10-26
3046,Ashley,Gordon,uhorton@example.com,194,2025-05-17
3047,Marilyn,Clark,hsutton@example.com,33,2025-06-13
3048,Michael,Hawkins,desireecook@example.com,299,2024-09-11
3049,Jennifer,Ramirez,ashleybyrd@example.org,3,2023-05-20
3050,Eric,White,marissabeck@example.org,35,2026-06-02
3051,Shane,Maynard,laura10@example.com,192,2025-11-14
3052,John,Bass,hsingleton@example.com,3,2024-04-03
3053,Andrew,Wright,stephanie88@example.com,21,2023-12-12
3054,Debra,Olson,hectorhicks@example.org,14,2024-05-31
3055,Joseph,Roberts,patrickjohnson@example.net,96,2025-02-11
3056,Barbara,Meyer,bryanbond@example.org,227,2026-01-25
3057,Brian,Williams,rhodeskrystal@example.com,177,2025-12-06
3058,Jose,Harrison,tiffanymoreno@example.org,108,2024-09-25
3059,Robert,Richards,sandersashley@example.org,122,2025-04-24
3060,John,Gray,leeroberson@example.org,77,2023-08-01
3061,John,Schmidt,johnrichard@example.org,237,2025-01-04
3062,Emily,Snow,michael02@example.org,266,2024-06-20
3063,Jennifer,Williamson,johnsonmandy@example.net,28,2025-02-13
3064,Jamie,Hutchinson,tleon@example.net,28,2023-09-07
3065,Scott,Hansen,patelriley@example.com,82,2025-02-27
3066,Cynthia,Schneider,andreahicks@example.net,138,2026-04-12
3067,Rachel,Shaw,pennybrewer@example.net,164,2024-10-10
3068,Gabriela,Lopez,haasedward@example.net,217,2025-03-05
3069,Christina,Cunningham,kelly55@example.org,20,2023-10-26
3070,Jody,Smith,jeffreywatkins@example.com,188,2023-07-21
3071,Charles,Padilla,todd34@example.org,52,2025-07-15
3072,Anthony,Walker,loribrown@example.org,4,2023-12-22
3073,Robert,Bradford,jacob32@example.com,213,2024-07-07
3074,Amy,Holloway,ortizdanny@example.net,200,2026-05-15
3075,Veronica,Potter,courtney17@example.net,239,2025-09-08
3076,Tina,Bennett,qdean@example.com,279,2023-05-31
3077,Leslie,Long,stephen77@example.net,248,2026-03-09
3078,Lydia,Lowery,jose51@example.org,139,2026-03-23
3079,Kevin,Scott,robertasanchez@example.net,223,2024-06-08
3080,Janet,Herring,robertssusan@example.net,287,2023-02-05
3081,Nicole,Pineda,summer56@example.org,160,2025-12-24
3082,Teresa,Owens,charlesbarrera@example.com,296,2026-08-22
3083,James,Schmitt,morancatherine@example.org,78,2025-03-06
3084,Dawn,Hansen,cortezshelby@example.com,263,2025-03-13
3085,Aaron,Smith,amyharvey@example.net,68,2025-12-12
3086,Robert,White,cgarner@example.net,33,2023-10-17
3087,Susan,Rhodes,brobinson@example.net,194,2026-11-15
3088,Carol,Gregory,farellano@example.org,134,2025-10-15
3089,James,Romero,davidburgess@example.net,20,2026-05-16
3090,Melissa,West,gibbsdavid@example.org,285,2026-08-08
3091,Nicholas,Lawrence,jason26@example.com,24,2023-10-26
3092,Robert,Anderson,nelsonbrianna@example.net,23,2025-10-08
3093,Andrea,Allen,cisnerosalyssa@example.net,98,2024-07-19
3094,Kathryn,Faulkner,mjones@example.org,175,2026-11-03
3095,Mary,Perry,davidrocha@example.net,254,2026-03-05
3096,Jonathan,Barry,cody59@example.org,132,2023-10-11
3097,Susan,Vargas,kevinsmith@example.net,243,2023-12-04
3098,Lori,Schultz,scott22@example.net,33,2025-05-31
3099,Amber,Estrada,hayesjesse@example.com,8,2026-11-08
3100,Aaron,Wright,cassandra52@example.com,125,2024-07-09
3101,Amanda,Stone,robinsonjanet@example.com,280,2023-09-03
3102,Brian,Smith,paulaayers@example.com,210,2025-07-06
3103,Michael,Prince,ogarcia@example.net,106,2023-10-25
3104,Eddie,Oliver,kbauer@example.com,51,2023-11-27
3105,Joshua,Hendricks,gregorybell@example.org,90,2023-02-08
3106,Lee,Wilson,melissa78@example.net,186,2023-05-19
3107,Dominique,Nichols,kennethswanson@example.com,154,2024-05-23
3108,Chloe,Brown,kimberlywarren@example.com,31,2026-08-12
3109,Jeffery,Roberts,betty96@example.net,208,2024-12-11
3110,John,Peters,stacy72@example.org,215,2024-03-02
3111,Andrea,Jackson,tyroneramos@example.net,71,2023-03-23
3112,Jonathan,Delgado,megankelly@example.net,22,2024-01-31
3113,Christopher,Blackwell,vrichardson@example.com,104,2023-06-13
3114,Christopher,Sutton,johnsonkatie@example.net,140,2025-02-27
3115,Michelle,Clark,joneschristopher@example.com,203,2024-05-19
3116,Angela,Wilkins,danahernandez@example.net,12,2024-06-29
3117,Claudia,Morse,utaylor@example.com,159,2024-07-08
3118,David,Nelson,gabrielle04@example.com,128,2024-04-27
3119,Misty,Allen,stephenhernandez@example.com,113,2023-01-11
3120,Brandy,Hatfield,dakotagolden@example.net,243,2025-11-02
3121,Lori,Baker,davidmorales@example.net,261,2025-01-02
3122,James,Andrews,robinrice@example.org,277,2025-07-01
3123,Brett,Dickerson,natalie68@example.net,252,2023-04-19
3124,Stephanie,Shaw,monique54@example.org,80,2023-05-03
3125,Johnathan,Meyer,robertknight@example.net,101,2026-03-31
3126,Christina,Davis,imoore@example.org,115,2024-01-21
3127,Jacob,Randolph,rebecca93@example.com,85,2026-03-11
3128,David,Day,paul60@example.org,286,2024-11-07
3129,Vernon,Hale,aaronyoung@example.com,58,2025-06-16
3130,Timothy,Munoz,matthewweber@example.org,12,2026-07-24
3131,James,Serrano,hernandezevelyn@example.net,284,2023-02-08
3132,Krystal,Gordon,rebeccadaniels@example.com,150,2026-02-10
3133,Kayla,Burns,dbailey@example.com,246,2026-02-02
3134,Michelle,Mcfarland,danielle60@example.org,271,2024-01-05
3135,Joseph,Rivera,rebeccasalas@example.net,113,2025-04-19
3136,Russell,Stark,sergiowolfe@example.org,169,2025-04-10
3137,David,Stevenson,daniel69@example.com,6,2026-08-21
3138,Megan,Simmons,jimwalker@example.org,157,2023-06-23
3139,Kristen,Trevino,katiebell@example.net,43,2026-07-30
3140,Tonya,Clark,jesse98@example.com,291,2023-10-10
3141,Kimberly,Norris,rachel05@example.org,122,2026-06-23
3142,Maria,Adams,markbowman@example.org,40,2025-04-12
3143,Scott,Hernandez,xgonzales@example.com,275,2024-11-28
3144,Monica,Taylor,twilson@example.net,40,2023-12-19
3145,Kenneth,Ochoa,wilsonjennifer@example.net,144,2025-02-11
3146,Martin,Gillespie,shannonhudson@example.net,69,2024-09-27
3147,Allison,Oconnor,meghan11@example.net,117,2023-10-17
3148,Brandi,Snyder,churst@example.com,296,2023-05-21
3149,Jessica,Munoz,kimberly66@example.com,244,2025-10-12
3150,Cassandra,West,zwalker@example.org,117,2026-02-16
3151,David,Ortiz,pricejames@example.org,244,2024-06-02
3152,Emily,Johnson,autumnwalter@example.com,23,2023-01-05
3153,Eddie,Brown,paul51@example.net,248,2024-12-20
3154,Matthew,Harris,hancocklaura@example.com,24,2025-09-30
3155,David,Ross,hullkelly@example.com,91,2026-09-23
3156,Mario,White,allenbrenda@example.com,40,2024-01-23
3157,Krystal,Moore,jenniferwhite@example.net,289,2023-09-03
3158,Antonio,Singleton,ecooper@example.com,212,2026-07-21
3159,Sherri,Murillo,lvazquez@example.org,174,2026-10-30
3160,Tracy,Wagner,andrea83@example.com,133,2026-01-30
3161,Mary,Beck,adamsnicholas@example.com,186,2023-01-29
3162,Ian,Smith,josephharris@example.net,88,2023-09-15
3163,Kristopher,Martin,theresalong@example.net,50,2024-08-02
3164,Amber,Moon,laura01@example.net,166,2024-10-13
3165,Mary,Winters,jeffrey48@example.org,94,2023-08-28
3166,Cody,Bennett,wesleyortiz@example.com,215,2024-06-23
3167,Sharon,Mann,jaredbarron@example.org,256,2026-10-17
3168,Sherry,Burton,clarkfrank@example.net,71,2026-06-13
3169,Valerie,Carroll,patriciaburns@example.com,86,2026-12-03
3170,Sydney,Moore,mollysanders@example.com,254,2026-11-06
3171,Jaime,Chavez,rpage@example.org,120,2026-09-25
3172,Kathy,Simpson,elizabeth78@example.org,218,2026-02-16
3173,Kristine,Banks,figueroaheather@example.net,300,2023-12-17
3174,Dana,Morrison,smithkathleen@example.org,72,2023-07-02
3175,Lisa,Anderson,jeremy68@example.net,166,2023-01-28
3176,Bethany,Cannon,bonniecaldwell@example.com,298,2026-12-08
3177,Kurt,Jenkins,xolson@example.org,248,2026-02-01
3178,Johnathan,Ball,ericlam@example.com,291,2026-01-29
3179,Brian,Sanchez,jessica41@example.net,75,2023-06-16
3180,Julie,Cruz,adamgilbert@example.org,117,2025-11-23
3181,Katherine,Carroll,lawrencehannah@example.com,117,2026-06-21
3182,Sarah,Barnes,caroline50@example.org,44,2026-11-24
3183,Walter,Harris,derekacosta@example.org,249,2025-03-25
3184,Rachel,Burgess,aaroncarr@example.org,17,2026-07-15
3185,Diane,Garcia,robertmartinez@example.com,100,2023-05-05
3186,Tamara,Smith,abrown@example.com,244,2025-03-26
3187,Veronica,Mason,david18@example.net,249,2026-01-26
3188,Maurice,Martinez,ashley38@example.com,108,2023-11-28
3189,Robert,Ayala,qbaxter@example.net,169,2025-10-10
3190,Nicholas,Norris,jcollins@example.com,144,2023-04-21
3191,Joseph,Rodriguez,beckyweber@example.org,189,2026-06-24
3192,Jennifer,Potter,yharmon@example.com,68,2023-08-30
3193,Chad,Bentley,brownkara@example.com,108,2024-12-17
3194,Regina,Raymond,bridgesrobert@example.org,236,2024-06-22
3195,Kristen,Maxwell,kathrynvillanueva@example.com,280,2025-03-05
3196,Michael,Long,robertfrancis@example.com,237,2023-06-12
3197,Chad,Tran,ucarrillo@example.net,161,2024-06-12
3198,Heather,Chandler,kristopherramirez@example.com,34,2024-09-07
3199,Brendan,Vargas,jesus79@example.org,144,2023-12-09
3200,Michael,Elliott,shelley92@example.com,31,2024-03-25
3201,Kimberly,Woods,sherry88@example.org,216,2025-10-28
3202,Amanda,Romero,vanessa88@example.com,249,2023-08-30
3203,Shelley,Bruce,qhaynes@example.com,264,2026-06-18
3204,Mary,Shannon,tiffany81@example.org,177,2024-11-14
3205,Brandi,Hendricks,susan56@example.org,130,2023-04-04
3206,Kimberly,Lopez,danieladkins@example.net,186,2024-05-08
3207,Joshua,Bowman,jerry76@example.com,67,2026-08-01
3208,Justin,Burke,rossparker@example.org,133,2024-09-28
3209,Elizabeth,Patterson,josephabbott@example.net,111,2023-10-05
3210,Patricia,Norris,nmiles@example.com,85,2024-07-20
3211,Robert,Norton,crystal84@example.org,277,2024-03-12
3212,Susan,Brown,alexis34@example.com,282,2023-08-26
3213,Christina,Brown,gberg@example.org,128,2023-06-23
3214,Kevin,Romero,bmartinez@example.com,8,2026-10-12
3215,Michele,Hudson,courtneyrichardson@example.org,181,2025-05-04
3216,Keith,Martin,mtate@example.net,107,2024-01-17
3217,Tracy,Stanley,johnriley@example.com,82,2023-02-10
3218,Katie,Bauer,martinezmolly@example.net,281,2023-01-28
3219,Sara,Mills,christine31@example.org,71,2023-05-24
3220,Erin,Serrano,william97@example.com,275,2025-10-03
3221,Angie,Curry,watkinsmichelle@example.net,231,2025-08-03
3222,Jeremy,Turner,vdavis@example.net,182,2025-08-27
3223,Steven,Perez,ohall@example.org,43,2023-02-02
3224,Julie,Clements,millerjoan@example.com,187,2023-03-19
3225,Kimberly,Villegas,sparksjoe@example.net,149,2026-08-06
3226,Andrea,Moreno,jermaine87@example.net,147,2025-12-16
3227,Rodney,Cunningham,desireecherry@example.org,141,2025-01-01
3228,Travis,Cook,sullivanjustin@example.net,261,2023-10-07
3229,Andrea,White,samuelbrewer@example.net,117,2024-08-09
3230,Justin,Cole,williamsoto@example.net,227,2024-09-30
3231,Julie,Carter,cory35@example.com,78,2026-05-06
3232,Adriana,Brown,aaronleonard@example.net,63,2026-08-16
3233,Ariana,Hicks,bwhite@example.net,87,2026-12-31
3234,Martin,Anderson,phillipsadam@example.org,244,2024-04-06
3235,Patricia,Bernard,ibrown@example.net,151,2025-01-06
3236,Carrie,Boyer,lrich@example.org,198,2026-09-08
3237,Karen,Jensen,carrillomaria@example.org,218,2024-03-18
3238,Joseph,Matthews,john36@example.com,27,2026-11-26
3239,Gary,Walker,ysimmons@example.net,241,2023-07-27
3240,Mike,Cline,rayleslie@example.com,291,2026-10-08
3241,Maria,Walker,ajames@example.com,275,2023-05-30
3242,Vickie,Jensen,charlesshaw@example.com,148,2023-07-10
3243,Shane,Cobb,kristiegibson@example.com,59,2026-06-19
3244,Valerie,Chavez,kimberly07@example.net,144,2024-06-01
3245,Jeffrey,Murray,rhuber@example.net,5,2024-03-19
3246,Richard,Ellis,bmoore@example.net,183,2023-05-09
3247,Debra,Campbell,melissacampbell@example.org,2,2024-10-26
3248,Joan,Choi,sbenton@example.com,177,2025-07-05
3249,Rita,Robinson,qpalmer@example.org,126,2026-01-18
3250,Hannah,Maddox,brendabarron@example.com,68,2024-08-22
3251,Eric,Hoffman,stevendunn@example.org,84,2023-08-30
3252,Katrina,Henderson,zachary54@example.org,61,2023-07-12
3253,Melissa,Lopez,thomas30@example.org,293,2024-03-27
3254,Ashley,Wells,linda10@example.net,77,2026-10-23
3255,Philip,Wagner,joel01@example.com,249,2026-07-02
3256,Lauren,Avila,stevenrobertson@example.org,243,2026-12-16
3257,Sonya,Brown,lindseyreed@example.org,223,2026-06-01
3258,Lori,Freeman,icruz@example.com,150,2026-09-29
3259,Timothy,Gibson,sara79@example.net,169,2026-09-11
3260,Steven,Myers,jared76@example.org,266,2024-10-05
3261,Kayla,Martin,kdunn@example.com,179,2026-05-05
3262,Michael,Martin,jamesbarry@example.org,130,2024-03-31
3263,Mark,Ortiz,ahodges@example.com,175,2023-06-11
3264,Chad,Glover,eric55@example.com,90,2023-12-30
3265,Jordan,Bryan,wallerjeffrey@example.net,264,2025-09-19
3266,Sandra,Gillespie,jackienavarro@example.org,201,2024-01-25
3267,James,Jones,gstone@example.net,218,2025-03-04
3268,John,Becker,alyssasmith@example.net,106,2026-08-28
3269,Kelly,Murphy,christina97@example.com,156,2025-03-14
3270,Brian,Allen,christine91@example.org,232,2025-07-01
3271,Kyle,Watson,odonnelldennis@example.org,256,2026-02-22
3272,Ernest,Russell,dbrown@example.net,139,2023-07-27
3273,Jacob,Johnson,vargasnoah@example.net,297,2023-05-23
3274,Cristian,Duran,aprilmorgan@example.net,38,2023-12-17
3275,Amanda,Hudson,torressonya@example.org,271,2024-10-03
3276,Jacqueline,Osborne,gwilliams@example.org,76,2023-04-03
3277,Erica,Suarez,robertmiller@example.net,266,2023-09-21
3278,Morgan,Smith,julie89@example.org,258,2026-09-07
3279,Amanda,David,amay@example.org,199,2024-04-23
3280,Bethany,Martinez,evanssarah@example.net,48,2025-02-17
3281,Melissa,Riddle,seanlove@example.org,25,2023-05-21
3282,Adam,Wheeler,brandtbrittany@example.org,243,2023-01-18
3283,Angela,Garcia,crossdanielle@example.net,233,2025-07-29
3284,Mark,Henderson,simpsonmichele@example.com,166,2023-09-17
3285,Olivia,Moore,kathy17@example.net,51,2023-09-20
3286,Donna,Parks,gedwards@example.net,194,2025-07-06
3287,Theodore,Johnson,michellemonroe@example.net,88,2026-09-29
3288,Stacy,Michael,ashley47@example.com,119,2024-05-24
3289,Christopher,Jones,chaneyjohn@example.net,154,2023-10-24
3290,Mindy,Sims,esmith@example.org,89,2023-07-20
3291,Douglas,Thompson,brendapark@example.com,56,2025-12-11
3292,Thomas,Parrish,lindavelez@example.com,200,2024-05-16
3293,Adrienne,Reilly,james13@example.net,206,2024-12-13
3294,Kristina,Collins,davismark@example.com,67,2023-10-11
3295,Jacob,Ward,barkerrobert@example.org,39,2026-02-13
3296,Roy,Gomez,brian55@example.com,299,2026-12-06
3297,Denise,Rose,bsummers@example.org,268,2026-08-08
3298,Hunter,Hunter,ndavis@example.org,268,2026-02-06
3299,Andrew,Hicks,johnsonanthony@example.org,1,2024-09-13
3300,Vicki,Kelly,colinneal@example.com,169,2026-12-14
3301,Robert,Finley,lewiscaitlyn@example.com,33,2026-05-01
3302,Mark,Anderson,leahperez@example.net,274,2024-02-07
3303,John,Carr,rogerssara@example.net,201,2024-01-20
3304,Roger,Nash,morriskenneth@example.org,298,2023-04-02
3305,Roberta,Franklin,derrick04@example.net,182,2025-11-24
3306,Herbert,Sherman,megan58@example.com,112,2026-10-16
3307,Emily,Woods,james32@example.com,42,2024-02-09
3308,Sandra,Moran,gmartin@example.com,278,2026-04-17
3309,Brett,Young,tracy87@example.com,208,2026-06-12
3310,Cynthia,White,denisemorgan@example.com,49,2025-06-22
3311,Hunter,Johnson,griffinshawn@example.com,264,2026-12-30
3312,Benjamin,Alexander,lauren41@example.org,13,2025-06-13
3313,Carlos,Moore,medinachristopher@example.net,81,2025-01-01
3314,Austin,Martin,livingstontheresa@example.net,282,2023-08-03
3315,Jeffrey,Pena,richamber@example.org,104,2023-05-30
3316,Janet,Harris,samantha51@example.net,150,2024-11-04
3317,Tammie,Shaw,weissjacqueline@example.com,79,2024-04-10
3318,Roberto,Curtis,fieldsjoseph@example.com,25,2023-08-22
3319,Janet,Taylor,nealkenneth@example.net,150,2026-01-12
3320,Juan,Christian,reginaldwebb@example.net,84,2026-03-21
3321,Christopher,Johnson,mary71@example.com,122,2025-07-26
3322,Nancy,Byrd,burgesselizabeth@example.com,68,2024-11-06
3323,Jacob,Fry,ichristensen@example.com,51,2025-12-13
3324,Calvin,Morales,brett38@example.net,270,2024-06-12
3325,Sonya,Sanford,eileen36@example.org,28,2024-10-25
3326,Steven,Dickerson,brownallison@example.com,30,2023-03-16
3327,Christopher,Garcia,shelia80@example.net,11,2025-03-10
3328,Shannon,Nguyen,joeweaver@example.com,125,2025-12-09
3329,Robert,Perez,castroamanda@example.com,157,2024-07-08
3330,Christopher,Howell,georgepratt@example.com,8,2023-09-06
3331,Diana,Webb,jennifertownsend@example.org,14,2025-04-22
3332,Peter,Nguyen,bhall@example.org,85,2025-03-22
3333,Tara,Fields,erica04@example.com,287,2025-02-26
3334,John,Reyes,martinjohn@example.com,157,2026-08-19
3335,Amanda,Andrews,bellwilliam@example.com,236,2025-11-27
3336,Amanda,Parrish,adiaz@example.com,62,2026-09-04
3337,Jason,White,cooperdalton@example.net,11,2026-10-02
3338,Joel,Wilkinson,brobles@example.net,292,2023-11-12
3339,Robert,Lucero,anthonychen@example.com,192,2024-03-25
3340,Katrina,Morris,virginiamontes@example.net,221,2025-11-25
3341,Jeremy,Welch,vblack@example.com,123,2023-04-03
3342,Jesse,Dunn,ryan93@example.net,251,2023-01-16
3343,Heather,Baldwin,lambcorey@example.net,108,2023-12-14
3344,Christopher,Henry,steven72@example.com,151,2025-01-29
3345,Mary,Taylor,dodsontricia@example.net,32,2026-12-01
3346,Alexandra,Gray,jimmy21@example.com,100,2026-10-28
3347,Phillip,Smith,riveraadam@example.net,288,2023-03-29
3348,Brooke,Bowen,ubridges@example.org,160,2026-09-20
3349,Brandon,Wilson,qwilliams@example.com,140,2024-01-28
3350,Ariel,Baker,tuckerkristen@example.net,52,2023-05-28
3351,Austin,Hawkins,tracytucker@example.org,181,2024-05-21
3352,Edward,Austin,joshua22@example.org,64,2025-09-09
3353,Tammy,Contreras,castillokenneth@example.org,171,2026-06-14
3354,Travis,Rodriguez,weisscarl@example.com,299,2025-12-25
3355,James,Vargas,erichuerta@example.org,205,2023-06-10
3356,Sara,Garcia,allison26@example.net,91,2023-04-09
3357,Jesse,Dixon,antonioromero@example.com,196,2026-07-16
3358,James,Mann,sueevans@example.net,264,2023-07-27
3359,Thomas,Cannon,hduncan@example.com,215,2026-10-13
3360,Crystal,Watts,nathaniel15@example.net,167,2023-09-06
3361,Kenneth,York,mcmillanmonica@example.com,106,2025-08-03
3362,Derrick,Woods,rware@example.net,157,2023-04-28
3363,Erika,Olson,kbrooks@example.net,264,2023-04-26
3364,Jessica,Curry,arellanokrystal@example.net,295,2025-03-21
3365,Elizabeth,Berry,hartdaniel@example.org,146,2024-01-22
3366,Andrew,Cunningham,jaredmarquez@example.com,253,2025-01-27
3367,Adam,Hebert,rdavis@example.org,108,2023-05-13
3368,Leslie,Dougherty,tracylarsen@example.net,141,2024-11-07
3369,Christopher,Hunter,jcooper@example.com,252,2023-12-26
3370,Gregory,Blair,kaitlyn94@example.org,107,2025-09-15
3371,Dalton,Carroll,kevin53@example.net,184,2025-03-23
3372,Nicholas,Wilson,juliajimenez@example.com,175,2025-06-13
3373,Roy,Anderson,vporter@example.org,89,2023-01-31
3374,Jessica,Robinson,zhunter@example.net,161,2024-09-14
3375,Katherine,Thomas,kaitlynarellano@example.org,168,2023-07-31
3376,Arthur,Nelson,tpalmer@example.com,252,2024-10-24
3377,John,Waller,saraking@example.net,126,2025-03-17
3378,Susan,Smith,guerrerodiana@example.org,73,2025-11-13
3379,Cynthia,Guzman,kaitlyncannon@example.com,71,2025-09-26
3380,Lawrence,Adams,karen78@example.org,161,2024-08-30
3381,Victor,Arnold,jessebarrett@example.org,243,2026-04-25
3382,Andrew,Cooper,alyssabrown@example.org,192,2026-05-07
3383,Heather,Morgan,dorothymcdaniel@example.com,178,2024-04-28
3384,Hailey,Taylor,todd02@example.org,211,2026-11-30
3385,Sherri,Bass,ssanchez@example.com,59,2023-05-11
3386,Richard,Franco,ucox@example.com,140,2025-11-10
3387,Jamie,Pierce,armstrongjames@example.com,148,2023-01-28
3388,Richard,Delacruz,joelgreer@example.com,295,2026-02-10
3389,Jared,Archer,tgrant@example.net,197,2025-02-23
3390,Samuel,Griffin,kgallagher@example.net,42,2024-09-20
3391,Brent,Arellano,karensmith@example.org,14,2023-09-17
3392,Christopher,French,greggwhite@example.com,47,2026-05-01
3393,Joseph,Navarro,scruz@example.com,212,2024-08-17
3394,Daniel,George,michaelberger@example.org,16,2024-01-14
3395,Mary,Cooley,jyoung@example.org,48,2025-04-08
3396,George,Patterson,ygarcia@example.org,93,2026-09-22
3397,Terry,Sparks,charlesbrooke@example.org,206,2026-10-31
3398,Jennifer,Ellis,ellenwilson@example.net,70,2023-05-21
3399,Shawn,Wright,mendezmelissa@example.com,205,2023-01-17
3400,Michael,Robinson,taylorjoshua@example.com,292,2024-11-22
3401,Wayne,Rodriguez,johnsonkyle@example.net,156,2025-04-30
3402,Anthony,Patel,wallacebrad@example.net,268,2026-12-15
3403,Anthony,Hudson,jenniferperry@example.com,85,2023-11-19
3404,Sydney,Pratt,whitebeth@example.net,74,2025-11-08
3405,Sherry,Martinez,markfowler@example.net,74,2023-09-03
3406,Robert,Soto,ffreeman@example.net,6,2026-05-14
3407,Debbie,Price,duncanmark@example.net,235,2024-05-13
3408,Nicholas,Rodriguez,stephenscharlene@example.net,188,2023-10-21
3409,Raymond,Brewer,bergrobert@example.net,134,2025-02-04
3410,Sarah,Murphy,waguilar@example.com,58,2024-01-07
3411,Alyssa,Klein,wesley49@example.net,226,2023-08-18
3412,Michelle,Rivera,wbarton@example.org,169,2026-04-21
3413,Marissa,Young,andersonjessica@example.org,80,2024-12-29
3414,Paul,Becker,debramckee@example.com,88,2024-08-03
3415,Jared,Bowers,pamelawaller@example.org,278,2025-10-23
3416,Paul,Diaz,velasquezgary@example.com,298,2024-12-02
3417,Roberto,Carlson,andersonhaley@example.com,209,2023-10-21
3418,Thomas,Castillo,claytonteresa@example.org,76,2025-12-16
3419,Jeffrey,Freeman,carterhenry@example.net,189,2025-04-27
3420,Samuel,Barton,andersonmonica@example.net,52,2026-08-16
3421,Don,James,pvargas@example.org,79,2024-04-11
3422,Amanda,Rios,fsmith@example.net,77,2024-01-17
3423,Gabriela,Salinas,rebecca29@example.com,283,2024-03-28
3424,Colton,Whitney,brewervirginia@example.org,55,2025-02-19
3425,Andrea,Bates,olyons@example.com,79,2023-06-12
3426,Terri,Mcdowell,chad81@example.org,235,2024-05-03
3427,Kimberly,Espinoza,wthompson@example.com,35,2023-05-10
3428,Laura,Lewis,christian53@example.com,216,2025-08-31
3429,Ryan,Lopez,jamesjohnson@example.com,63,2024-09-23
3430,Daniel,Tyler,robinsondebra@example.net,264,2026-01-12
3431,Nicholas,Riddle,brooksluis@example.org,294,2024-01-09
3432,Gregory,Duncan,devin00@example.net,202,2026-06-25
3433,Nicholas,Meyer,qwinters@example.org,86,2026-01-01
3434,Tammy,Villa,john61@example.net,213,2023-02-25
3435,Samantha,Jones,chasematthew@example.net,205,2026-05-11
3436,Robin,Rodriguez,danielblack@example.net,209,2023-05-01
3437,Jose,Diaz,estradaryan@example.com,165,2024-12-11
3438,Dawn,Spencer,mullinsmichelle@example.com,274,2026-02-02
3439,Debbie,Jarvis,debra24@example.com,215,2023-10-06
3440,Sara,Owen,sarah44@example.org,209,2023-02-13
3441,James,Walsh,castrokenneth@example.org,211,2026-01-24
3442,Patricia,Osborn,lshelton@example.org,27,2026-03-11
3443,Shannon,Wood,kochdiana@example.com,84,2023-02-25
3444,Alexandra,Roberts,uross@example.org,240,2024-08-21
3445,Shelly,Gomez,larsenjulia@example.org,76,2025-04-17
3446,Jason,Bartlett,wesley64@example.com,296,2026-06-10
3447,Andrea,Stephens,tfreeman@example.org,83,2025-10-23
3448,Brittany,Mays,bridget06@example.org,156,2025-04-08
3449,James,Young,joneschase@example.org,123,2026-04-29
3450,Alexandra,Flores,frederickcharles@example.org,52,2026-10-03
3451,Carrie,Arias,castanedamarc@example.net,276,2025-07-16
3452,Crystal,Jones,holmesgregory@example.net,123,2026-02-21
3453,Daniel,Kelly,sawyerjohnny@example.com,158,2023-12-01
3454,Angela,Brewer,xcox@example.net,252,2024-09-13
3455,Sherry,Snyder,heatherhernandez@example.com,114,2025-12-26
3456,Louis,Diaz,wilsongary@example.net,94,2023-05-27
3457,Adriana,Collins,dorothythomas@example.org,270,2025-02-11
3458,Nicole,Wright,victoria48@example.org,139,2023-12-30
3459,Debbie,Hernandez,ugonzalez@example.net,138,2024-05-06
3460,Chad,Stewart,jeanette20@example.net,51,2023-06-15
3461,Michael,Morgan,jasondelgado@example.net,125,2024-06-18
3462,Antonio,Russell,brett14@example.org,22,2023-10-11
3463,Blake,Young,ericbailey@example.org,164,2026-10-09
3464,Michelle,Ruiz,martinezamy@example.net,117,2023-09-04
3465,Joshua,Gardner,princeangela@example.net,100,2024-05-01
3466,Joanna,Moore,jonesernest@example.org,215,2026-04-20
3467,Jennifer,Thomas,heather06@example.net,247,2026-04-16
3468,Stephen,Foley,ifoley@example.net,274,2026-04-08
3469,Michelle,Henderson,boydmichael@example.net,253,2025-08-28
3470,Daniel,Brooks,john63@example.org,77,2023-06-23
3471,Paula,Brown,taylorclinton@example.com,99,2024-06-17
3472,Bruce,Walton,juliehenry@example.org,282,2025-01-30
3473,Andrew,Butler,stephenwilson@example.org,82,2025-09-01
3474,Heather,Williams,david10@example.net,238,2024-06-19
3475,Kevin,Gonzalez,jasonrusso@example.net,63,2023-05-24
3476,John,Reynolds,marshallfrancisco@example.net,56,2025-06-11
3477,Christopher,Richardson,joneskaitlyn@example.com,187,2026-12-12
3478,David,Hernandez,jennifermurphy@example.org,266,2024-08-14
3479,Julie,Castro,scottmarissa@example.com,193,2025-11-22
3480,Frank,Johnson,jeffreyaguilar@example.com,224,2024-10-15
3481,Carol,Wu,seth74@example.org,290,2024-06-03
3482,Janet,Torres,chelsea14@example.net,122,2026-10-20
3483,Sherry,Willis,yowen@example.org,67,2025-05-10
3484,Eric,Jackson,brianreyes@example.net,192,2025-09-26
3485,Erica,Webster,garciabarbara@example.com,2,2025-09-02
3486,Deborah,Johnson,joshuasmith@example.org,264,2024-03-21
3487,Joshua,Shaffer,tiffany26@example.net,82,2024-10-02
3488,Lisa,Barrett,heidi81@example.com,208,2024-11-19
3489,Douglas,Kline,kennedyrobert@example.com,147,2024-08-08
3490,Tiffany,Reeves,smyers@example.org,229,2023-09-18
3491,Theresa,Chapman,andersonsamantha@example.com,267,2023-06-17
3492,Marcus,Bowers,swansonjasmin@example.org,54,2026-06-03
3493,Catherine,Woods,chad80@example.net,143,2024-07-29
3494,Alyssa,Russell,dmcdowell@example.com,299,2023-11-17
3495,Lauren,Moreno,cynthiadavis@example.org,116,2026-05-14
3496,Bradley,Guzman,brian21@example.net,10,2026-07-26
3497,Elizabeth,Young,hallnicholas@example.com,172,2023-06-08
3498,Susan,Blair,stewartkimberly@example.net,126,2026-09-01
3499,Joshua,Smith,khill@example.org,68,2024-12-12
3500,Angela,Oneill,kimberly76@example.org,191,2024-11-30
