№ чека;Дата;Час;Товар;Кількість;Сума;Спосіб платежу;Покупець;Собівартість
100000008;7-12-2024;0,711469907;T-shirt type 5, Puma;1;247.976;cash;;139
100000008;7-12-2024;0,711469907;Cap type 1, Puma;1;237.984;cash;;134
100000008;7-12-2024;0,711469907;Cap type 2, Puma;1;314.64;cash;;190
100000016;2-12-2023;0,632766204;Tights type 5, Nike;1;456.2856;non-cash;ПІБ 450;254
100000020;2-23-2024;0,514236111;Cap type 8, Adidas;1;326.8;cash;;152
100000052;7-5-2024;0,845069444;Pants type 2, Nike;2;2813.064;non-cash;;1194
100000052;7-5-2024;0,845069444;Shoes type 2, Nike;1;3185.73024;non-cash;;1562
100000052;7-5-2024;0,845069444;Belt type 3, Nike;1;469.264;non-cash;;211
100000052;7-5-2024;0,845069444;Cap type 3, Adidas;1;342.189;non-cash;;197
100000052;7-5-2024;0,845069444;T-shirt type 1, Adidas;1;423.108;non-cash;;219
100000084;8-20-2022;0,489490741;Pants type 5, Reebok;1;1972.846;non-cash;ПІБ 1149;1076
100000084;8-20-2022;0,489490741;Boots type 5, Reebok;1;5673.87;non-cash;ПІБ 1149;2741
100000099;10-8-2023;0,792627315;Cap type 1, Reebok;1;495.55;cash;;265
100000099;10-8-2023;0,792627315;Cap type 2, Nike;2;1083.32;cash;;530
100000099;10-8-2023;0,792627315;Cap type 2, Puma;2;760.32;cash;;440
100000099;10-8-2023;0,792627315;Belt type 4, Nike;1;522.39536;cash;;283
100000099;10-8-2023;0,792627315;Shirt type 12, Nike;1;974.028;cash;;471
100000108;6-2-2023;0,703587963;Sneakers type 2, Reebok;1;1244.0064;cash;ПІБ 1031;712
100000111;11-15-2023;0,716342593;T-shirt type 7, Nike;1;869.584;non-cash;;391
100000126;11-6-2023;0,669016204;T-shirt type 3, Adidas;1;542.2536;cash;ПІБ 437;318
100000126;11-6-2023;0,669016204;Cap type 3, Puma;1;388.44;cash;ПІБ 437;249
100000126;11-6-2023;0,669016204;Tights type 7, Puma;1;537.472;cash;ПІБ 437;320
100000126;11-6-2023;0,669016204;T-shirt type 2, Adidas;1;310.8;cash;ПІБ 437;168
100000131;7-12-2023;0,395706019;Belt type 4, Nike;2;1258.784;cash;;566
100000131;7-12-2023;0,395706019;T-shirt type 1, Adidas;1;459.9;cash;;219
100000131;7-12-2023;0,395706019;Tights type 2, Adidas;1;89.2416;cash;;56
100000131;7-12-2023;0,395706019;Belt type 1, Puma;1;310.184;cash;;191
100000135;7-17-2022;0,615578704;Tights type 2, Adidas;1;107.52;non-cash;;56
100000135;7-17-2022;0,615578704;Shoes type 2, Nike;2;6599.01264;non-cash;;3124
100000135;7-17-2022;0,615578704;Boots type 4, Adidas;1;7128.99;non-cash;;3411
100000135;7-17-2022;0,615578704;T-shirt type 7, Nike;1;800.01728;non-cash;;391
100000135;7-17-2022;0,615578704;Pants type 7, Puma;1;482.232;non-cash;;283
100000135;7-17-2022;0,615578704;Cufflink type 2, Nike;1;231.544;non-cash;;103
100000152;9-14-2024;0,69275463;Belt type 1, Puma;1;310.184;non-cash;;191
100000160;1-28-2024;0,505405093;Cufflink type 3, Nike;1;782.6;cash;;350
100000160;1-28-2024;0,505405093;T-shirt type 2, Reebok;1;452.6522;cash;;247
100000170;7-29-2022;0,676770833;Boots type 6, Puma;1;2144.936;non-cash;ПІБ 318;1361
100000170;7-29-2022;0,676770833;Sneakers type 2, Puma;2;3158.112;non-cash;ПІБ 318;1964
100000170;7-29-2022;0,676770833;Sneakers type 6, Adidas;1;2545.92;non-cash;ПІБ 318;1224
100000170;7-29-2022;0,676770833;Belt type 2, Adidas;1;325.95;non-cash;ПІБ 318;159
100000170;7-29-2022;0,676770833;Tights type 7, Adidas;1;789.0696;non-cash;ПІБ 318;369
100000170;7-29-2022;0,676770833;Cufflink type 6, Reebok;1;413.27;non-cash;ПІБ 318;221
100000204;3-14-2022;0,75193287;Shirt type 8, Nike;2;2181.57168;non-cash;;1084
100000232;6-7-2023;0,462372685;Cufflink type 4, Reebok;1;821.24;cash;;419
100000232;6-7-2023;0,462372685;Pants type 7, Puma;1;482.232;cash;;283
100000239;4-30-2023;0,520763889;Boots type 6, Nike;1;4648.06608;cash;;2279
100000239;4-30-2023;0,520763889;Sneakers type 6, Nike;1;4035.2232;cash;;1923
100000245;11-23-2023;0,68037037;T-shirt type 1, Reebok;1;309.68;cash;;158
100000248;7-12-2024;0,844780093;T-shirt type 3, Nike;1;492.2;cash;ПІБ 421;230
100000248;7-12-2024;0,844780093;T-shirt type 1, Reebok;1;309.68;cash;ПІБ 421;158
100000256;12-28-2023;0,474293981;Flip flops type 1, Adidas;1;391.95;cash;;195
100000256;12-28-2023;0,474293981;Type 2 ball, Nike;1;69.4046;cash;;37
100000256;12-28-2023;0,474293981;Cap type 8, Adidas;1;326.8;cash;;152
100000270;5-12-2024;0,648344907;Belt type 1, Adidas;1;637.29;non-cash;;291
100000272;5-5-2024;0,613206019;Boots type 5, Nike;1;8007.18;cash;;3543
100000272;5-5-2024;0,613206019;Pants type 7, Nike;1;2510.49936;cash;;1299
100000274;7-30-2022;0,484930556;Belt type 2, Reebok;2;829.0612;non-cash;;418
100000275;7-21-2024;0,448668981;Cufflink type 1, Reebok;1;767.97;cash;;371
100000276;6-16-2023;0,701828704;Pants type 3, Nike;1;1505.79744;cash;ПІБ 1129;714
100000276;6-16-2023;0,701828704;Type 1 ball, Reebok;2;187.48;cash;ПІБ 1129;86
100000276;6-16-2023;0,701828704;Cufflink type 4, Puma;1;788.04;cash;ПІБ 1129;495
100000301;7-20-2022;0,43693287;Cufflink type 4, Puma;1;654.0732;cash;;495
100000307;9-23-2022;0,687094907;Shirt type 8, Puma;1;475.2;non-cash;;264
100000307;9-23-2022;0,687094907;Cap type 1, Nike;1;455.168;non-cash;;224
100000307;9-23-2022;0,687094907;Boots type 2, Adidas;1;6783.45;non-cash;;3309
100000322;6-11-2023;0,773553241;Cufflink type 2, Puma;1;445.28;cash;ПІБ 1044;253
100000322;6-11-2023;0,773553241;T-shirt type 3, Adidas;1;623.28;cash;ПІБ 1044;318
100000322;6-11-2023;0,773553241;Sneakers type 3, Adidas;1;3241.26;cash;ПІБ 1044;1637
100000330;3-2-2022;0,481365741;Cap type 3, Reebok;1;516.12;non-cash;ПІБ 62;253
100000330;3-2-2022;0,481365741;Sneakers type 1, Puma;1;2891.328;non-cash;ПІБ 62;1628
100000330;3-2-2022;0,481365741;Flip flops type 1, Puma;1;247.6656;non-cash;ПІБ 62;189
100000347;8-11-2024;0,745532407;Shirt type 2, Adidas;1;866.364;non-cash;;460
100000347;8-11-2024;0,745532407;T-shirt type 4, Puma;2;594.688;non-cash;;368
100000355;3-19-2022;0,861469907;Pants type 6, Adidas;1;1394.12;non-cash;ПІБ 580;766
100000355;3-19-2022;0,861469907;Cap type 7, Nike;2;905.216;non-cash;ПІБ 580;416
100000355;3-19-2022;0,861469907;Belt type 4, Nike;2;1069.9664;non-cash;ПІБ 580;566
100000355;3-19-2022;0,861469907;Shirt type 11, Nike;1;1299.548;non-cash;ПІБ 580;659
100000357;7-11-2024;0,393055556;T-shirt type 2, Puma;1;313.6;non-cash;ПІБ 792;200
100000364;9-12-2022;0,404178241;T-shirt type 2, Nike;1;794.563;non-cash;ПІБ 855;385
100000364;9-12-2022;0,404178241;T-shirt type 6, Reebok;1;371.05;non-cash;ПІБ 855;181
100000364;9-12-2022;0,404178241;Pants type 7, Puma;1;482.232;non-cash;ПІБ 855;283
100000364;9-12-2022;0,404178241;Sneakers type 3, Reebok;1;2018.5844;non-cash;ПІБ 855;1138
100000371;1-16-2023;0,678101852;Cap type 8, Nike;1;569.64;non-cash;ПІБ 387;282
100000371;1-16-2023;0,678101852;Shirt type 10, Adidas;1;446.9;non-cash;ПІБ 387;205
100000379;5-19-2023;0,744918981;Tights type 2, Reebok;1;415.8;cash;;210
100000379;5-19-2023;0,744918981;Pants type 1, Adidas;1;1564.92;cash;;828
100000379;5-19-2023;0,744918981;Belt type 4, Reebok;2;901.52;cash;;472
100000401;5-30-2024;0,742511574;Sneakers type 3, Adidas;1;3241.26;non-cash;;1637
100000401;5-30-2024;0,742511574;Pants type 1, Puma;1;722.304;non-cash;;418
100000410;7-18-2024;0,50625;Pants type 11, Reebok;1;1816.84;cash;;857
100000415;6-11-2024;0,505949074;Shirt type 8, Nike;1;1172.888;non-cash;;542
100000415;6-11-2024;0,505949074;T-shirt type 5, Adidas;1;627.21;non-cash;;303
100000442;1-10-2022;0,702465278;Belt type 2, Puma;1;206.59584;cash;;146
100000442;1-10-2022;0,702465278;Tights type 7, Puma;2;1131.52;cash;;640
100000444;4-28-2024;0,6153125;Cap type 4, Reebok;1;229.4;non-cash;ПІБ 287;124
100000446;6-27-2024;0,602025463;Cap type 4, Reebok;1;229.4;cash;ПІБ 20;124
100000446;6-27-2024;0,602025463;T-shirt type 3, Nike;1;535.0;cash;ПІБ 20;250
100000446;6-27-2024;0,602025463;Shirt type 11, Nike;1;1065.62936;cash;ПІБ 20;659
100000446;6-27-2024;0,602025463;Cap type 4, Adidas;1;562.8;cash;ПІБ 20;280
100000452;12-19-2023;0,6496875;Sneakers type 1, Nike;2;6468.48504;non-cash;;3774
100000454;10-19-2023;0,730277778;Cap type 2, Reebok;1;378.4;non-cash;;176
100000460;1-31-2023;0,626226852;Cufflink type 6, Puma;1;351.0912;cash;;205
100000473;12-15-2022;0,6021875;Sneakers type 6, Puma;2;5154.944;cash;;3128
100000482;4-21-2022;0,847962963;Shoes type 4, Adidas;1;3224.502;cash;;1698
100000482;4-21-2022;0,847962963;Pants type 2, Nike;1;1406.532;cash;;597
100000495;11-25-2023;0,488622685;Pants type 12, Adidas;2;1676.0712;non-cash;;894
100000495;11-25-2023;0,488622685;Cap type 2, Reebok;1;378.4;non-cash;;176
100000495;11-25-2023;0,488622685;Shirt type 6, Reebok;1;699.6;non-cash;;330
100000499;4-5-2024;0,476203704;Belt type 2, Adidas;1;325.95;cash;ПІБ 1053;159
100000499;4-5-2024;0,476203704;Pants type 8, Puma;1;759.632;cash;ПІБ 1053;482
100000522;10-9-2023;0,7590625;Pants type 8, Nike;2;2688.82784;non-cash;ПІБ 489;1486
100000522;10-9-2023;0,7590625;Pants type 3, Nike;1;1536.528;non-cash;ПІБ 489;714
100000522;10-9-2023;0,7590625;Shirt type 5, Reebok;1;903.8484;non-cash;ПІБ 489;534
100000522;10-9-2023;0,7590625;Sneakers type 6, Puma;1;2577.472;non-cash;ПІБ 489;1564
100000522;10-9-2023;0,7590625;Sneakers type 2, Puma;2;3158.112;non-cash;ПІБ 489;1964
100000522;10-9-2023;0,7590625;Pants type 10, Adidas;1;1137.96;non-cash;ПІБ 489;580
100000524;2-6-2022;0,548912037;Boots type 5, Puma;1;2273.648;non-cash;;1286
100000539;11-8-2023;0,733043981;Shirt type 5, Reebok;2;1846.572;non-cash;ПІБ 647;1068
100000539;11-8-2023;0,733043981;T-shirt type 5, Reebok;1;700.91;non-cash;ПІБ 647;323
100000542;9-20-2022;0,710150463;T-shirt type 7, Adidas;1;334.9352;non-cash;ПІБ 800;167
100000555;8-15-2023;0,821956019;Pants type 11, Nike;1;893.316;cash;;453
100000555;8-15-2023;0,821956019;T-shirt type 4, Puma;1;297.344;cash;;184
100000555;8-15-2023;0,821956019;Tights type 2, Puma;1;427.648;cash;;257
100000555;8-15-2023;0,821956019;Cap type 3, Adidas;2;462.0;cash;;220
100000566;6-23-2023;0,472326389;Type 3 shirt, Reebok;1;516.6;cash;ПІБ 967;246
100000566;6-23-2023;0,472326389;Cufflink type 5, Nike;1;949.648;cash;ПІБ 967;427
100000566;6-23-2023;0,472326389;Type 1 ball, Reebok;1;89.053;cash;ПІБ 967;43
100000646;4-20-2024;0,716597222;Cap type 2, Adidas;1;250.92;cash;;136
100000646;4-20-2024;0,716597222;T-shirt type 1, Puma;1;420.784;cash;;238
100000646;4-20-2024;0,716597222;Cap type 8, Nike;1;541.158;cash;;282
100000650;7-11-2023;0,628541667;Pants type 5, Puma;1;2105.008;cash;ПІБ 1128;1207
100000650;7-11-2023;0,628541667;Boots type 4, Reebok;1;7161.1;cash;ПІБ 1128;3769
100000650;7-11-2023;0,628541667;T-shirt type 4, Adidas;1;217.21;cash;ПІБ 1128;107
100000651;10-30-2023;0,515740741;Cap type 2, Nike;1;541.66;non-cash;;265
100000651;10-30-2023;0,515740741;Shoes type 1, Nike;1;3176.892;non-cash;;1611
100000657;4-19-2022;0,504652778;Sneakers type 6, Puma;1;2577.472;cash;;1564
100000689;5-23-2023;0,738043981;Belt type 2, Reebok;1;440.99;cash;;209
100000689;5-23-2023;0,738043981;Tights type 4, Adidas;1;688.2;cash;;370
100000689;5-23-2023;0,738043981;Shirt type 11, Adidas;2;1202.8;cash;;620
100000709;7-25-2024;0,396145833;Boots type 1, Nike;1;6055.728;cash;ПІБ 770;2814
100000716;3-9-2022;0,787951389;Cap type 3, Puma;1;479.864;cash;;287
100000724;7-28-2022;0,726053241;Type 1 shirt, Nike;1;1445.6664;cash;ПІБ 1173;837
100000724;7-28-2022;0,726053241;Pants type 6, Puma;1;1241.952;cash;ПІБ 1173;761
100000724;7-28-2022;0,726053241;Shirt type 11, Reebok;2;2785.1824;cash;ПІБ 1173;1628
100000740;11-11-2022;0,491423611;Sneakers type 5, Puma;2;2238.352;cash;ПІБ 838;1406
100000758;7-6-2023;0,752453704;Sneakers type 1, Puma;1;2891.328;cash;;1628
100000759;5-30-2023;0,606030093;Cufflink type 4, Reebok;1;821.24;non-cash;;419
100000760;8-13-2023;0,600532407;T-shirt type 2, Adidas;1;429.1056;non-cash;;258
100000760;8-13-2023;0,600532407;Pants type 10, Reebok;1;343.44;non-cash;;162
100000760;8-13-2023;0,600532407;Tights type 1, Reebok;1;299.2626;non-cash;;182
100000760;8-13-2023;0,600532407;Boots type 3, Nike;1;7087.68;non-cash;;3312
100000767;9-12-2022;0,429976852;Tights type 1, Adidas;1;787.5;cash;;375
100000767;9-12-2022;0,429976852;Tights type 5, Reebok;1;204.795;cash;;111
100000767;9-12-2022;0,429976852;T-shirt type 6, Nike;1;761.2;cash;;346
100000770;5-11-2023;0,386828704;Sneakers type 1, Puma;2;5782.656;cash;;3256
100000770;5-11-2023;0,386828704;Belt type 3, Reebok;1;714.42;cash;;378
100000771;4-9-2024;0,544189815;T-shirt type 1, Adidas;1;459.9;cash;ПІБ 1024;219
100000776;10-13-2022;0,427037037;Shirt type 8, Reebok;1;1187.93;cash;;563
100000787;1-30-2023;0,710439815;Cap type 2, Nike;1;546.448;non-cash;ПІБ 318;238
100000815;6-29-2023;0,583761574;T-shirt type 3, Puma;1;616.176;cash;;389
100000828;3-10-2022;0,669872685;Cap type 8, Reebok;1;409.64;non-cash;;209
100000836;7-23-2023;0,754953704;Flip flops type 1, Puma;1;247.6656;non-cash;;189
100000850;12-6-2022;0,812071759;Shirt type 2, Puma;2;1707.264;non-cash;;988
100000850;12-6-2022;0,812071759;Tights type 6, Adidas;2;1396.8;non-cash;;776
100000850;12-6-2022;0,812071759;Tights type 4, Adidas;1;688.2;non-cash;;370
100000850;12-6-2022;0,812071759;Shirt type 6, Nike;1;1552.824;non-cash;;702
100000877;10-22-2022;0,411805556;Pants type 2, Reebok;1;325.4253;cash;ПІБ 796;159
100000887;10-7-2022;0,670543981;Pants type 7, Adidas;1;1706.5152;cash;;954
100000887;10-7-2022;0,670543981;Sneakers type 1, Reebok;1;1922.778;cash;;1053
100000888;2-23-2022;0,607534722;T-shirt type 7, Puma;1;201.552;cash;;114
100000902;7-2-2022;0,581724537;Pants type 5, Adidas;1;855.6856;cash;;479
100000902;7-2-2022;0,581724537;Shirt type 7, Nike;2;3293.12;cash;;1640
100000902;7-2-2022;0,581724537;Cufflink type 6, Puma;1;365.72;cash;;205
100000905;8-14-2022;0,693217593;T-shirt type 2, Adidas;1;510.84;cash;;258
100000911;2-17-2022;0,458553241;Cap type 3, Puma;1;479.864;non-cash;;287
100000914;4-24-2024;0,675011574;T-shirt type 5, Reebok;1;700.91;non-cash;ПІБ 999;323
100000914;4-24-2024;0,675011574;Shirt type 2, Adidas;2;2014.8;non-cash;ПІБ 999;920
100000914;4-24-2024;0,675011574;Pants type 9, Adidas;1;428.45;non-cash;ПІБ 999;205
100000914;4-24-2024;0,675011574;Pants type 7, Puma;2;964.464;non-cash;ПІБ 999;566
100000914;4-24-2024;0,675011574;Shirt type 1, Puma;1;1426.128;non-cash;ПІБ 999;814
100000914;4-24-2024;0,675011574;Pants type 7, Adidas;1;1666.8288;non-cash;ПІБ 999;954
100000935;2-10-2022;0,437025463;Sneakers type 6, Adidas;1;2545.92;cash;;1224
100000935;2-10-2022;0,437025463;Shirt type 10, Puma;2;813.13824;cash;;566
100000935;2-10-2022;0,437025463;Boots type 5, Adidas;1;2860.29;cash;;1563
100000943;4-29-2023;0,783865741;Cap type 1, Adidas;1;225.09;non-cash;ПІБ 1018;123
100000959;9-19-2024;0,789409722;Pants type 8, Puma;1;759.632;non-cash;;482
100000959;9-19-2024;0,789409722;Shirt type 7, Reebok;1;1310.26;non-cash;;686
100000959;9-19-2024;0,789409722;Pants type 12, Reebok;2;1085.64;non-cash;;498
100000959;9-19-2024;0,789409722;Cufflink type 6, Puma;1;365.72;non-cash;;205
100000959;9-19-2024;0,789409722;Shirt type 4, Adidas;1;358.98;non-cash;;186
100000970;1-29-2022;0,720324074;T-shirt type 7, Adidas;1;316.7322;non-cash;ПІБ 746;167
100000970;1-29-2022;0,720324074;Shoes type 4, Puma;1;3041.776;non-cash;ПІБ 746;1802
100000996;7-11-2024;0,451458333;Pants type 8, Nike;1;1297.51576;cash;;743
100000996;7-11-2024;0,451458333;Shirt type 6, Reebok;1;699.6;cash;;330
100001015;7-4-2023;0,672916667;Cufflink type 5, Puma;1;225.792;non-cash;ПІБ 878;140
100001057;5-11-2024;0,712604167;Cap type 3, Nike;1;648.448;non-cash;;298
100001057;5-11-2024;0,712604167;Tights type 6, Adidas;1;698.4;non-cash;;388
100001058;11-7-2023;0,480497685;Shirt type 5, Reebok;1;971.88;non-cash;;534
100001058;11-7-2023;0,480497685;Sneakers type 4, Adidas;1;1436.3943;non-cash;;739
100001083;8-5-2023;0,398946759;Sneakers type 6, Reebok;1;1770.264;cash;;1069
100001102;5-26-2024;0,825833333;Tights type 1, Puma;1;215.496;cash;;123
100001102;5-26-2024;0,825833333;Type 3 shirt, Reebok;1;516.6;cash;;246
100001111;5-26-2022;0,513298611;Cap type 6, Adidas;1;487.6;cash;;265
100001111;5-26-2022;0,513298611;Shirt type 4, Puma;1;888.88;cash;;542
100001114;8-17-2023;0,58212963;Shoes type 3, Puma;1;5261.256;cash;ПІБ 1255;3003
100001114;8-17-2023;0,58212963;Cap type 3, Reebok;1;287.1687;cash;ПІБ 1255;157
100001114;8-17-2023;0,58212963;T-shirt type 1, Puma;1;420.784;cash;ПІБ 1255;238
100001125;4-28-2022;0,636875;Cap type 8, Puma;2;1039.36;non-cash;ПІБ 338;580
100001125;4-28-2022;0,636875;Cap type 2, Puma;1;334.5408;non-cash;ПІБ 338;220
100001125;4-28-2022;0,636875;Boots type 3, Adidas;2;12715.76;non-cash;ПІБ 338;5998
100001125;4-28-2022;0,636875;Tights type 3, Puma;1;606.464;non-cash;ПІБ 338;368
100001127;5-10-2024;0,707824074;T-shirt type 2, Puma;1;624.0;non-cash;ПІБ 966;390
100001156;5-24-2023;0,815486111;Type 3 shirt, Nike;1;1737.236;cash;ПІБ 836;821
100001178;8-4-2022;0,626516204;T-shirt type 7, Reebok;1;538.1376;non-cash;;286
100001185;5-4-2023;0,760659722;Pants type 7, Reebok;1;1398.813;non-cash;ПІБ 1027;806
100001191;12-2-2022;0,819340278;Tights type 4, Adidas;1;688.2;cash;;370
100001191;12-2-2022;0,819340278;Pants type 10, Adidas;1;1264.4;cash;;580
100001226;4-20-2024;0,581296296;T-shirt type 4, Nike;1;594.336;cash;;246
100001226;4-20-2024;0,581296296;Sneakers type 5, Reebok;1;2250.24;cash;;1172
100001226;4-20-2024;0,581296296;Cap type 5, Adidas;1;322.74;cash;;163
100001231;8-25-2023;0,447986111;Shirt type 7, Puma;2;1744.36416;cash;;1288
100001234;5-25-2024;0,74724537;T-shirt type 2, Nike;2;1869.56;cash;;770
100001241;3-20-2024;0,413310185;Shirt type 9, Adidas;1;1818.46;cash;;838
100001246;3-11-2022;0,752939815;Shoes type 3, Puma;1;5261.256;cash;;3003
100001247;1-24-2022;0,638946759;Cap type 1, Adidas;1;298.76;cash;;175
100001247;1-24-2022;0,638946759;Shirt type 8, Nike;1;1172.888;cash;;542
100001247;1-24-2022;0,638946759;Pants type 5, Reebok;1;1972.846;cash;;1076
100001286;7-17-2022;0,843900463;Belt type 4, Adidas;1;350.416;cash;;181
100001286;7-17-2022;0,843900463;Boots type 6, Puma;1;2144.936;cash;;1361
100001289;5-3-2023;0,42869213;Shirt type 8, Puma;2;864.864;cash;;528
100001289;5-3-2023;0,42869213;Cap type 4, Nike;2;1147.344;cash;;492
100001289;5-3-2023;0,42869213;Boots type 1, Adidas;1;7293.79;cash;;3593
100001289;5-3-2023;0,42869213;T-shirt type 7, Adidas;1;364.06;cash;;167
100001289;5-3-2023;0,42869213;Shirt type 12, Adidas;1;820.8;cash;;456
100001295;5-14-2023;0,606990741;Cap type 1, Nike;1;464.112;cash;;198
100001314;5-23-2024;0,50474537;Flip flops type 1, Adidas;1;391.95;cash;;195
100001318;11-2-2023;0,843159722;T-shirt type 3, Reebok;1;440.7;non-cash;;226
100001318;11-2-2023;0,843159722;Flip flops type 3, Adidas;1;267.4361;non-cash;;151
100001330;11-5-2022;0,577222222;Type 3 shoes, Nike;1;5386.79808;non-cash;ПІБ 564;3352
100001330;11-5-2022;0,577222222;T-shirt type 4, Reebok;2;587.424;non-cash;ПІБ 564;348
100001330;11-5-2022;0,577222222;Cufflink type 7, Reebok;1;512.64;non-cash;ПІБ 564;267
100001330;11-5-2022;0,577222222;Flip flops type 2, Puma;1;280.3328;non-cash;ПІБ 564;181
100001330;11-5-2022;0,577222222;Boots type 6, Puma;1;2144.936;non-cash;ПІБ 564;1361
100001330;11-5-2022;0,577222222;Tights type 1, Reebok;1;343.98;non-cash;ПІБ 564;182
100001334;10-14-2023;0,432604167;Shirt type 1, Adidas;1;914.82;non-cash;ПІБ 809;474
100001348;12-11-2023;0,752731481;Belt type 1, Nike;1;274.912;non-cash;;121
100001363;3-20-2023;0,522835648;Sneakers type 4, Reebok;1;2941.68;cash;;1700
100001363;3-20-2023;0,522835648;Shirt type 9, Reebok;1;546.0;cash;;273
100001367;4-6-2022;0,537835648;Tights type 1, Puma;1;215.496;non-cash;;123
100001367;4-6-2022;0,537835648;Pants type 3, Reebok;1;1850.97;non-cash;;869
100001367;4-6-2022;0,537835648;Tights type 5, Adidas;1;736.32;non-cash;;354
100001384;1-6-2023;0,417708333;Cap type 6, Adidas;2;975.2;cash;ПІБ 997;530
100001384;1-6-2023;0,417708333;Cufflink type 7, Reebok;1;512.64;cash;ПІБ 997;267
100001384;1-6-2023;0,417708333;Cap type 6, Puma;1;391.56;cash;ПІБ 997;251
100001386;4-29-2024;0,81556713;Cap type 2, Adidas;2;1261.44;cash;;584
100001387;8-8-2022;0,787303241;Pants type 11, Nike;1;866.51652;non-cash;;453
100001387;8-8-2022;0,787303241;Cap type 8, Adidas;1;326.8;non-cash;;152
100001390;1-24-2022;0,535439815;Boots type 1, Adidas;1;7293.79;non-cash;;3593
100001400;11-30-2022;0,657314815;Shirt type 12, Reebok;1;1110.8769;cash;;629
100001400;11-30-2022;0,657314815;Shoes type 2, Puma;1;3234.944;cash;;2032
100001400;11-30-2022;0,657314815;Cap type 8, Reebok;1;409.64;cash;;209
100001400;11-30-2022;0,657314815;Cap type 6, Reebok;1;203.3;cash;;107
100001411;12-13-2022;0,729340278;T-shirt type 3, Reebok;1;504.171;non-cash;ПІБ 164;263
100001429;7-24-2024;0,548483796;Pants type 11, Reebok;2;3633.68;cash;;1714
100001429;7-24-2024;0,548483796;Flip flops type 3, Reebok;1;476.3286;cash;;243
100001445;7-31-2022;0,611331019;Type 1 ball, Reebok;1;93.74;non-cash;;43
100001445;7-31-2022;0,611331019;Boots type 1, Adidas;2;14587.58;non-cash;;7186
100001445;7-31-2022;0,611331019;Shirt type 2, Puma;1;853.632;non-cash;;494
100001452;8-11-2023;0,376261574;Cap type 3, Puma;1;436.67624;cash;ПІБ 21;287
100001456;12-28-2023;0,519247685;Type 3 shirt, Nike;1;1737.236;cash;;821
100001469;3-10-2023;0,825034722;T-shirt type 3, Puma;1;616.176;cash;;389
100001471;5-12-2024;0,796747685;Pants type 6, Adidas;1;1532.0;non-cash;;766
100001471;5-12-2024;0,796747685;Cufflink type 5, Puma;1;225.792;non-cash;;140
100001482;11-20-2023;0,583553241;Flip flops type 2, Adidas;1;698.92;cash;ПІБ 1237;346
100001497;6-16-2022;0,618402778;Cufflink type 6, Nike;1;615.048;cash;;294
100001541;5-15-2023;0,601087963;Cap type 6, Puma;1;391.56;cash;;251
100001549;2-13-2022;0,431666667;Shirt type 7, Reebok;1;1310.26;non-cash;ПІБ 1037;686
100001549;2-13-2022;0,431666667;Tights type 7, Adidas;1;797.04;non-cash;ПІБ 1037;369
100001564;2-14-2022;0,389791667;T-shirt type 5, Nike;1;488.824;cash;;245
100001576;1-22-2024;0,820462963;T-shirt type 3, Nike;1;492.2;cash;ПІБ 406;230
100001576;1-22-2024;0,820462963;Pants type 2, Nike;1;1406.532;cash;ПІБ 406;597
100001576;1-22-2024;0,820462963;Cufflink type 5, Puma;1;250.88;cash;ПІБ 406;140
100001580;3-12-2022;0,587349537;T-shirt type 1, Reebok;1;187.308;cash;ПІБ 1137;88
100001580;3-12-2022;0,587349537;Shoes type 2, Puma;1;3234.944;cash;ПІБ 1137;2032
100001581;7-16-2022;0,458171296;Flip flops type 3, Adidas;1;285.4655;cash;;151
100001589;6-3-2023;0,441018519;Flip flops type 3, Reebok;1;476.3286;cash;ПІБ 1007;243
100001612;3-15-2024;0,416909722;T-shirt type 7, Reebok;1;549.12;cash;;286
100001616;10-25-2023;0,854513889;Boots type 1, Reebok;1;4672.005;cash;ПІБ 248;2535
100001616;10-25-2023;0,854513889;Pants type 9, Reebok;2;997.3824;cash;ПІБ 248;672
100001629;1-11-2022;0,501006944;Flip flops type 2, Puma;1;318.56;cash;;181
100001629;1-11-2022;0,501006944;Flip flops type 2, Reebok;2;796.79;cash;;436
100001629;1-11-2022;0,501006944;Flip flops type 1, Adidas;1;391.95;cash;;195
100001635;7-18-2024;0,700150463;Shirt type 11, Reebok;1;1481.48;non-cash;ПІБ 409;814
100001635;7-18-2024;0,700150463;Pants type 8, Adidas;1;2084.5188;non-cash;ПІБ 409;1053
100001635;7-18-2024;0,700150463;Cufflink type 2, Reebok;1;432.0;non-cash;ПІБ 409;200
100001635;7-18-2024;0,700150463;Pants type 11, Puma;1;544.824;non-cash;ПІБ 409;329
100001635;7-18-2024;0,700150463;Boots type 1, Nike;2;12111.456;non-cash;ПІБ 409;5628
100001671;6-16-2024;0,780011574;Cap type 4, Reebok;1;229.4;cash;;124
100001671;6-16-2024;0,780011574;Tights type 7, Adidas;1;797.04;cash;;369
100001671;6-16-2024;0,780011574;Tights type 1, Nike;1;422.37216;cash;;252
100001687;4-28-2023;0,785671296;T-shirt type 2, Adidas;1;505.7316;non-cash;;258
100001716;4-16-2022;0,503414352;Belt type 2, Adidas;1;325.95;cash;ПІБ 696;159
100001721;1-11-2024;0,511805556;Belt type 2, Nike;2;880.352;cash;;440
100001721;1-11-2024;0,511805556;Boots type 3, Reebok;2;13372.36;cash;;6788
100001732;8-9-2023;0,836087963;Shirt type 12, Reebok;1;1149.183;cash;ПІБ 1256;629
100001744;9-28-2024;0,732337963;T-shirt type 2, Nike;1;431.136;non-cash;;216
100001744;9-28-2024;0,732337963;Tights type 5, Nike;1;441.07608;non-cash;;254
100001744;9-28-2024;0,732337963;Shirt type 7, Reebok;1;1310.26;non-cash;;686
100001744;9-28-2024;0,732337963;Cap type 4, Nike;1;458.9376;non-cash;;246
100001762;11-14-2022;0,447523148;Tights type 2, Nike;1;242.1;cash;;125
100001765;10-9-2022;0,617685185;Cap type 3, Reebok;1;516.12;cash;;253
100001765;10-9-2022;0,617685185;Type 1 ball, Nike;1;111.936;cash;;48
100001765;10-9-2022;0,617685185;Type 2 ball, Reebok;1;100.11;cash;;47
100001765;10-9-2022;0,617685185;Sneakers type 4, Adidas;1;1405.5041;cash;;739
100001768;3-22-2022;0,398981481;Shirt type 7, Puma;1;1076.768;cash;;644
100001789;9-19-2023;0,780532407;Shirt type 5, Reebok;1;971.88;cash;;534
100001789;9-19-2023;0,780532407;Cufflink type 2, Adidas;1;380.88;cash;;207
100001789;9-19-2023;0,780532407;Cap type 1, Puma;1;237.984;cash;;134
100001789;9-19-2023;0,780532407;Type 2 ball, Reebok;1;100.11;cash;;47
100001789;9-19-2023;0,780532407;Shirt type 11, Reebok;2;2755.5528;cash;;1628
100001797;5-5-2023;0,565856481;Cap type 3, Reebok;2;918.6936;non-cash;ПІБ 691;506
100001797;5-5-2023;0,565856481;T-shirt type 4, Adidas;1;217.21;non-cash;ПІБ 691;107
100001818;2-9-2023;0,501284722;Tights type 4, Reebok;1;789.93;cash;;393
100001818;2-9-2023;0,501284722;Shirt type 8, Nike;1;1172.888;cash;;542
100001818;2-9-2023;0,501284722;Shirt type 7, Nike;2;3293.12;cash;;1640
100001818;2-9-2023;0,501284722;Cap type 3, Puma;1;388.44;cash;;249
100001832;1-23-2022;0,516678241;Cap type 2, Reebok;1;336.776;cash;ПІБ 754;176
100001832;1-23-2022;0,516678241;Cap type 2, Adidas;1;630.72;cash;ПІБ 754;292
100001839;2-27-2023;0,866585648;Sneakers type 5, Puma;1;1119.176;non-cash;;703
100001839;2-27-2023;0,866585648;Pants type 10, Puma;1;1814.094;non-cash;;1039
100001839;2-27-2023;0,866585648;Cap type 7, Adidas;1;320.6016;non-cash;;176
100001839;2-27-2023;0,866585648;Shirt type 11, Puma;1;734.72;non-cash;;410
100001850;6-18-2024;0,641134259;Pants type 4, Nike;1;2360.408;non-cash;ПІБ 48;1007
100001852;7-18-2022;0,867199074;Type 3 shoes, Nike;1;6650.368;non-cash;;3352
100001863;4-20-2024;0,46037037;Pants type 9, Puma;1;858.28;non-cash;;499
100001864;10-26-2022;0,667118056;Sneakers type 5, Puma;1;906.53256;cash;;703
100001870;5-30-2023;0,557847222;Flip flops type 1, Reebok;1;686.4;cash;;312
100001870;5-30-2023;0,557847222;Shoes type 3, Adidas;1;3408.96;cash;;1608
100001878;12-19-2022;0,778888889;T-shirt type 7, Adidas;1;364.06;non-cash;;167
100001878;12-19-2022;0,778888889;Sneakers type 1, Nike;2;7985.784;non-cash;;3774
100001886;8-10-2022;0,719293981;Tights type 1, Nike;1;494.48448;cash;;252
100001886;8-10-2022;0,719293981;Pants type 3, Adidas;1;1888.7178;cash;;1102
100001888;5-7-2022;0,66505787;Boots type 1, Adidas;1;7293.79;non-cash;;3593
100001888;5-7-2022;0,66505787;Shirt type 11, Reebok;2;2962.96;non-cash;;1628
100001888;5-7-2022;0,66505787;Type 4 shirt, Reebok;1;1673.9;non-cash;;881
100001888;5-7-2022;0,66505787;Type 2 ball, Reebok;2;162.1782;non-cash;;94
100001893;4-26-2023;0,525983796;Sneakers type 6, Reebok;1;1966.96;non-cash;ПІБ 779;1069
100001894;6-27-2024;0,479583333;T-shirt type 1, Reebok;2;378.4;non-cash;;176
100001894;6-27-2024;0,479583333;Cap type 3, Adidas;1;380.21;non-cash;;197
100001894;6-27-2024;0,479583333;Boots type 4, Nike;2;13858.176;non-cash;;5736
100001920;1-6-2023;0,858923611;Sneakers type 2, Puma;1;1389.56928;cash;ПІБ 743;982
100001932;5-27-2022;0,499108796;Tights type 3, Reebok;1;356.96;cash;;184
100001962;10-11-2022;0,519756944;Tights type 1, Nike;2;1030.176;cash;ПІБ 1064;504
100001963;2-18-2024;0,837407407;Shirt type 12, Puma;1;542.93184;cash;;328
100001963;2-18-2024;0,837407407;Cufflink type 7, Nike;1;581.616;cash;;252
100001970;10-29-2022;0,844409722;Cap type 6, Adidas;1;487.6;non-cash;;265
100001977;2-19-2022;0,531631944;Cap type 1, Reebok;1;495.55;cash;;265
100001992;7-11-2022;0,658831019;Boots type 1, Adidas;1;7293.79;cash;;3593
100001994;7-19-2024;0,853680556;Cufflink type 2, Nike;1;231.544;non-cash;;103
100001994;7-19-2024;0,853680556;Cap type 4, Nike;2;1147.344;non-cash;;492
100002038;5-28-2023;0,543275463;Tights type 7, Adidas;1;797.04;cash;;369
100002038;5-28-2023;0,543275463;Boots type 1, Reebok;2;7868.64;cash;;5070
100002038;5-28-2023;0,543275463;T-shirt type 2, Adidas;1;310.8;cash;;168
100002038;5-28-2023;0,543275463;Boots type 5, Adidas;2;5720.58;cash;;3126
100002038;5-28-2023;0,543275463;Shoes type 4, Adidas;1;3582.78;cash;;1698
100002038;5-28-2023;0,543275463;T-shirt type 1, Adidas;1;455.301;cash;;219
100002042;7-23-2022;0,592731481;Cufflink type 2, Reebok;2;864.0;non-cash;ПІБ 487;400
100002042;7-23-2022;0,592731481;Sneakers type 3, Nike;2;5302.352;non-cash;ПІБ 487;2564
100002042;7-23-2022;0,592731481;Shirt type 11, Puma;1;734.72;non-cash;ПІБ 487;410
100002042;7-23-2022;0,592731481;Cap type 3, Reebok;1;516.12;non-cash;ПІБ 487;253
100002042;7-23-2022;0,592731481;Pants type 9, Adidas;1;428.45;non-cash;ПІБ 487;205
100002043;1-1-2022;0,379467593;T-shirt type 2, Reebok;1;461.89;cash;;247
100002043;1-1-2022;0,379467593;Shirt type 6, Puma;1;540.7248;cash;;330
100002043;1-1-2022;0,379467593;T-shirt type 5, Nike;2;1136.8;cash;;490
100002043;1-1-2022;0,379467593;Pants type 4, Reebok;1;2188.7712;cash;;1176
100002048;5-27-2022;0,850902778;T-shirt type 4, Puma;1;297.344;non-cash;;184
100002048;5-27-2022;0,850902778;Pants type 2, Puma;2;1794.1664;non-cash;;1180
100002048;5-27-2022;0,850902778;Cap type 6, Reebok;2;406.6;non-cash;;214
100002048;5-27-2022;0,850902778;T-shirt type 3, Adidas;1;623.28;non-cash;;318
100002048;5-27-2022;0,850902778;Cufflink type 3, Nike;1;782.6;non-cash;;350
100002054;1-8-2024;0,767430556;Boots type 6, Puma;1;2144.936;non-cash;ПІБ 205;1361
100002076;8-14-2024;0,572083333;T-shirt type 3, Puma;1;480.6;cash;ПІБ 466;267
100002076;8-14-2024;0,572083333;Pants type 4, Adidas;1;1205.55;cash;ПІБ 466;705
100002099;10-20-2023;0,529849537;Sneakers type 2, Puma;2;3158.112;cash;;1964
100002099;10-20-2023;0,529849537;Cap type 5, Puma;2;468.16;cash;;280
100002107;2-10-2022;0,724548611;Shoes type 1, Adidas;1;3712.5;non-cash;ПІБ 941;1875
100002118;9-28-2023;0,546423611;Cufflink type 6, Adidas;2;713.7;cash;;366
100002118;9-28-2023;0,546423611;Cufflink type 4, Adidas;1;1069.81;cash;;493
100002146;4-24-2023;0,437476852;Cap type 1, Reebok;1;529.2;cash;ПІБ 1242;245
100002150;6-9-2023;0,716643519;Shoes type 2, Adidas;1;3027.159;cash;;1761
100002150;6-9-2023;0,716643519;Tights type 1, Nike;1;515.088;cash;;252
100002155;3-11-2023;0,586064815;Cufflink type 3, Nike;1;680.862;non-cash;ПІБ 420;350
100002155;3-11-2023;0,586064815;Type 3 shirt, Nike;1;1737.236;non-cash;ПІБ 420;821
100002155;3-11-2023;0,586064815;Cap type 5, Adidas;1;322.74;non-cash;ПІБ 420;163
100002155;3-11-2023;0,586064815;Cap type 2, Nike;1;480.87424;non-cash;ПІБ 420;238
100002159;1-29-2023;0,696354167;Cap type 1, Adidas;1;339.5;cash;;175
100002159;1-29-2023;0,696354167;Cufflink type 6, Puma;1;365.72;cash;;205
100002159;1-29-2023;0,696354167;Shirt type 8, Puma;1;475.2;cash;;264
100002167;11-4-2022;0,749513889;Shirt type 4, Puma;1;782.2144;cash;;542
100002178;6-3-2023;0,623298611;Cufflink type 3, Nike;1;751.296;non-cash;;350
100002178;6-3-2023;0,623298611;T-shirt type 3, Nike;1;535.0;non-cash;;250
100002181;11-18-2022;0,499826389;Cufflink type 2, Puma;1;414.1104;cash;;253
100002181;11-18-2022;0,499826389;Shirt type 7, Adidas;1;1550.25;cash;;795
100002181;11-18-2022;0,499826389;Shirt type 7, Reebok;2;2620.52;cash;;1372
100002189;1-6-2022;0,462349537;Cap type 2, Nike;1;492.9106;cash;;265
100002229;4-5-2022;0,753946759;Boots type 1, Adidas;1;7293.79;non-cash;;3593
100002229;4-5-2022;0,753946759;Boots type 3, Puma;1;4924.416;non-cash;;2748
100002239;12-31-2023;0,551724537;Cap type 8, Reebok;1;389.158;non-cash;;209
100002239;12-31-2023;0,551724537;Boots type 5, Puma;1;2273.648;non-cash;;1286
100002239;12-31-2023;0,551724537;Tights type 5, Nike;1;506.984;non-cash;;254
100002239;12-31-2023;0,551724537;Belt type 2, Reebok;2;881.98;non-cash;;418
100002239;12-31-2023;0,551724537;Pants type 6, Nike;1;2298.168;non-cash;;1062
100002240;1-18-2023;0,798842593;Boots type 2, Nike;2;11867.904;non-cash;;5454
100002240;1-18-2023;0,798842593;Pants type 4, Reebok;1;2210.88;non-cash;;1176
100002240;1-18-2023;0,798842593;Flip flops type 1, Nike;1;323.3616;non-cash;;184
100002240;1-18-2023;0,798842593;Cufflink type 1, Adidas;1;473.958;non-cash;;262
100002265;8-28-2024;0,798541667;Cap type 4, Adidas;1;562.8;cash;;280
100002274;1-15-2023;0,625416667;Boots type 5, Reebok;1;4595.8347;cash;;2741
100002279;3-31-2022;0,417280093;Shirt type 4, Puma;1;888.88;cash;;542
100002297;7-4-2022;0,493634259;Boots type 5, Adidas;1;2717.2755;cash;;1563
100002310;2-3-2024;0,558263889;Shirt type 5, Reebok;2;1943.76;cash;;1068
100002314;4-24-2023;0,676261574;Shirt type 9, Puma;2;1339.6;non-cash;ПІБ 390;850
100002314;4-24-2023;0,676261574;Sneakers type 6, Reebok;1;1966.96;non-cash;ПІБ 390;1069
100002323;10-4-2022;0,522349537;Boots type 3, Puma;1;4924.416;cash;;2748
100002323;10-4-2022;0,522349537;Flip flops type 1, Adidas;1;340.9965;cash;;195
100002326;7-10-2022;0,592199074;T-shirt type 4, Reebok;2;734.28;cash;;348
100002326;7-10-2022;0,592199074;Shirt type 2, Puma;1;853.632;cash;;494
100002335;10-4-2023;0,486203704;T-shirt type 3, Nike;1;497.55;cash;ПІБ 258;250
100002335;10-4-2023;0,486203704;Shoes type 4, Reebok;1;6167.26;cash;ПІБ 258;3298
100002358;1-16-2022;0,663553241;T-shirt type 2, Nike;1;431.136;cash;;216
100002358;1-16-2022;0,663553241;Cap type 2, Adidas;2;1261.44;cash;;584
100002358;1-16-2022;0,663553241;Boots type 2, Nike;1;5933.952;cash;;2727
100002379;8-20-2024;0,636168981;T-shirt type 1, Nike;1;425.068;non-cash;ПІБ 998;190
100002379;8-20-2024;0,636168981;Tights type 7, Adidas;1;797.04;non-cash;ПІБ 998;369
100002379;8-20-2024;0,636168981;Cap type 1, Puma;2;475.968;non-cash;ПІБ 998;268
100002397;9-30-2023;0,798449074;Shirt type 9, Nike;1;1699.04;cash;;740
100002422;8-16-2024;0,458900463;Cap type 6, Nike;1;504.92376;cash;;237
100002434;6-12-2024;0,497094907;Pants type 9, Reebok;1;516.936;non-cash;;336
100002447;7-24-2023;0,573449074;Shirt type 10, Nike;1;397.46;cash;;167
100002447;7-24-2023;0,573449074;Pants type 11, Puma;1;544.824;cash;;329
100002447;7-24-2023;0,573449074;Cufflink type 5, Nike;1;807.2008;cash;;427
100002447;7-24-2023;0,573449074;Cap type 1, Puma;1;237.984;cash;;134
100002447;7-24-2023;0,573449074;Cufflink type 3, Adidas;1;396.44;cash;;187
100002447;7-24-2023;0,573449074;Sneakers type 2, Nike;1;4556.48;cash;;1964
100002447;7-24-2023;0,573449074;Shirt type 6, Reebok;1;664.62;cash;;330
100002447;7-24-2023;0,573449074;Boots type 3, Adidas;1;6357.88;cash;;2999
100002447;7-24-2023;0,573449074;Cap type 2, Adidas;1;278.8;cash;;136
100002451;4-19-2023;0,721782407;Type 5 shirt, Nike;1;911.744;cash;;419
100002451;4-19-2023;0,721782407;Flip flops type 1, Puma;1;294.84;cash;;189
100002451;4-19-2023;0,721782407;Sneakers type 4, Reebok;2;7004.0;cash;;3400
100002473;9-1-2024;0,523090278;T-shirt type 7, Adidas;2;728.12;cash;;334
100002514;5-4-2023;0,724340278;Pants type 3, Adidas;2;4341.88;cash;;2204
100002519;2-5-2024;0,728865741;Flip flops type 3, Adidas;1;252.4116;cash;;151
100002525;10-11-2022;0,544027778;Cap type 2, Nike;2;928.9616;cash;;476
100002525;10-11-2022;0,544027778;Cufflink type 7, Adidas;1;334.88;cash;;184
100002548;6-24-2023;0,670520833;T-shirt type 3, Adidas;1;623.28;cash;;318
100002560;9-22-2023;0,579895833;Sneakers type 4, Reebok;1;3502.0;non-cash;;1700
100002626;8-25-2024;0,454976852;Type 1 ball, Nike;1;111.936;cash;;48
100002626;8-25-2024;0,454976852;Cufflink type 7, Nike;1;540.90288;cash;;252
100002652;6-24-2022;0,719259259;Shirt type 1, Puma;1;1426.128;cash;;814
100002652;6-24-2022;0,719259259;Shoes type 1, Puma;1;3787.08;cash;;2265
100002652;6-24-2022;0,719259259;Tights type 4, Adidas;1;688.2;cash;;370
100002652;6-24-2022;0,719259259;Pants type 1, Nike;1;1820.0288;cash;;937
100002671;11-7-2022;0,496273148;Pants type 11, Reebok;1;1816.84;cash;;857
100002671;11-7-2022;0,496273148;Belt type 3, Nike;1;455.18608;cash;;211
100002671;11-7-2022;0,496273148;Shoes type 1, Adidas;1;3192.75;cash;;1875
100002671;11-7-2022;0,496273148;Tights type 5, Reebok;1;227.55;cash;;111
100002671;11-7-2022;0,496273148;Pants type 5, Adidas;2;1944.74;cash;;958
100002671;11-7-2022;0,496273148;Pants type 5, Reebok;2;4153.36;cash;;2152
100002671;11-7-2022;0,496273148;T-shirt type 3, Nike;1;438.058;cash;;230
100002671;11-7-2022;0,496273148;Cufflink type 2, Puma;1;440.8272;cash;;253
100002671;11-7-2022;0,496273148;Pants type 3, Puma;1;346.752;cash;;258
100002675;3-24-2024;0,746898148;Sneakers type 3, Adidas;1;2852.3088;cash;;1637
100002675;3-24-2024;0,746898148;Shirt type 1, Adidas;1;832.4862;cash;;474
100002680;10-11-2023;0,439293981;Cap type 8, Adidas;1;326.8;cash;ПІБ 774;152
100002686;5-29-2022;0,466516204;T-shirt type 2, Adidas;1;310.8;cash;;168
100002686;5-29-2022;0,466516204;Cufflink type 2, Nike;1;231.544;cash;;103
100002686;5-29-2022;0,466516204;T-shirt type 1, Nike;1;339.16;cash;;139
100002706;1-24-2023;0,625347222;Shirt type 10, Puma;1;495.816;non-cash;;283
100002706;1-24-2023;0,625347222;Cap type 7, Nike;1;443.55584;non-cash;;208
100002727;6-10-2022;0,489930556;T-shirt type 1, Nike;1;271.328;non-cash;;139
100002732;6-13-2022;0,425578704;Pants type 3, Nike;1;1536.528;non-cash;ПІБ 68;714
100002732;6-13-2022;0,425578704;Tights type 3, Nike;1;348.9952;non-cash;ПІБ 68;191
100002732;6-13-2022;0,425578704;Tights type 4, Reebok;1;789.93;non-cash;ПІБ 68;393
100002739;2-12-2024;0,472002315;T-shirt type 7, Reebok;1;549.12;cash;;286
100002741;11-4-2022;0,737685185;Boots type 6, Adidas;1;5005.973;cash;;2714
100002751;11-9-2022;0,76287037;Pants type 3, Nike;1;1275.31824;cash;ПІБ 77;714
100002751;11-9-2022;0,76287037;Boots type 3, Adidas;1;6357.88;cash;ПІБ 77;2999
100002751;11-9-2022;0,76287037;Cufflink type 4, Nike;1;324.3408;cash;ПІБ 77;197
100002751;11-9-2022;0,76287037;Pants type 10, Reebok;1;309.096;cash;ПІБ 77;162
100002753;9-26-2022;0,810069444;Flip flops type 3, Puma;1;368.0;cash;;230
100002753;9-26-2022;0,810069444;Type 2 shirt, Reebok;1;554.4;cash;;252
100002753;9-26-2022;0,810069444;Flip flops type 3, Nike;1;313.536;cash;;138
100002759;2-22-2024;0,848842593;Cufflink type 5, Puma;2;501.76;cash;;280
100002759;2-22-2024;0,848842593;Pants type 12, Adidas;2;1948.92;cash;;894
100002759;2-22-2024;0,848842593;Pants type 9, Nike;1;660.67488;cash;;359
100002760;6-28-2022;0,707893519;Pants type 6, Adidas;2;3064.0;non-cash;;1532
100002760;6-28-2022;0,707893519;Boots type 4, Puma;1;5809.6;non-cash;;3631
100002760;6-28-2022;0,707893519;Boots type 2, Adidas;1;6783.45;non-cash;;3309
100002760;6-28-2022;0,707893519;Pants type 4, Reebok;2;4421.76;non-cash;;2352
100002773;5-17-2024;0,5115625;Tights type 2, Adidas;1;95.6928;cash;;56
100002773;5-17-2024;0,5115625;Cap type 3, Reebok;1;510.9588;cash;;253
100002786;8-24-2023;0,664097222;Sneakers type 4, Nike;2;2887.53336;non-cash;;1786
100002786;8-24-2023;0,664097222;T-shirt type 5, Reebok;2;1401.82;non-cash;;646
100002786;8-24-2023;0,664097222;Shoes type 1, Nike;1;2827.43388;non-cash;;1611
100002786;8-24-2023;0,664097222;Tights type 2, Adidas;1;97.8432;non-cash;;56
100002786;8-24-2023;0,664097222;Shirt type 2, Puma;1;853.632;non-cash;;494
100002792;6-9-2024;0,630960648;Sneakers type 2, Puma;1;1579.056;non-cash;;982
100002792;6-9-2024;0,630960648;Flip flops type 1, Reebok;2;1372.8;non-cash;;624
100002792;6-9-2024;0,630960648;Cap type 3, Reebok;1;464.508;non-cash;;253
100002792;6-9-2024;0,630960648;Belt type 2, Reebok;1;440.99;non-cash;;209
100002792;6-9-2024;0,630960648;Tights type 2, Adidas;2;215.04;non-cash;;112
100002827;7-21-2023;0,399328704;T-shirt type 4, Nike;2;1188.672;non-cash;;492
100002827;7-21-2023;0,399328704;Tights type 4, Adidas;1;605.616;non-cash;;370
100002827;7-21-2023;0,399328704;Tights type 3, Reebok;1;356.96;non-cash;;184
100002830;2-1-2024;0,809756944;Shirt type 11, Reebok;1;1229.6284;cash;;814
100002830;2-1-2024;0,809756944;Shoes type 1, Puma;1;3787.08;cash;;2265
100002833;9-16-2024;0,514085648;Pants type 1, Puma;1;693.41184;non-cash;;418
100002833;9-16-2024;0,514085648;Shirt type 12, Adidas;2;1641.6;non-cash;;912
100002833;9-16-2024;0,514085648;Sneakers type 1, Puma;1;2370.88896;non-cash;;1628
100002835;7-21-2022;0,809699074;Shirt type 9, Puma;1;669.8;cash;ПІБ 650;425
100002839;4-19-2024;0,543969907;Cufflink type 7, Puma;1;196.0;cash;;125
100002839;4-19-2024;0,543969907;Cufflink type 4, Nike;1;386.12;cash;;197
100002839;4-19-2024;0,543969907;Shirt type 7, Adidas;1;1550.25;cash;;795
100002843;1-1-2022;0,388113426;Pants type 2, Puma;1;1043.12;non-cash;ПІБ 934;590
100002843;1-1-2022;0,388113426;Tights type 3, Reebok;1;356.96;non-cash;ПІБ 934;184
100002843;1-1-2022;0,388113426;Type 3 shirt, Nike;1;1737.236;non-cash;ПІБ 934;821
100002843;1-1-2022;0,388113426;Boots type 6, Reebok;2;10919.4456;non-cash;ПІБ 934;5628
100002850;8-25-2022;0,813368056;T-shirt type 1, Reebok;1;309.68;non-cash;;158
100002863;7-26-2024;0,38087963;Cap type 2, Nike;2;1083.32;non-cash;;530
100002869;2-4-2024;0,78619213;Cufflink type 5, Reebok;1;262.8;cash;;146
100002872;1-5-2023;0,559201389;Pants type 2, Puma;1;1043.12;cash;ПІБ 102;590
100002872;1-5-2023;0,559201389;Cufflink type 6, Nike;1;498.18888;cash;ПІБ 102;294
100002876;7-31-2022;0,669131944;Shirt type 11, Reebok;2;2755.5528;non-cash;;1628
100002876;7-31-2022;0,669131944;Pants type 5, Adidas;1;972.37;non-cash;;479
100002876;7-31-2022;0,669131944;Shoes type 4, Adidas;1;3403.641;non-cash;;1698
100002893;11-25-2022;0,734363426;Shirt type 8, Nike;1;1172.888;cash;;542
100002893;11-25-2022;0,734363426;Cufflink type 7, Puma;1;190.12;cash;;125
100002900;10-28-2023;0,781365741;Pants type 6, Adidas;1;1532.0;non-cash;;766
100002900;10-28-2023;0,781365741;Boots type 4, Adidas;1;7128.99;non-cash;;3411
100002900;10-28-2023;0,781365741;Pants type 7, Reebok;2;3143.4;non-cash;;1612
100002913;10-23-2023;0,659189815;Tights type 4, Nike;1;289.788;non-cash;;123
100002913;10-23-2023;0,659189815;Type 4 shirt, Reebok;2;3347.8;non-cash;;1762
100002913;10-23-2023;0,659189815;Pants type 10, Puma;1;1870.2;non-cash;;1039
100002921;1-12-2024;0,429652778;T-shirt type 6, Nike;1;761.2;cash;;346
100002922;3-25-2022;0,485925926;Cufflink type 3, Adidas;1;396.44;non-cash;;187
100002923;2-1-2022;0,757847222;Shirt type 11, Adidas;1;577.344;cash;;310
100002923;2-1-2022;0,757847222;Pants type 3, Puma;1;412.8;cash;;258
100002928;5-27-2024;0,577256944;Boots type 6, Nike;1;5533.412;non-cash;;2279
100002928;5-27-2024;0,577256944;Tights type 7, Puma;1;565.76;non-cash;;320
100002928;5-27-2024;0,577256944;Cap type 2, Adidas;2;1261.44;non-cash;;584
100002936;9-21-2022;0,544259259;Belt type 2, Puma;1;234.768;cash;;146
100002938;5-18-2022;0,483402778;T-shirt type 2, Nike;1;934.78;cash;;385
100002938;5-18-2022;0,483402778;T-shirt type 2, Adidas;1;310.8;cash;;168
100002938;5-18-2022;0,483402778;T-shirt type 3, Puma;1;480.6;cash;;267
100002965;9-28-2022;0,828599537;Flip flops type 1, Adidas;1;391.95;cash;;195
100002965;9-28-2022;0,828599537;T-shirt type 7, Puma;1;201.552;cash;;114
100002966;12-25-2022;0,460648148;Type 3 shoes, Nike;1;6184.84224;cash;;3352
100002968;4-28-2022;0,582696759;Shoes type 3, Adidas;1;3204.4224;cash;ПІБ 140;1608
100002978;11-28-2022;0,771701389;Shirt type 11, Reebok;2;2962.96;cash;;1628
100002985;9-16-2022;0,494027778;Cufflink type 7, Puma;1;196.0;cash;;125
100002985;9-16-2022;0,494027778;Cufflink type 3, Adidas;2;658.0904;cash;;374
100002993;2-24-2023;0,723738426;Cap type 7, Reebok;2;748.8;cash;ПІБ 915;390
100002993;2-24-2023;0,723738426;Tights type 3, Reebok;1;335.5424;cash;ПІБ 915;184
100003002;10-24-2023;0,384421296;Boots type 6, Adidas;2;11778.76;cash;;5428
100003006;1-9-2022;0,574930556;Sneakers type 3, Reebok;1;1956.791;cash;;1138
100003006;1-9-2022;0,574930556;Shirt type 1, Reebok;2;2715.84;cash;;1476
100003006;1-9-2022;0,574930556;Cap type 4, Puma;1;423.688;cash;;251
100003006;1-9-2022;0,574930556;Shirt type 10, Nike;1;397.46;cash;;167
100003006;1-9-2022;0,574930556;Cufflink type 1, Nike;1;495.824;cash;;233
100003007;5-22-2024;0,463460648;T-shirt type 1, Reebok;1;189.2;cash;;88
100003014;7-7-2024;0,828877315;Pants type 11, Puma;1;463.1004;cash;;329
100003017;6-12-2022;0,487997685;Boots type 3, Puma;1;4924.416;cash;ПІБ 26;2748
100003017;6-12-2022;0,487997685;Cufflink type 2, Reebok;1;414.72;cash;ПІБ 26;200
100003017;6-12-2022;0,487997685;T-shirt type 2, Nike;1;431.136;cash;ПІБ 26;216
100003017;6-12-2022;0,487997685;Cufflink type 6, Puma;1;365.72;cash;ПІБ 26;205
100003017;6-12-2022;0,487997685;T-shirt type 1, Puma;1;226.68512;cash;ПІБ 26;134
100003017;6-12-2022;0,487997685;Pants type 3, Nike;1;1536.528;cash;ПІБ 26;714
100003017;6-12-2022;0,487997685;Pants type 2, Nike;2;2813.064;cash;ПІБ 26;1194
100003038;7-12-2024;0,65806713;Cufflink type 6, Adidas;1;356.85;non-cash;;183
100003044;11-5-2023;0,533877315;T-shirt type 2, Reebok;1;461.89;cash;ПІБ 1068;247
100003055;7-1-2023;0,695092593;Belt type 1, Adidas;1;611.7984;cash;;291
100003089;1-14-2022;0,616469907;Shirt type 9, Reebok;2;1092.0;cash;;546
100003089;1-14-2022;0,616469907;Sneakers type 5, Reebok;1;2250.24;cash;;1172
100003091;12-24-2023;0,41880787;Shirt type 8, Adidas;1;526.2165;non-cash;;355
100003112;3-15-2023;0,719861111;Belt type 3, Adidas;1;314.244;non-cash;;203
100003112;3-15-2023;0,719861111;Boots type 5, Adidas;2;5720.58;non-cash;;3126
100003118;7-9-2022;0,51625;Boots type 3, Puma;1;4924.416;cash;;2748
100003132;5-30-2024;0,771701389;Shirt type 8, Puma;1;475.2;cash;;264
100003142;4-7-2022;0,802488426;Boots type 6, Adidas;1;4711.504;cash;;2714
100003146;8-31-2023;0,421793981;Shirt type 10, Adidas;2;893.8;cash;;410
100003170;1-19-2022;0,693668981;T-shirt type 3, Puma;1;616.176;non-cash;;389
100003175;4-5-2023;0,558981481;T-shirt type 3, Nike;1;535.0;non-cash;;250
100003199;7-17-2024;0,660416667;Pants type 11, Puma;1;539.37576;cash;;329
100003199;7-17-2024;0,660416667;Cap type 2, Reebok;1;378.4;cash;;176
100003199;7-17-2024;0,660416667;Tights type 6, Puma;1;487.968;cash;;299
100003199;7-17-2024;0,660416667;T-shirt type 3, Adidas;1;623.28;cash;;318
100003227;5-1-2023;0,842002315;Ball type 1, Puma;1;71.896;cash;;43
100003232;4-14-2024;0,593958333;Shirt type 7, Adidas;1;1550.25;non-cash;;795
100003237;4-13-2024;0,827627315;Shirt type 8, Reebok;1;1187.93;cash;;563
100003251;11-21-2022;0,673287037;Sneakers type 4, Puma;1;1451.904;cash;ПІБ 412;912
100003251;11-21-2022;0,673287037;Flip flops type 1, Nike;1;371.68;cash;ПІБ 412;184
100003260;3-8-2024;0,721516204;Belt type 1, Adidas;1;605.4255;cash;;291
100003260;3-8-2024;0,721516204;Pants type 1, Nike;1;2275.036;cash;;937
100003260;3-8-2024;0,721516204;Flip flops type 2, Reebok;1;468.7;cash;;218
100003266;7-14-2024;0,609803241;Pants type 5, Adidas;1;972.37;non-cash;;479
100003277;5-4-2022;0,512789352;Cap type 4, Puma;1;385.55608;non-cash;;251
100003331;8-20-2023;0,79625;Type 4 shirt, Nike;1;1786.40928;non-cash;ПІБ 616;876
100003331;8-20-2023;0,79625;Cap type 7, Reebok;1;374.4;non-cash;ПІБ 616;195
100003331;8-20-2023;0,79625;Boots type 1, Adidas;1;7293.79;non-cash;ПІБ 616;3593
100003331;8-20-2023;0,79625;Flip flops type 2, Nike;1;739.4304;non-cash;ПІБ 616;332
100003333;7-26-2023;0,427488426;Shirt type 12, Adidas;2;1641.6;non-cash;;912
100003338;9-16-2023;0,395034722;Shirt type 12, Adidas;1;820.8;cash;;456
100003338;9-16-2023;0,395034722;T-shirt type 3, Puma;2;1232.352;cash;;778
100003353;9-16-2023;0,690706019;Cap type 1, Reebok;1;460.8615;cash;;265
100003362;9-29-2023;0,792719907;Pants type 2, Reebok;1;335.49;cash;;159
100003368;6-4-2024;0,470972222;T-shirt type 3, Reebok;1;554.5881;cash;ПІБ 623;263
100003368;6-4-2024;0,470972222;Boots type 5, Reebok;1;5390.1765;cash;ПІБ 623;2741
100003369;6-25-2024;0,6759375;Tights type 3, Reebok;1;356.96;non-cash;ПІБ 1008;184
100003369;6-25-2024;0,6759375;Type 1 ball, Nike;1;105.21984;non-cash;ПІБ 1008;48
100003369;6-25-2024;0,6759375;T-shirt type 4, Reebok;2;543.2;non-cash;ПІБ 1008;280
100003369;6-25-2024;0,6759375;Sneakers type 4, Nike;1;1782.428;non-cash;ПІБ 1008;893
100003369;6-25-2024;0,6759375;Shirt type 10, Puma;1;495.816;non-cash;ПІБ 1008;283
100003369;6-25-2024;0,6759375;Flip flops type 3, Adidas;1;300.49;non-cash;ПІБ 1008;151
100003369;6-25-2024;0,6759375;Pants type 3, Nike;1;1536.528;non-cash;ПІБ 1008;714
100003369;6-25-2024;0,6759375;Pants type 3, Nike;2;3073.056;non-cash;ПІБ 1008;1428
100003379;12-3-2022;0,581527778;Cufflink type 3, Adidas;1;396.44;cash;;187
100003379;12-3-2022;0,581527778;Tights type 4, Puma;1;297.024;cash;;168
100003391;1-16-2023;0,584583333;Shoes type 3, Adidas;1;3408.96;non-cash;;1608
100003399;4-19-2022;0,862824074;Shirt type 10, Reebok;2;2251.44;cash;;1062
100003405;2-18-2023;0,388414352;Cufflink type 3, Puma;1;648.96;cash;;390
100003418;9-1-2022;0,861493056;Pants type 10, Nike;1;1158.616;cash;ПІБ 955;577
100003418;9-1-2022;0,861493056;Tights type 7, Nike;2;729.632;cash;ПІБ 955;302
100003428;5-7-2024;0,488726852;Pants type 11, Puma;2;1089.648;cash;;658
100003467;8-11-2024;0,74875;Cufflink type 3, Adidas;2;792.88;cash;;374
100003467;8-11-2024;0,74875;Cufflink type 1, Adidas;1;526.62;cash;;262
100003472;6-14-2022;0,410011574;Sneakers type 5, Puma;1;1119.176;cash;;703
100003484;6-20-2024;0,613159722;Cufflink type 2, Adidas;1;380.88;cash;;207
100003488;9-26-2023;0,4734375;Shirt type 1, Reebok;1;1330.7616;cash;;738
100003494;7-15-2022;0,75400463;Shirt type 11, Puma;2;1469.44;non-cash;ПІБ 1200;820
100003494;7-15-2022;0,75400463;Flip flops type 3, Reebok;1;481.14;non-cash;ПІБ 1200;243
100003494;7-15-2022;0,75400463;Cufflink type 7, Nike;2;1058.54112;non-cash;ПІБ 1200;504
100003494;7-15-2022;0,75400463;Shirt type 12, Reebok;1;1085.3395;non-cash;ПІБ 1200;629
100003494;7-15-2022;0,75400463;Type 1 shirt, Nike;1;1700.784;non-cash;ПІБ 1200;837
100003504;1-7-2023;0,849571759;T-shirt type 4, Reebok;1;258.02;cash;;140
100003504;1-7-2023;0,849571759;Pants type 3, Nike;1;1259.95296;cash;;714
100003504;1-7-2023;0,849571759;T-shirt type 4, Puma;1;291.39712;cash;;184
100003510;6-28-2022;0,852650463;Shirt type 6, Nike;1;1475.1828;cash;ПІБ 119;702
100003530;4-7-2022;0,787199074;Type 1 ball, Reebok;1;93.74;non-cash;;43
100003557;9-12-2022;0,573240741;Sneakers type 1, Nike;1;3992.892;non-cash;;1887
100003564;6-30-2022;0,600752315;Boots type 3, Nike;1;5670.144;non-cash;;3312
100003568;4-12-2022;0,519803241;Type 2 ball, Nike;1;83.62;cash;;37
100003568;4-12-2022;0,519803241;Flip flops type 1, Nike;2;743.36;cash;;368
100003568;4-12-2022;0,519803241;Shirt type 8, Nike;1;938.3104;cash;;542
100003571;7-2-2023;0,745266204;Cap type 5, Reebok;1;226.24;cash;ПІБ 492;112
100003571;7-2-2023;0,745266204;T-shirt type 3, Adidas;1;623.28;cash;ПІБ 492;318
100003582;12-19-2022;0,750636574;Type 2 shirt, Nike;1;1951.232;cash;ПІБ 844;824
100003582;12-19-2022;0,750636574;Tights type 6, Nike;1;536.52;cash;ПІБ 844;255
100003584;8-28-2022;0,677094907;T-shirt type 2, Nike;2;1551.7348;cash;;770
100003584;8-28-2022;0,677094907;Belt type 3, Nike;1;469.264;cash;;211
100003584;8-28-2022;0,677094907;Pants type 12, Adidas;1;974.46;cash;;447
100003589;4-16-2024;0,676747685;Pants type 11, Nike;1;893.316;cash;;453
100003589;4-16-2024;0,676747685;Cap type 1, Adidas;1;339.5;cash;;175
100003589;4-16-2024;0,676747685;Boots type 4, Puma;1;5809.6;cash;;3631
100003600;3-11-2022;0,572893519;Shirt type 5, Puma;1;940.464;cash;ПІБ 509;622
100003600;3-11-2022;0,572893519;Shoes type 4, Nike;1;5776.12;cash;ПІБ 509;2947
100003600;3-11-2022;0,572893519;Tights type 6, Adidas;2;1396.8;cash;ПІБ 509;776
100003601;9-1-2023;0,661041667;Flip flops type 3, Puma;1;334.88;cash;;230
100003601;9-1-2023;0,661041667;Boots type 3, Puma;1;4924.416;cash;;2748
100003610;7-4-2024;0,4559375;Pants type 2, Adidas;1;2081.16;cash;;1107
100003620;9-26-2023;0,609710648;T-shirt type 1, Reebok;2;538.8432;non-cash;;316
100003641;6-5-2024;0,749131944;Tights type 5, Adidas;1;736.32;non-cash;;354
100003641;6-5-2024;0,749131944;Pants type 2, Nike;1;1125.2256;non-cash;;597
100003645;4-9-2024;0,484953704;T-shirt type 2, Adidas;2;621.6;non-cash;;336
100003645;4-9-2024;0,484953704;T-shirt type 2, Adidas;1;495.5148;non-cash;;258
100003645;4-9-2024;0,484953704;Pants type 12, Adidas;1;954.9708;non-cash;;447
100003645;4-9-2024;0,484953704;T-shirt type 6, Reebok;1;371.05;non-cash;;181
100003657;3-1-2023;0,381180556;Pants type 8, Nike;2;3126.544;non-cash;;1486
100003665;10-26-2022;0,736215278;Boots type 3, Adidas;1;6357.88;non-cash;;2999
100003665;10-26-2022;0,736215278;Tights type 3, Nike;1;436.244;non-cash;;191
100003665;10-26-2022;0,736215278;Tights type 2, Nike;1;269.0;non-cash;;125
100003665;10-26-2022;0,736215278;Pants type 1, Reebok;1;2099.34;non-cash;;981
100003665;10-26-2022;0,736215278;Type 2 shirt, Nike;1;1951.232;non-cash;;824
100003680;7-18-2023;0,671770833;Tights type 5, Adidas;1;625.872;non-cash;ПІБ 89;354
100003691;7-29-2022;0,755914352;Boots type 5, Reebok;1;5673.87;cash;;2741
100003691;7-29-2022;0,755914352;Cap type 5, Adidas;1;322.74;cash;;163
100003691;7-29-2022;0,755914352;Shoes type 3, Adidas;1;3408.96;cash;;1608
100003691;7-29-2022;0,755914352;Boots type 6, Nike;1;5533.412;cash;;2279
100003691;7-29-2022;0,755914352;Sneakers type 5, Adidas;1;1620.81;cash;;783
100003691;7-29-2022;0,755914352;Shirt type 10, Reebok;2;2251.44;cash;;1062
100003691;7-29-2022;0,755914352;T-shirt type 4, Puma;1;234.752;cash;;131
100003691;7-29-2022;0,755914352;Shirt type 5, Puma;1;1044.96;cash;;622
100003707;7-12-2022;0,830659722;Shoes type 4, Adidas;1;3582.78;non-cash;;1698
100003707;7-12-2022;0,830659722;Boots type 5, Adidas;1;2860.29;non-cash;;1563
100003707;7-12-2022;0,830659722;Cufflink type 5, Reebok;1;262.8;non-cash;;146
100003707;7-12-2022;0,830659722;Pants type 6, Adidas;1;1256.24;non-cash;;766
100003709;5-2-2022;0,782627315;Tights type 7, Puma;1;565.76;non-cash;;320
100003713;4-13-2022;0,836238426;T-shirt type 2, Nike;1;925.4322;cash;ПІБ 120;385
100003713;4-13-2022;0,836238426;T-shirt type 3, Nike;1;535.0;cash;ПІБ 120;250
100003714;11-15-2022;0,642766204;Pants type 4, Reebok;1;1967.6832;non-cash;;1176
100003714;11-15-2022;0,642766204;Pants type 12, Adidas;1;857.5248;non-cash;;447
100003721;2-8-2024;0,806412037;Shirt type 6, Adidas;1;1333.2;cash;;606
100003721;2-8-2024;0,806412037;Sneakers type 4, Nike;1;1782.428;cash;;893
100003721;2-8-2024;0,806412037;Pants type 8, Puma;1;729.24672;cash;;482
100003721;2-8-2024;0,806412037;Shirt type 12, Reebok;1;1047.0334;cash;;629
100003731;4-10-2023;0,775925926;Tights type 6, Nike;1;536.52;cash;ПІБ 1185;255
100003731;4-10-2023;0,775925926;Sneakers type 4, Adidas;1;1544.51;cash;ПІБ 1185;739
100003731;4-10-2023;0,775925926;Shirt type 4, Puma;1;888.88;cash;ПІБ 1185;542
100003736;1-8-2022;0,836099537;Cap type 3, Adidas;2;760.42;cash;;394
100003738;12-8-2023;0,475092593;Boots type 5, Puma;1;2273.648;non-cash;;1286
100003738;12-8-2023;0,475092593;Belt type 4, Reebok;1;450.76;non-cash;;236
100003763;7-9-2024;0,410532407;Pants type 9, Nike;1;815.648;cash;;359
100003773;7-1-2022;0,716550926;Pants type 2, Nike;1;1209.61752;cash;;597
100003783;4-9-2022;0,5375;T-shirt type 4, Reebok;1;367.14;cash;ПІБ 981;174
100003783;4-9-2022;0,5375;Cufflink type 4, Nike;1;316.6184;cash;ПІБ 981;197
100003789;6-15-2024;0,658530093;Flip flops type 2, Puma;1;318.56;non-cash;ПІБ 539;181
100003793;4-22-2023;0,464155093;Cufflink type 3, Reebok;1;719.44;cash;;391
100003808;1-31-2024;0,869259259;Shirt type 9, Adidas;2;3164.1204;non-cash;;1676
100003812;4-22-2024;0,756030093;Sneakers type 3, Adidas;1;3241.26;non-cash;;1637
100003812;4-22-2024;0,756030093;Ball type 1, Puma;1;71.896;non-cash;;43
100003812;4-22-2024;0,756030093;T-shirt type 5, Puma;1;247.976;non-cash;;139
100003812;4-22-2024;0,756030093;Pants type 10, Nike;1;1158.616;non-cash;;577
100003812;4-22-2024;0,756030093;Shirt type 9, Puma;1;589.424;non-cash;;425
100003815;9-14-2022;0,440925926;Tights type 5, Nike;1;506.984;non-cash;;254
100003815;9-14-2022;0,440925926;Boots type 1, Adidas;1;7293.79;non-cash;;3593
100003815;9-14-2022;0,440925926;Type 2 shirt, Reebok;1;465.696;non-cash;;252
100003816;3-28-2022;0,765601852;Boots type 1, Reebok;1;4327.752;cash;;2535
100003820;9-26-2022;0,795092593;Shoes type 1, Puma;1;3787.08;non-cash;ПІБ 159;2265
100003828;9-28-2022;0,740613426;Cufflink type 6, Reebok;1;363.6776;non-cash;;221
100003832;10-9-2023;0,848900463;Pants type 7, Reebok;1;1571.7;non-cash;;806
100003832;10-9-2023;0,848900463;Pants type 2, Adidas;1;2081.16;non-cash;;1107
100003832;10-9-2023;0,848900463;Cufflink type 7, Nike;1;540.90288;non-cash;;252
100003832;10-9-2023;0,848900463;T-shirt type 4, Adidas;1;217.21;non-cash;;107
100003868;9-17-2022;0,833275463;Cap type 8, Puma;1;483.3024;cash;;290
100003868;9-17-2022;0,833275463;Boots type 1, Puma;1;6316.816;cash;;3778
100003868;9-17-2022;0,833275463;Flip flops type 1, Reebok;1;686.4;cash;;312
100003881;5-13-2022;0,813240741;T-shirt type 2, Nike;1;934.78;cash;;385
100003881;5-13-2022;0,813240741;T-shirt type 4, Puma;1;223.0144;cash;;131
100003898;5-21-2022;0,5975;T-shirt type 5, Adidas;1;627.21;non-cash;;303
100003917;1-21-2024;0,387141204;Tights type 5, Puma;2;1269.70688;non-cash;;764
100003939;12-23-2023;0,387349537;T-shirt type 1, Nike;1;416.024;cash;;190
100003953;5-15-2023;0,58150463;Sneakers type 6, Nike;1;4363.6716;cash;;1923
100003957;2-7-2023;0,727002315;Cap type 5, Adidas;1;322.74;non-cash;ПІБ 605;163
100003963;11-16-2023;0,786909722;Cufflink type 6, Nike;1;615.048;non-cash;;294
100003963;11-16-2023;0,786909722;Pants type 12, Reebok;1;461.397;non-cash;;249
100003968;7-10-2024;0,713425926;Cap type 7, Nike;1;452.608;non-cash;ПІБ 291;208
100003968;7-10-2024;0,713425926;Cufflink type 6, Puma;1;365.72;non-cash;ПІБ 291;205
100003984;5-27-2024;0,423530093;Shirt type 5, Puma;1;1044.96;cash;;622
100003984;5-27-2024;0,423530093;Cufflink type 1, Adidas;1;442.3608;cash;;262
100003984;5-27-2024;0,423530093;Pants type 10, Puma;1;1870.2;cash;;1039
100003984;5-27-2024;0,423530093;Belt type 1, Nike;1;274.912;cash;;121
100003989;6-4-2024;0,512256944;Shirt type 8, Adidas;1;649.65;non-cash;;355
100003990;4-11-2022;0,574074074;Cap type 5, Nike;2;763.28448;cash;;458
100003990;4-11-2022;0,574074074;Ball type 2, Puma;1;65.124;cash;;45
100004002;9-25-2024;0,453217593;Sneakers type 6, Puma;1;2577.472;cash;;1564
100004002;9-25-2024;0,453217593;T-shirt type 1, Adidas;1;757.302;cash;;364
100004003;3-18-2022;0,636377315;Type 2 ball, Reebok;1;100.11;cash;ПІБ 659;47
100004029;7-9-2024;0,486886574;T-shirt type 6, Reebok;1;371.05;non-cash;;181
100004029;7-9-2024;0,486886574;Shirt type 5, Puma;1;856.8672;non-cash;;622
100004029;7-9-2024;0,486886574;T-shirt type 4, Puma;1;297.344;non-cash;;184
100004029;7-9-2024;0,486886574;Cufflink type 5, Puma;1;250.88;non-cash;;140
100004037;2-13-2022;0,797395833;Pants type 3, Nike;1;1536.528;cash;;714
100004063;7-19-2024;0,665856481;Tights type 7, Puma;2;995.7376;cash;;640
100004079;10-20-2022;0,775532407;Sneakers type 1, Puma;1;2486.54208;cash;;1628
100004081;5-16-2022;0,840648148;Pants type 1, Adidas;1;1564.92;non-cash;ПІБ 788;828
100004081;5-16-2022;0,840648148;T-shirt type 3, Adidas;1;623.28;non-cash;ПІБ 788;318
100004088;1-11-2023;0,846527778;T-shirt type 3, Reebok;1;560.19;cash;;263
100004088;1-11-2023;0,846527778;Pants type 5, Nike;1;2028.288;cash;;912
100004105;3-17-2023;0,618842593;Shirt type 12, Reebok;1;1276.87;cash;;629
100004108;8-20-2024;0,757152778;Tights type 7, Nike;1;364.816;cash;;151
100004117;6-18-2023;0,70880787;Boots type 6, Reebok;1;5152.9968;cash;ПІБ 1092;2814
100004117;6-18-2023;0,70880787;T-shirt type 2, Puma;1;586.56;cash;ПІБ 1092;390
100004124;5-13-2024;0,442835648;Pants type 1, Nike;1;2275.036;non-cash;;937
100004137;3-25-2022;0,745347222;Shirt type 1, Puma;1;1183.68624;non-cash;ПІБ 314;814
100004137;3-25-2022;0,745347222;Sneakers type 4, Nike;2;2923.18192;non-cash;ПІБ 314;1786
100004137;3-25-2022;0,745347222;Boots type 2, Puma;1;1927.072;non-cash;ПІБ 314;1229
100004137;3-25-2022;0,745347222;Cufflink type 7, Adidas;1;334.88;non-cash;ПІБ 314;184
100004137;3-25-2022;0,745347222;Sneakers type 2, Nike;1;4556.48;non-cash;ПІБ 314;1964
100004139;7-4-2022;0,83849537;T-shirt type 2, Adidas;2;991.0296;non-cash;ПІБ 422;516
100004143;10-15-2022;0,674594907;Shoes type 2, Reebok;1;3505.6476;non-cash;;2378
100004143;10-15-2022;0,674594907;Shoes type 1, Puma;1;3559.8552;non-cash;;2265
100004144;2-1-2022;0,684097222;Cufflink type 3, Reebok;1;719.44;cash;;391
100004144;2-1-2022;0,684097222;Shirt type 10, Reebok;1;968.1192;cash;;531
100004144;2-1-2022;0,684097222;T-shirt type 6, Reebok;1;326.524;cash;;181
100004146;10-1-2023;0,482893519;Belt type 3, Reebok;1;707.2758;non-cash;ПІБ 200;378
100004177;2-16-2024;0,694444444;Tights type 6, Nike;1;536.52;cash;;255
100004177;2-16-2024;0,694444444;Flip flops type 3, Nike;1;313.536;cash;;138
100004193;3-20-2023;0,436805556;Type 5 shirt, Nike;1;911.744;non-cash;;419
100004200;6-11-2023;0,793009259;Cap type 3, Nike;1;544.69632;non-cash;;298
100004200;6-11-2023;0,793009259;Cufflink type 1, Adidas;1;526.62;non-cash;;262
100004200;6-11-2023;0,793009259;Cap type 3, Nike;1;648.448;non-cash;;298
100004264;3-6-2024;0,389814815;Shirt type 1, Reebok;1;1330.7616;non-cash;;738
100004264;3-6-2024;0,389814815;Boots type 4, Reebok;1;7161.1;non-cash;;3769
100004267;2-16-2023;0,577013889;Pants type 10, Reebok;1;281.6208;non-cash;ПІБ 46;162
100004267;2-16-2023;0,577013889;Sneakers type 5, Puma;1;1119.176;non-cash;ПІБ 46;703
100004267;2-16-2023;0,577013889;Cufflink type 6, Nike;1;615.048;non-cash;ПІБ 46;294
100004267;2-16-2023;0,577013889;T-shirt type 1, Reebok;1;309.68;non-cash;ПІБ 46;158
100004267;2-16-2023;0,577013889;Belt type 2, Adidas;1;325.95;non-cash;ПІБ 46;159
100004267;2-16-2023;0,577013889;Cufflink type 7, Adidas;1;334.88;non-cash;ПІБ 46;184
100004267;2-16-2023;0,577013889;Flip flops type 1, Reebok;2;1372.8;non-cash;ПІБ 46;624
100004267;2-16-2023;0,577013889;Type 3 shirt, Reebok;1;428.778;non-cash;ПІБ 46;246
100004272;1-13-2024;0,773773148;Cap type 2, Nike;2;1092.896;cash;ПІБ 489;476
100004272;1-13-2024;0,773773148;Tights type 3, Reebok;1;349.8208;cash;ПІБ 489;184
100004272;1-13-2024;0,773773148;Shoes type 4, Reebok;1;6167.26;cash;ПІБ 489;3298
100004277;5-31-2023;0,446331019;Cufflink type 3, Nike;1;782.6;non-cash;;350
100004286;2-10-2023;0,627719907;T-shirt type 2, Puma;1;304.192;cash;;200
100004286;2-10-2023;0,627719907;T-shirt type 6, Reebok;1;371.05;cash;;181
100004286;2-10-2023;0,627719907;Cap type 3, Adidas;1;368.8037;cash;;197
100004286;2-10-2023;0,627719907;Shoes type 3, Puma;1;5261.256;cash;;3003
100004286;2-10-2023;0,627719907;Cap type 1, Puma;2;902.43072;cash;;576
100004288;12-25-2023;0,644467593;Type 2 shirt, Reebok;1;554.4;cash;;252
100004297;7-27-2023;0,564143519;Shirt type 9, Puma;1;669.8;cash;;425
100004298;1-9-2024;0,680335648;Flip flops type 3, Adidas;1;270.441;non-cash;;151
100004298;1-9-2024;0,680335648;Cap type 3, Reebok;1;315.57;non-cash;;157
100004298;1-9-2024;0,680335648;Boots type 4, Reebok;2;14322.2;non-cash;;7538
100004308;5-25-2024;0,707141204;Shirt type 11, Nike;1;1299.548;cash;;659
100004308;5-25-2024;0,707141204;Belt type 3, Puma;1;593.712;cash;;342
100004311;9-15-2023;0,79068287;Cap type 3, Puma;1;388.44;non-cash;;249
100004311;9-15-2023;0,79068287;Sneakers type 6, Adidas;1;2418.624;non-cash;;1224
100004344;4-17-2024;0,663865741;Cufflink type 7, Reebok;1;512.64;cash;ПІБ 59;267
100004345;4-22-2023;0,775578704;Sneakers type 1, Adidas;1;3338.68;cash;;1748
100004349;6-17-2022;0,793877315;Shirt type 8, Adidas;1;649.65;cash;;355
100004349;6-17-2022;0,793877315;Belt type 3, Nike;1;469.264;cash;;211
100004353;2-7-2022;0,809131944;Cap type 3, Reebok;1;485.1528;cash;;253
100004355;10-25-2022;0,550578704;Type 3 shoes, Nike;1;6650.368;non-cash;;3352
100004355;10-25-2022;0,550578704;Shirt type 2, Puma;1;793.87776;non-cash;;494
100004355;10-25-2022;0,550578704;Cufflink type 6, Reebok;1;413.27;non-cash;;221
100004355;10-25-2022;0,550578704;Cufflink type 3, Nike;1;782.6;non-cash;;350
100004369;6-20-2022;0,687592593;Boots type 2, Adidas;1;6783.45;non-cash;;3309
100004371;9-8-2024;0,431828704;Flip flops type 2, Nike;1;677.8112;cash;ПІБ 1166;332
100004371;9-8-2024;0,431828704;T-shirt type 5, Reebok;1;700.91;cash;ПІБ 1166;323
100004371;9-8-2024;0,431828704;Boots type 4, Adidas;1;7128.99;cash;ПІБ 1166;3411
100004402;11-15-2023;0,862939815;Belt type 3, Nike;1;403.56704;cash;;211
100004407;2-11-2022;0,609606481;Boots type 4, Puma;1;5809.6;cash;;3631
100004407;2-11-2022;0,609606481;Cap type 8, Reebok;1;401.4472;cash;;209
100004407;2-11-2022;0,609606481;Shirt type 11, Nike;1;1299.548;cash;;659
100004407;2-11-2022;0,609606481;T-shirt type 1, Reebok;2;378.4;cash;;176
100004412;7-9-2024;0,448148148;Tights type 7, Puma;1;560.1024;cash;;320
100004412;7-9-2024;0,448148148;Tights type 3, Adidas;1;457.5228;cash;;251
100004412;7-9-2024;0,448148148;Cufflink type 3, Reebok;1;719.44;cash;;391
100004412;7-9-2024;0,448148148;Boots type 4, Puma;1;5809.6;cash;;3631
100004412;7-9-2024;0,448148148;Belt type 1, Adidas;1;637.29;cash;;291
100004412;7-9-2024;0,448148148;Shirt type 1, Reebok;1;1357.92;cash;;738
100004436;9-20-2024;0,869606481;Cap type 2, Adidas;1;536.112;cash;;292
100004436;9-20-2024;0,869606481;Cap type 6, Puma;1;391.56;cash;;251
100004450;2-12-2024;0,842708333;Cufflink type 3, Adidas;1;376.618;cash;;187
100004479;12-2-2022;0,417638889;Sneakers type 6, Reebok;2;3933.92;non-cash;;2138
100004481;1-23-2024;0,416377315;Pants type 5, Puma;1;2105.008;cash;;1207
100004481;1-23-2024;0,416377315;Pants type 7, Puma;1;482.232;cash;;283
100004485;6-11-2022;0,56869213;Sneakers type 6, Reebok;1;1966.96;non-cash;ПІБ 507;1069
100004512;6-14-2023;0,672280093;Cufflink type 7, Reebok;1;512.64;non-cash;;267
100004512;6-14-2023;0,672280093;Cap type 1, Puma;1;237.984;non-cash;;134
100004515;9-12-2022;0,578125;Shirt type 5, Reebok;1;971.88;non-cash;;534
100004515;9-12-2022;0,578125;Type 4 shirt, Reebok;2;3347.8;non-cash;;1762
100004515;9-12-2022;0,578125;Sneakers type 1, Reebok;1;2316.6;non-cash;;1053
100004515;9-12-2022;0,578125;Sneakers type 5, Adidas;1;1620.81;non-cash;;783
100004515;9-12-2022;0,578125;Cufflink type 6, Nike;1;608.89752;non-cash;;294
100004516;10-11-2022;0,615046296;Cap type 1, Puma;1;237.984;cash;;134
100004516;10-11-2022;0,615046296;T-shirt type 1, Adidas;1;423.108;cash;;219
100004516;10-11-2022;0,615046296;Tights type 1, Puma;1;215.496;cash;;123
100004516;10-11-2022;0,615046296;Boots type 1, Adidas;1;7293.79;cash;;3593
100004516;10-11-2022;0,615046296;Pants type 4, Reebok;2;4421.76;cash;;2352
100004516;10-11-2022;0,615046296;Pants type 8, Puma;1;683.6688;cash;;482
100004516;10-11-2022;0,615046296;T-shirt type 2, Puma;1;291.648;cash;;200
100004516;10-11-2022;0,615046296;Tights type 7, Adidas;1;797.04;cash;;369
100004516;10-11-2022;0,615046296;Type 3 shirt, Nike;1;1407.16116;cash;;821
100004527;9-18-2022;0,656111111;Cufflink type 4, Adidas;2;2139.62;cash;;986
100004537;10-19-2022;0,791099537;Cap type 4, Puma;1;423.688;non-cash;;251
100004537;10-19-2022;0,791099537;T-shirt type 6, Nike;1;692.692;non-cash;;346
100004553;7-25-2024;0,756944444;Belt type 3, Puma;1;593.712;cash;ПІБ 348;342
100004554;8-10-2023;0,40337963;Shoes type 1, Adidas;1;3712.5;cash;;1875
100004554;8-10-2023;0,40337963;Cap type 1, Nike;1;464.112;cash;;198
100004577;5-30-2023;0,435150463;Boots type 3, Adidas;1;6357.88;cash;;2999
100004577;5-30-2023;0,435150463;Shirt type 10, Reebok;1;1125.72;cash;;531
100004579;11-6-2023;0,7259375;Tights type 2, Puma;1;419.09504;cash;;257
100004579;11-6-2023;0,7259375;T-shirt type 2, Reebok;1;369.512;cash;;247
100004592;4-14-2022;0,40244213;T-shirt type 4, Puma;1;240.84864;cash;;184
100004592;4-14-2022;0,40244213;Tights type 5, Adidas;1;736.32;cash;;354
100004596;11-4-2022;0,622673611;T-shirt type 4, Adidas;2;434.42;non-cash;ПІБ 997;214
100004597;9-8-2022;0,617083333;Belt type 1, Adidas;1;599.0526;non-cash;;291
100004607;9-7-2023;0,511481481;Ball type 2, Adidas;1;83.16;cash;;45
100004607;9-7-2023;0,511481481;Sneakers type 2, Reebok;1;1153.2976;cash;;712
100004607;9-7-2023;0,511481481;Pants type 5, Adidas;1;972.37;cash;;479
100004615;1-15-2024;0,671018519;Pants type 1, Reebok;1;2099.34;non-cash;;981
100004615;1-15-2024;0,671018519;Pants type 1, Adidas;2;3129.84;non-cash;;1656
100004615;1-15-2024;0,671018519;Belt type 4, Puma;1;430.944;non-cash;;268
100004615;1-15-2024;0,671018519;Cap type 1, Puma;1;195.14688;non-cash;;134
100004615;1-15-2024;0,671018519;Cap type 1, Adidas;1;319.13;non-cash;;175
100004615;1-15-2024;0,671018519;Pants type 7, Puma;1;395.43024;non-cash;;283
100004622;8-2-2024;0,41869213;Pants type 3, Puma;1;396.288;cash;;258
100004622;8-2-2024;0,41869213;Boots type 1, Nike;1;6055.728;cash;;2814
100004622;8-2-2024;0,41869213;Sneakers type 6, Reebok;1;1966.96;cash;;1069
100004629;4-6-2024;0,832523148;T-shirt type 5, Nike;1;488.824;non-cash;;245
100004643;8-20-2023;0,761631944;Pants type 6, Adidas;1;1532.0;non-cash;ПІБ 214;766
100004643;8-20-2023;0,761631944;Shoes type 4, Adidas;1;3152.8464;non-cash;ПІБ 214;1698
100004643;8-20-2023;0,761631944;Boots type 3, Reebok;1;5683.253;non-cash;ПІБ 214;3394
100004658;2-2-2024;0,404108796;Shirt type 8, Puma;1;451.44;non-cash;ПІБ 118;264
100004662;10-16-2022;0,447604167;Cap type 5, Puma;1;234.08;cash;;140
100004665;10-15-2023;0,661412037;Cap type 2, Reebok;1;378.4;non-cash;;176
100004665;10-15-2023;0,661412037;T-shirt type 7, Puma;2;403.104;non-cash;;228
100004665;10-15-2023;0,661412037;Cufflink type 4, Nike;1;386.12;non-cash;;197
100004665;10-15-2023;0,661412037;T-shirt type 6, Nike;2;1522.4;non-cash;;692
100004671;6-3-2022;0,796782407;Shirt type 10, Reebok;2;1936.2384;non-cash;;1062
100004694;10-29-2023;0,575706019;Shirt type 12, Reebok;1;1276.87;cash;ПІБ 917;629
100004707;11-26-2023;0,819733796;Boots type 6, Nike;2;11066.824;non-cash;ПІБ 197;4558
100004710;10-28-2023;0,864282407;Shoes type 2, Reebok;2;7184.4136;non-cash;;4756
100004721;12-29-2022;0,48875;Shirt type 3, Puma;1;257.184;non-cash;;152
100004729;5-14-2023;0,528553241;Belt type 3, Adidas;1;365.4;cash;ПІБ 286;203
100004738;6-15-2024;0,845011574;Boots type 6, Puma;2;4289.872;non-cash;;2722
100004747;3-31-2023;0,50775463;Flip flops type 2, Adidas;1;677.9524;non-cash;ПІБ 319;346
100004747;3-31-2023;0,50775463;Pants type 3, Adidas;1;2170.94;non-cash;ПІБ 319;1102
100004753;10-6-2023;0,503449074;Belt type 1, Puma;1;310.184;cash;ПІБ 9;191
100004769;4-17-2022;0,697013889;Cufflink type 1, Reebok;2;1259.4708;non-cash;;742
100004773;6-8-2024;0,725324074;Cap type 7, Nike;1;452.608;non-cash;;208
100004774;9-1-2024;0,667418981;Shirt type 9, Reebok;2;1092.0;non-cash;ПІБ 478;546
100004796;7-21-2023;0,38125;Cufflink type 4, Nike;1;374.5364;cash;;197
100004796;7-21-2023;0,38125;Shoes type 3, Puma;1;5261.256;cash;;3003
100004801;10-9-2023;0,511284722;Shoes type 4, Adidas;2;6878.9376;cash;;3396
100004801;10-9-2023;0,511284722;Shirt type 6, Reebok;1;699.6;cash;;330
100004803;2-14-2023;0,77349537;Shirt type 2, Adidas;2;2014.8;cash;;920
100004803;2-14-2023;0,77349537;T-shirt type 2, Nike;1;349.22016;cash;;216
100004803;2-14-2023;0,77349537;Shirt type 3, Adidas;1;672.948;cash;;372
100004803;2-14-2023;0,77349537;Pants type 2, Adidas;2;4162.32;cash;;2214
100004809;3-6-2022;0,72630787;Sneakers type 5, Puma;1;1119.176;non-cash;ПІБ 1198;703
100004809;3-6-2022;0,72630787;Cufflink type 7, Puma;1;196.0;non-cash;ПІБ 1198;125
100004809;3-6-2022;0,72630787;Shirt type 5, Adidas;1;1333.0248;non-cash;ПІБ 1198;779
100004839;10-13-2023;0,778020833;Boots type 2, Reebok;1;2607.95;non-cash;;1213
100004839;10-13-2023;0,778020833;Cap type 1, Reebok;1;495.55;non-cash;;265
100004839;10-13-2023;0,778020833;T-shirt type 5, Reebok;1;700.91;non-cash;;323
100004839;10-13-2023;0,778020833;Cap type 6, Reebok;1;203.3;non-cash;;107
100004839;10-13-2023;0,778020833;Tights type 3, Adidas;1;466.86;non-cash;;251
100004839;10-13-2023;0,778020833;Boots type 4, Puma;1;5809.6;non-cash;;3631
100004839;10-13-2023;0,778020833;Shirt type 7, Adidas;1;1271.205;non-cash;;795
100004839;10-13-2023;0,778020833;Shirt type 1, Puma;1;1426.128;non-cash;;814
100004840;4-18-2024;0,458738426;Pants type 8, Nike;2;3126.544;non-cash;;1486
100004843;10-7-2023;0,831006944;Shirt type 5, Puma;1;1044.96;cash;ПІБ 1076;622
100004843;10-7-2023;0,831006944;Shoes type 3, Puma;1;5261.256;cash;ПІБ 1076;3003
100004844;12-13-2023;0,504456019;T-shirt type 4, Adidas;1;195.489;non-cash;;107
100004844;12-13-2023;0,504456019;Cap type 4, Adidas;1;529.032;non-cash;;280
100004844;12-13-2023;0,504456019;Cap type 2, Puma;1;380.16;non-cash;;220
100004844;12-13-2023;0,504456019;Cap type 2, Nike;1;541.66;non-cash;;265
100004846;4-14-2023;0,601956019;Shirt type 12, Puma;1;526.47936;non-cash;;328
100004846;4-14-2023;0,601956019;Flip flops type 2, Nike;1;708.6208;non-cash;;332
100004846;4-14-2023;0,601956019;Pants type 6, Reebok;1;1138.6056;non-cash;;649
100004846;4-14-2023;0,601956019;Cap type 4, Nike;2;1147.344;non-cash;;492
100004846;4-14-2023;0,601956019;Cufflink type 3, Adidas;1;396.44;non-cash;;187
100004846;4-14-2023;0,601956019;Cap type 2, Puma;2;760.32;non-cash;;440
100004846;4-14-2023;0,601956019;Cap type 3, Adidas;1;231.0;non-cash;;110
100004846;4-14-2023;0,601956019;Type 2 ball, Nike;1;83.62;non-cash;;37
100004858;5-13-2023;0,407407407;Boots type 3, Reebok;1;6686.18;cash;;3394
100004858;5-13-2023;0,407407407;Belt type 3, Adidas;1;365.4;cash;;203
100004858;5-13-2023;0,407407407;T-shirt type 4, Nike;1;594.336;cash;;246
100004864;7-5-2024;0,562372685;Pants type 1, Puma;1;722.304;cash;ПІБ 185;418
100004864;7-5-2024;0,562372685;T-shirt type 7, Nike;1;869.584;cash;ПІБ 185;391
100004892;7-10-2022;0,848541667;Boots type 1, Nike;1;6055.728;non-cash;;2814
100004905;8-9-2024;0,778854167;Sneakers type 6, Puma;1;2577.472;cash;;1564
100004905;8-9-2024;0,778854167;Cufflink type 5, Reebok;1;215.496;cash;;146
100004914;9-9-2023;0,40306713;Flip flops type 2, Puma;1;318.56;cash;;181
100004922;4-5-2023;0,7378125;Shirt type 8, Adidas;1;526.2165;non-cash;;355
100004922;4-5-2023;0,7378125;Tights type 2, Reebok;1;411.642;non-cash;;210
100004927;9-26-2022;0,521261574;Pants type 10, Puma;1;1851.498;non-cash;;1039
100004942;10-30-2022;0,757175926;Shoes type 2, Nike;2;7585.072;non-cash;;3124
100004942;10-30-2022;0,757175926;Sneakers type 2, Reebok;1;1101.464;non-cash;;712
100004954;6-14-2022;0,769664352;Sneakers type 5, Puma;1;1119.176;non-cash;;703
100005001;4-28-2022;0,802824074;Boots type 3, Nike;1;6945.9264;non-cash;;3312
100005001;4-28-2022;0,802824074;Shirt type 1, Adidas;1;914.82;non-cash;;474
100005026;3-24-2022;0,617800926;Cap type 6, Puma;1;391.56;cash;;251
100005027;7-2-2024;0,455023148;Sneakers type 4, Puma;2;2903.808;cash;;1824
100005027;7-2-2024;0,455023148;T-shirt type 4, Nike;1;594.336;cash;;246
100005047;8-9-2023;0,548032407;Cap type 3, Adidas;1;231.0;cash;;110
100005069;2-3-2023;0,644155093;Shirt type 6, Puma;1;551.76;non-cash;;330
100005069;2-3-2023;0,644155093;T-shirt type 5, Adidas;1;627.21;non-cash;;303
100005069;2-3-2023;0,644155093;Pants type 8, Nike;1;1563.272;non-cash;;743
100005099;8-28-2024;0,846238426;Pants type 6, Puma;2;2483.904;cash;;1522
100005099;8-28-2024;0,846238426;Cap type 3, Reebok;1;315.57;cash;;157
100005119;5-9-2023;0,428888889;Cufflink type 1, Puma;1;227.88;non-cash;ПІБ 821;135
100005119;5-9-2023;0,428888889;Shirt type 8, Reebok;1;1187.93;non-cash;ПІБ 821;563
100005119;5-9-2023;0,428888889;Shirt type 12, Adidas;1;787.968;non-cash;ПІБ 821;456
100005119;5-9-2023;0,428888889;Cap type 1, Adidas;1;295.365;non-cash;ПІБ 821;175
100005119;5-9-2023;0,428888889;Cap type 7, Reebok;2;748.8;non-cash;ПІБ 821;390
100005119;5-9-2023;0,428888889;T-shirt type 7, Adidas;1;364.06;non-cash;ПІБ 821;167
100005119;5-9-2023;0,428888889;T-shirt type 1, Nike;1;452.2;non-cash;ПІБ 821;190
100005123;12-27-2022;0,707222222;Shirt type 7, Reebok;1;1310.26;non-cash;ПІБ 698;686
100005123;12-27-2022;0,707222222;Boots type 1, Reebok;1;4622.826;non-cash;ПІБ 698;2535
100005137;8-5-2023;0,441041667;Shirt type 8, Nike;2;2345.776;cash;;1084
100005146;2-25-2023;0,825949074;Cap type 6, Reebok;1;203.3;non-cash;ПІБ 641;107
100005171;2-13-2023;0,435023148;Pants type 1, Reebok;1;2057.3532;non-cash;;981
100005171;2-13-2023;0,435023148;Shoes type 2, Nike;1;3716.68528;non-cash;;1562
100005172;6-27-2022;0,451990741;Pants type 8, Puma;1;759.632;cash;;482
100005176;5-12-2024;0,529328704;Shirt type 5, Reebok;1;777.504;cash;;534
100005186;6-7-2024;0,617384259;Cufflink type 7, Reebok;2;1025.28;cash;;534
100005187;2-26-2023;0,623333333;Cufflink type 3, Nike;1;782.6;non-cash;;350
100005189;3-5-2024;0,60212963;Belt type 3, Adidas;1;365.4;cash;;203
100005198;3-12-2022;0,724513889;Flip flops type 2, Nike;2;1540.48;non-cash;ПІБ 1224;664
100005208;11-13-2022;0,407916667;Shirt type 11, Reebok;1;1481.48;non-cash;;814
100005208;11-13-2022;0,407916667;Tights type 4, Adidas;1;688.2;non-cash;;370
100005216;5-21-2024;0,830763889;Shirt type 6, Puma;1;551.76;cash;;330
100005216;5-21-2024;0,830763889;Cap type 3, Puma;1;398.28712;cash;;287
100005237;3-9-2023;0,50087963;Flip flops type 3, Reebok;1;481.14;non-cash;ПІБ 184;243
100005257;12-5-2022;0,530659722;Shirt type 12, Reebok;1;1276.87;cash;;629
100005261;1-13-2024;0,393634259;Cap type 2, Puma;1;314.64;cash;;190
100005261;1-13-2024;0,393634259;Shoes type 2, Adidas;1;3363.51;cash;;1761
100005261;1-13-2024;0,393634259;Pants type 12, Adidas;1;974.46;cash;;447
100005261;1-13-2024;0,393634259;Cufflink type 6, Puma;1;365.72;cash;;205
100005261;1-13-2024;0,393634259;Belt type 4, Puma;1;379.23072;cash;;268
100005273;5-24-2024;0,553923611;Tights type 5, Reebok;1;227.55;cash;ПІБ 505;111
100005274;8-21-2022;0,519293981;Type 2 ball, Reebok;2;200.22;cash;ПІБ 416;94
100005274;8-21-2022;0,519293981;T-shirt type 4, Reebok;1;271.6;cash;ПІБ 416;140
100005275;9-1-2024;0,385613426;Type 2 ball, Nike;2;167.24;cash;;74
100005275;9-1-2024;0,385613426;Pants type 8, Nike;1;1563.272;cash;;743
100005275;9-1-2024;0,385613426;Boots type 4, Puma;1;5809.6;cash;;3631
100005275;9-1-2024;0,385613426;Boots type 6, Reebok;1;6134.52;cash;;2814
100005275;9-1-2024;0,385613426;Tights type 4, Nike;1;289.788;cash;;123
100005275;9-1-2024;0,385613426;Pants type 6, Reebok;2;2647.92;cash;;1298
100005275;9-1-2024;0,385613426;Type 4 shirt, Reebok;1;1673.9;cash;;881
100005286;3-24-2024;0,381724537;Pants type 2, Nike;1;1406.532;non-cash;;597
100005286;3-24-2024;0,381724537;Flip flops type 1, Puma;1;294.84;non-cash;;189
100005315;9-22-2024;0,820578704;Pants type 3, Reebok;1;1813.9506;non-cash;;869
100005345;8-24-2023;0,871689815;Pants type 12, Nike;1;1640.312;non-cash;;758
100005361;5-3-2022;0,610509259;Boots type 5, Reebok;1;5673.87;cash;;2741
100005366;6-3-2022;0,382696759;T-shirt type 5, Nike;1;568.4;cash;ПІБ 887;245
100005374;12-11-2022;0,769803241;Cap type 2, Puma;1;251.712;cash;;190
100005379;2-12-2022;0,803576389;Cap type 8, Reebok;1;409.64;cash;;209
100005410;1-19-2024;0,458703704;Cufflink type 3, Reebok;1;625.9128;non-cash;;391
100005412;5-24-2024;0,751516204;Sneakers type 1, Adidas;1;2871.2648;cash;;1748
100005412;5-24-2024;0,751516204;Shirt type 12, Adidas;1;820.8;cash;;456
100005448;4-5-2023;0,466435185;Tights type 6, Puma;1;487.968;cash;;299
100005448;4-5-2023;0,466435185;Sneakers type 1, Adidas;1;3338.68;cash;;1748
100005454;6-7-2023;0,850208333;Flip flops type 1, Nike;2;683.8912;cash;ПІБ 1235;368
100005454;6-7-2023;0,850208333;Sneakers type 2, Puma;1;1579.056;cash;ПІБ 1235;982
100005454;6-7-2023;0,850208333;Pants type 11, Puma;1;539.37576;cash;ПІБ 1235;329
100005454;6-7-2023;0,850208333;Pants type 1, Nike;1;2275.036;cash;ПІБ 1235;937
100005462;3-30-2023;0,805289352;Shirt type 7, Puma;1;926.02048;non-cash;;644
100005463;4-6-2022;0,829502315;Shirt type 9, Reebok;2;1092.0;cash;;546
100005464;2-11-2023;0,670023148;Boots type 5, Puma;1;1887.12784;cash;ПІБ 1031;1286
100005483;5-27-2022;0,588576389;Tights type 7, Adidas;1;637.632;cash;;369
100005483;5-27-2022;0,588576389;T-shirt type 2, Reebok;1;385.2;cash;;214
100005483;5-27-2022;0,588576389;Tights type 6, Puma;2;975.936;cash;;598
100005517;9-4-2023;0,594201389;Tights type 3, Puma;2;1212.928;cash;;736
100005517;9-4-2023;0,594201389;Pants type 5, Reebok;1;2076.68;cash;;1076
100005517;9-4-2023;0,594201389;Shoes type 1, Nike;1;3176.892;cash;;1611
100005527;12-18-2023;0,382094907;Shirt type 6, Reebok;1;699.6;non-cash;;330
100005543;9-13-2024;0,610902778;T-shirt type 1, Puma;1;233.696;cash;;134
100005543;9-13-2024;0,610902778;Cap type 1, Nike;1;464.112;cash;;198
100005545;7-13-2023;0,79125;Boots type 3, Nike;2;13041.3312;non-cash;;6624
100005545;7-13-2023;0,79125;Belt type 3, Reebok;1;714.42;non-cash;;378
100005566;7-9-2024;0,456076389;Pants type 6, Reebok;2;2303.6904;non-cash;;1298
100005566;7-9-2024;0,456076389;Shirt type 8, Reebok;1;1187.93;non-cash;;563
100005600;8-17-2023;0,494201389;T-shirt type 1, Reebok;1;294.196;cash;ПІБ 928;158
100005600;8-17-2023;0,494201389;Pants type 2, Adidas;2;4162.32;cash;ПІБ 928;2214
100005600;8-17-2023;0,494201389;T-shirt type 1, Adidas;1;781.2168;cash;ПІБ 928;364
100005618;3-21-2023;0,391631944;Shirt type 8, Adidas;1;649.65;non-cash;;355
100005618;3-21-2023;0,391631944;Sneakers type 2, Nike;1;4510.9152;non-cash;;1964
100005618;3-21-2023;0,391631944;Belt type 4, Puma;1;430.944;non-cash;;268
100005629;4-10-2024;0,848564815;Pants type 9, Nike;1;815.648;non-cash;;359
100005629;4-10-2024;0,848564815;T-shirt type 5, Nike;1;568.4;non-cash;;245
100005632;4-19-2024;0,7440625;Cufflink type 1, Puma;1;193.698;non-cash;ПІБ 317;135
100005634;1-23-2024;0,747962963;Belt type 2, Puma;1;220.68192;non-cash;;146
100005642;12-8-2022;0,413078704;Cufflink type 5, Reebok;1;262.8;cash;;146
100005642;12-8-2022;0,413078704;T-shirt type 7, Adidas;1;364.06;cash;;167
100005642;12-8-2022;0,413078704;Shirt type 11, Adidas;1;601.4;cash;;310
100005649;6-13-2023;0,870289352;Shirt type 2, Puma;1;853.632;cash;;494
100005655;5-25-2023;0,447118056;Sneakers type 3, Puma;1;3159.72;cash;;1965
100005655;5-25-2023;0,447118056;Cufflink type 4, Reebok;1;821.24;cash;;419
100005655;5-25-2023;0,447118056;Cap type 1, Reebok;1;529.2;cash;;245
100005655;5-25-2023;0,447118056;Shirt type 12, Puma;1;482.60608;cash;;328
100005669;2-23-2022;0,454756944;Shoes type 2, Reebok;1;3505.6476;non-cash;;2378
100005669;2-23-2022;0,454756944;Pants type 8, Reebok;1;2439.36;non-cash;;1232
100005669;2-23-2022;0,454756944;Cufflink type 7, Nike;2;1163.232;non-cash;;504
100005694;6-16-2024;0,727615741;Sneakers type 1, Reebok;2;4633.2;cash;;2106
100005697;7-28-2023;0,863217593;Pants type 10, Reebok;1;343.44;cash;;162
100005697;7-28-2023;0,863217593;Cufflink type 3, Puma;1;648.96;cash;;390
100005699;1-22-2024;0,616446759;Pants type 1, Puma;1;722.304;cash;;418
100005699;1-22-2024;0,616446759;Boots type 3, Nike;1;6662.4192;cash;;3312
100005699;1-22-2024;0,616446759;Shirt type 6, Reebok;1;699.6;cash;;330
100005704;5-13-2023;0,464710648;T-shirt type 1, Reebok;1;189.2;cash;;88
100005704;5-13-2023;0,464710648;Cufflink type 6, Adidas;1;356.85;cash;;183
100005704;5-13-2023;0,464710648;Flip flops type 1, Nike;1;308.4944;cash;;184
100005704;5-13-2023;0,464710648;Tights type 7, Puma;1;565.76;cash;;320
100005713;11-2-2022;0,760868056;Cap type 1, Adidas;1;222.8391;cash;;123
100005713;11-2-2022;0,760868056;Type 4 shirt, Reebok;1;1673.9;cash;;881
100005716;9-4-2023;0,709560185;T-shirt type 4, Nike;1;594.336;non-cash;;246
100005716;9-4-2023;0,709560185;T-shirt type 2, Reebok;1;461.89;non-cash;;247
100005716;9-4-2023;0,709560185;Cufflink type 6, Reebok;1;413.27;non-cash;;221
100005716;9-4-2023;0,709560185;T-shirt type 4, Reebok;2;616.7952;non-cash;;348
100005716;9-4-2023;0,709560185;Boots type 1, Adidas;1;7293.79;non-cash;;3593
100005719;9-3-2023;0,500844907;Boots type 6, Reebok;1;6134.52;non-cash;;2814
100005747;2-24-2022;0,587488426;T-shirt type 2, Reebok;1;461.89;cash;ПІБ 569;247
100005747;2-24-2022;0,587488426;Flip flops type 3, Adidas;1;294.4802;cash;ПІБ 569;151
100005747;2-24-2022;0,587488426;Shoes type 2, Adidas;1;3363.51;cash;ПІБ 569;1761
100005747;2-24-2022;0,587488426;Tights type 2, Puma;1;427.648;cash;ПІБ 569;257
100005747;2-24-2022;0,587488426;Sneakers type 1, Adidas;1;3338.68;cash;ПІБ 569;1748
100005747;2-24-2022;0,587488426;Cap type 7, Adidas;1;323.84;cash;ПІБ 569;176
100005747;2-24-2022;0,587488426;Cap type 8, Puma;1;519.68;cash;ПІБ 569;290
100005752;9-12-2022;0,418020833;Pants type 11, Reebok;1;1762.3348;cash;;857
100005752;9-12-2022;0,418020833;Cufflink type 1, Adidas;1;526.62;cash;;262
100005752;9-12-2022;0,418020833;Shirt type 9, Adidas;1;1818.46;cash;;838
100005755;10-18-2023;0,783425926;Cufflink type 7, Reebok;1;512.64;cash;;267
100005755;10-18-2023;0,783425926;Type 4 shirt, Reebok;1;1673.9;cash;;881
100005755;10-18-2023;0,783425926;Cap type 4, Puma;1;423.688;cash;;251
100005759;5-18-2024;0,812326389;Cap type 7, Adidas;1;323.84;cash;;176
100005759;5-18-2024;0,812326389;Boots type 1, Nike;1;6055.728;cash;;2814
100005782;7-22-2024;0,487974537;Tights type 4, Nike;1;289.788;non-cash;;123
100005783;1-30-2023;0,43349537;Shirt type 3, Adidas;2;1345.896;cash;;744
100005803;8-28-2023;0,756712963;Shirt type 12, Puma;1;526.47936;cash;;328
100005803;8-28-2023;0,756712963;Type 1 ball, Reebok;1;93.74;cash;;43
100005823;10-5-2022;0,620972222;Cap type 7, Reebok;1;374.4;cash;ПІБ 686;195
100005823;10-5-2022;0,620972222;Cufflink type 7, Puma;1;196.0;cash;ПІБ 686;125
100005834;11-3-2022;0,452280093;Flip flops type 3, Adidas;1;273.4459;non-cash;;151
100005834;11-3-2022;0,452280093;Belt type 1, Puma;1;310.184;non-cash;;191
100005871;7-17-2024;0,402696759;Belt type 3, Nike;1;469.264;cash;;211
100005871;7-17-2024;0,402696759;Shoes type 2, Nike;1;3792.536;cash;;1562
100005871;7-17-2024;0,402696759;Type 2 shirt, Reebok;1;554.4;cash;;252
100005886;6-22-2024;0,745474537;Cufflink type 2, Adidas;1;380.88;non-cash;ПІБ 858;207
100005900;6-3-2022;0,861238426;Cap type 3, Reebok;2;631.14;cash;;314
100005900;6-3-2022;0,861238426;Cap type 4, Adidas;1;562.8;cash;;280
100005915;6-1-2022;0,862407407;Tights type 4, Adidas;1;688.2;non-cash;;370
100005917;8-9-2024;0,764594907;Shirt type 2, Puma;1;768.2688;non-cash;ПІБ 677;494
100005926;10-26-2022;0,485196759;Shirt type 10, Nike;1;397.46;cash;;167
100005927;9-16-2023;0,577280093;Cap type 6, Puma;1;321.0792;cash;;251
100005938;4-3-2022;0,386365741;Shirt type 8, Puma;1;475.2;cash;;264
100005950;6-5-2023;0,4025;Boots type 3, Reebok;2;13372.36;cash;ПІБ 998;6788
100005950;6-5-2023;0,4025;Type 4 shirt, Reebok;1;1406.076;cash;ПІБ 998;881
100005950;6-5-2023;0,4025;Tights type 3, Reebok;1;321.264;cash;ПІБ 998;184
100005965;5-2-2022;0,663136574;Cufflink type 2, Puma;1;445.28;non-cash;;253
100005965;5-2-2022;0,663136574;T-shirt type 3, Nike;1;535.0;non-cash;;250
100005965;5-2-2022;0,663136574;Shirt type 2, Adidas;1;1007.4;non-cash;;460
100005968;10-25-2023;0,833472222;Cap type 4, Reebok;1;229.4;cash;;124
100005992;3-31-2024;0,793888889;Boots type 3, Reebok;1;6686.18;cash;ПІБ 628;3394
100005992;3-31-2024;0,793888889;Flip flops type 1, Adidas;1;317.4795;cash;ПІБ 628;195
100005992;3-31-2024;0,793888889;Shirt type 6, Reebok;1;699.6;cash;ПІБ 628;330
100005992;3-31-2024;0,793888889;T-shirt type 4, Puma;1;234.752;cash;ПІБ 628;131
100005993;9-2-2023;0,609548611;Shirt type 1, Puma;1;1183.68624;non-cash;;814
100005996;6-16-2023;0,394351852;Boots type 2, Adidas;1;6783.45;cash;;3309
100006002;9-28-2022;0,400208333;Cap type 3, Reebok;1;299.7915;cash;;157
100006002;9-28-2022;0,400208333;Boots type 2, Adidas;1;6783.45;cash;;3309
100006002;9-28-2022;0,400208333;Shoes type 2, Adidas;1;3363.51;cash;;1761
100006002;9-28-2022;0,400208333;Shirt type 9, Reebok;1;518.7;cash;;273
100006011;10-18-2022;0,797731481;T-shirt type 2, Nike;1;431.136;non-cash;;216
100006011;10-18-2022;0,797731481;Cap type 2, Reebok;1;378.4;non-cash;;176
100006011;10-18-2022;0,797731481;Pants type 10, Puma;1;1514.862;non-cash;;1039
100006021;9-6-2024;0,599386574;Cap type 3, Nike;1;299.9304;cash;ПІБ 632;165
100006054;1-12-2023;0,419814815;Shoes type 2, Nike;1;3792.536;cash;ПІБ 812;1562
100006054;1-12-2023;0,419814815;Cufflink type 4, Puma;1;788.04;cash;ПІБ 812;495
100006095;2-8-2024;0,816469907;Shirt type 1, Puma;1;1312.03776;cash;;814
100006095;2-8-2024;0,816469907;Pants type 8, Reebok;2;4244.4864;cash;;2464
100006098;10-7-2022;0,749513889;T-shirt type 1, Reebok;1;189.2;cash;;88
100006098;10-7-2022;0,749513889;Belt type 4, Puma;1;344.7552;cash;;268
100006098;10-7-2022;0,749513889;Sneakers type 2, Reebok;1;1295.84;cash;;712
100006101;4-1-2023;0,759733796;Shirt type 12, Nike;1;974.028;cash;;471
100006101;4-1-2023;0,759733796;Sneakers type 3, Adidas;1;2852.3088;cash;;1637
100006101;4-1-2023;0,759733796;Shoes type 4, Puma;1;2950.52272;cash;;1802
100006123;6-13-2022;0,757893519;Cap type 2, Nike;2;931.6552;cash;;530
100006130;6-16-2024;0,541296296;Sneakers type 4, Adidas;1;1544.51;cash;;739
100006133;7-30-2022;0,666284722;T-shirt type 6, Nike;1;761.2;non-cash;;346
100006140;4-13-2022;0,778969907;Pants type 3, Adidas;1;2170.94;cash;ПІБ 531;1102
100006140;4-13-2022;0,778969907;Cap type 2, Adidas;1;259.284;cash;ПІБ 531;136
100006150;7-19-2024;0,81306713;Cufflink type 1, Adidas;1;526.62;cash;ПІБ 802;262
100006151;4-29-2022;0,608865741;Type 4 shirt, Reebok;1;1673.9;cash;;881
100006184;7-9-2022;0,449918981;Sneakers type 1, Adidas;1;3338.68;non-cash;ПІБ 153;1748
100006192;3-5-2023;0,443993056;Type 2 shirt, Reebok;1;554.4;cash;;252
100006196;1-10-2024;0,830740741;Sneakers type 5, Adidas;1;1620.81;non-cash;;783
100006205;2-17-2022;0,732905093;Cap type 4, Puma;1;423.688;non-cash;;251
100006205;2-17-2022;0,732905093;Pants type 7, Adidas;2;3968.64;non-cash;;1908
100006256;9-8-2022;0,636539352;Cap type 1, Reebok;1;441.0395;cash;ПІБ 809;265
100006256;9-8-2022;0,636539352;Cap type 3, Puma;1;475.06536;cash;ПІБ 809;287
100006256;9-8-2022;0,636539352;Flip flops type 2, Nike;1;639.2992;cash;ПІБ 809;332
100006256;9-8-2022;0,636539352;Pants type 7, Reebok;1;1414.53;cash;ПІБ 809;806
100006256;9-8-2022;0,636539352;Pants type 1, Nike;1;2275.036;cash;ПІБ 809;937
100006256;9-8-2022;0,636539352;T-shirt type 6, Reebok;1;367.3395;cash;ПІБ 809;181
100006257;7-2-2024;0,478356481;T-shirt type 3, Nike;1;418.37;cash;;230
100006257;7-2-2024;0,478356481;Shirt type 11, Puma;1;734.72;cash;;410
100006270;3-18-2023;0,636145833;Pants type 10, Puma;1;1870.2;cash;;1039
100006273;9-28-2024;0,620671296;Shirt type 10, Adidas;1;446.9;non-cash;ПІБ 334;205
100006273;9-28-2024;0,620671296;Shirt type 8, Nike;1;1079.05696;non-cash;ПІБ 334;542
100006274;3-30-2023;0,526666667;Cap type 2, Puma;1;314.64;non-cash;;190
100006283;4-22-2023;0,555231481;Cap type 1, Nike;1;385.21296;cash;;198
100006306;6-5-2024;0,566666667;Tights type 2, Adidas;1;107.52;cash;;56
100006307;9-14-2024;0,433252315;Type 2 shirt, Nike;1;1951.232;non-cash;;824
100006318;1-13-2023;0,728206019;Shoes type 4, Reebok;1;6167.26;cash;;3298
100006318;1-13-2023;0,728206019;T-shirt type 1, Nike;1;339.16;cash;;139
100006323;1-21-2022;0,699988426;Shoes type 3, Adidas;1;3340.7808;non-cash;;1608
100006342;10-16-2023;0,597303241;Cufflink type 2, Puma;1;445.28;cash;;253
100006342;10-16-2023;0,597303241;Pants type 2, Nike;1;1406.532;cash;;597
100006360;5-22-2023;0,386655093;Shirt type 8, Nike;1;1172.888;cash;;542
100006360;5-22-2023;0,386655093;Pants type 4, Nike;2;4720.816;cash;;2014
100006390;8-2-2022;0,552800926;Tights type 7, Adidas;1;797.04;cash;ПІБ 467;369
100006390;8-2-2022;0,552800926;Pants type 12, Puma;1;296.192;cash;ПІБ 467;178
100006404;7-7-2023;0,422337963;Boots type 5, Puma;2;4547.296;cash;;2572
100006425;11-6-2023;0,789652778;Cap type 1, Puma;1;237.984;non-cash;;134
100006429;7-8-2022;0,589375;T-shirt type 6, Adidas;2;662.3;non-cash;;358
100006435;9-4-2023;0,688078704;Shoes type 1, Puma;2;7574.16;non-cash;;4530
100006440;5-25-2024;0,523287037;T-shirt type 1, Reebok;1;309.68;cash;;158
100006465;6-15-2022;0,732384259;Tights type 2, Adidas;1;107.52;cash;;56
100006465;6-15-2022;0,732384259;Cap type 7, Reebok;1;355.68;cash;;195
100006487;5-13-2024;0,533391204;Pants type 4, Nike;1;2360.408;cash;;1007
100006490;5-12-2023;0,727418981;Shirt type 11, Adidas;2;1202.8;non-cash;;620
100006490;5-12-2023;0,727418981;Shirt type 12, Reebok;2;2553.74;non-cash;;1258
100006499;6-24-2024;0,772152778;Shoes type 1, Adidas;1;3155.625;non-cash;ПІБ 780;1875
100006499;6-24-2024;0,772152778;Pants type 4, Nike;2;4484.7752;non-cash;ПІБ 780;2014
100006499;6-24-2024;0,772152778;Sneakers type 6, Adidas;1;2545.92;non-cash;ПІБ 780;1224
100006499;6-24-2024;0,772152778;Shirt type 7, Nike;1;1531.3008;non-cash;ПІБ 780;820
100006499;6-24-2024;0,772152778;Pants type 10, Reebok;1;343.44;non-cash;ПІБ 780;162
100006504;6-17-2022;0,764513889;Boots type 1, Adidas;1;7293.79;non-cash;;3593
100006507;7-6-2023;0,629212963;Cap type 7, Puma;1;351.97344;non-cash;ПІБ 1007;237
100006507;7-6-2023;0,629212963;Pants type 2, Puma;1;1043.12;non-cash;ПІБ 1007;590
100006507;7-6-2023;0,629212963;Cap type 2, Reebok;1;344.344;non-cash;ПІБ 1007;176
100006507;7-6-2023;0,629212963;Belt type 2, Puma;1;234.768;non-cash;ПІБ 1007;146
100006512;6-7-2022;0,841782407;Cufflink type 1, Adidas;2;1053.24;cash;;524
100006512;6-7-2022;0,841782407;Pants type 11, Puma;2;1089.648;cash;;658
100006512;6-7-2022;0,841782407;T-shirt type 4, Adidas;1;195.489;cash;;107
100006512;6-7-2022;0,841782407;Shirt type 12, Nike;1;974.028;cash;;471
100006512;6-7-2022;0,841782407;Shoes type 3, Reebok;1;2325.186;cash;;1389
100006544;8-16-2023;0,446041667;Type 5 shirt, Nike;1;911.744;cash;ПІБ 1190;419
100006558;5-31-2023;0,560358796;Boots type 5, Reebok;1;5673.87;cash;;2741
100006561;4-28-2022;0,70375;T-shirt type 7, Reebok;1;549.12;non-cash;ПІБ 478;286
100006561;4-28-2022;0,70375;Type 2 ball, Reebok;1;100.11;non-cash;ПІБ 478;47
100006561;4-28-2022;0,70375;Cufflink type 6, Reebok;1;413.27;non-cash;ПІБ 478;221
100006564;12-12-2022;0,760046296;Cap type 8, Nike;1;569.64;cash;ПІБ 1016;282
100006622;10-17-2023;0,87150463;T-shirt type 7, Nike;2;1739.168;cash;;782
100006623;6-12-2022;0,74494213;Cufflink type 5, Adidas;1;670.32;non-cash;;342
100006623;6-12-2022;0,74494213;Shirt type 11, Reebok;1;1481.48;non-cash;;814
100006623;6-12-2022;0,74494213;Sneakers type 3, Nike;1;2651.176;non-cash;;1282
100006625;6-11-2022;0,509305556;Cap type 1, Reebok;2;991.1;non-cash;;530
100006649;6-15-2023;0,386863426;Flip flops type 1, Reebok;1;631.488;non-cash;;312
100006649;6-15-2023;0,386863426;Cap type 5, Adidas;1;322.74;non-cash;;163
100006657;1-4-2023;0,471331019;Belt type 1, Reebok;1;613.88;non-cash;;298
100006657;1-4-2023;0,471331019;T-shirt type 3, Adidas;1;623.28;non-cash;;318
100006657;1-4-2023;0,471331019;Cap type 2, Puma;1;376.3584;non-cash;;220
100006663;7-5-2022;0,457592593;Cufflink type 1, Nike;1;495.824;non-cash;ПІБ 145;233
100006667;10-3-2023;0,49630787;Shirt type 11, Puma;1;727.3728;cash;;410
100006674;1-7-2024;0,753761574;T-shirt type 4, Reebok;1;367.14;non-cash;;174
100006674;1-7-2024;0,753761574;Pants type 4, Reebok;2;3891.1488;non-cash;;2352
100006674;1-7-2024;0,753761574;Cap type 4, Nike;1;573.672;non-cash;;246
100006686;4-30-2022;0,563310185;Cap type 3, Nike;1;328.4952;non-cash;ПІБ 726;165
100006707;6-20-2023;0,440740741;T-shirt type 4, Adidas;1;180.2843;cash;;107
100006712;2-18-2024;0,37505787;Type 3 shirt, Reebok;2;1033.2;cash;;492
100006712;2-18-2024;0,37505787;Pants type 8, Adidas;1;2127.06;cash;;1053
100006712;2-18-2024;0,37505787;Shirt type 1, Reebok;1;1357.92;cash;;738
100006712;2-18-2024;0,37505787;T-shirt type 1, Reebok;1;309.68;cash;;158
100006717;9-6-2024;0,788981481;Tights type 7, Puma;1;565.76;cash;;320
100006717;9-6-2024;0,788981481;Boots type 5, Reebok;1;5673.87;cash;;2741
100006727;3-1-2023;0,853032407;Pants type 8, Reebok;1;2171.0304;non-cash;ПІБ 1223;1232
100006731;7-11-2024;0,852546296;Shirt type 5, Reebok;1;971.88;non-cash;;534
100006736;11-14-2022;0,497696759;T-shirt type 2, Reebok;1;461.89;cash;;247
100006740;12-5-2023;0,867060185;Shirt type 3, Puma;1;273.6;non-cash;;152
100006740;12-5-2023;0,867060185;Ball type 1, Adidas;1;57.4275;non-cash;;31
100006740;12-5-2023;0,867060185;Belt type 3, Puma;1;510.59232;non-cash;;342
100006740;12-5-2023;0,867060185;Cap type 5, Nike;1;454.336;non-cash;;229
100006769;10-6-2023;0,728946759;Belt type 1, Adidas;1;637.29;cash;;291
100006769;10-6-2023;0,728946759;Cufflink type 1, Puma;1;227.88;cash;;135
100006769;10-6-2023;0,728946759;T-shirt type 2, Reebok;1;331.272;cash;;214
100006769;10-6-2023;0,728946759;Cufflink type 6, Puma;2;731.44;cash;;410
100006786;2-10-2024;0,783796296;Flip flops type 3, Adidas;2;600.98;cash;;302
100006786;2-10-2024;0,783796296;Pants type 6, Puma;1;1229.53248;cash;;761
100006789;5-1-2022;0,655104167;Shoes type 1, Nike;1;3176.892;cash;;1611
100006789;5-1-2022;0,655104167;T-shirt type 6, Adidas;1;278.166;cash;;179
100006789;5-1-2022;0,655104167;Type 3 shirt, Reebok;1;516.6;cash;;246
100006794;4-30-2022;0,471226852;Shoes type 1, Puma;1;3787.08;non-cash;;2265
100006794;4-30-2022;0,471226852;Shirt type 4, Puma;1;888.88;non-cash;;542
100006797;1-4-2022;0,775023148;Boots type 1, Nike;1;6055.728;cash;;2814
100006797;1-4-2022;0,775023148;T-shirt type 2, Nike;1;418.20192;cash;;216
100006807;7-11-2022;0,506365741;Shoes type 3, Reebok;1;2500.2;non-cash;ПІБ 223;1389
100006810;10-28-2022;0,574131944;Type 1 ball, Reebok;1;93.74;non-cash;;43
100006819;1-10-2022;0,550451389;Type 3 shirt, Nike;1;1737.236;non-cash;ПІБ 968;821
100006819;1-10-2022;0,550451389;Boots type 5, Adidas;1;2860.29;non-cash;ПІБ 968;1563
100006819;1-10-2022;0,550451389;Boots type 1, Reebok;2;9835.8;non-cash;ПІБ 968;5070
100006825;1-30-2022;0,511469907;Tights type 5, Adidas;1;736.32;cash;;354
100006825;1-30-2022;0,511469907;Pants type 5, Puma;1;1894.5072;cash;;1207
100006825;1-30-2022;0,511469907;Pants type 10, Puma;1;1870.2;cash;;1039
100006825;1-30-2022;0,511469907;Sneakers type 4, Adidas;1;1544.51;cash;;739
100006825;1-30-2022;0,511469907;Cufflink type 3, Puma;1;648.96;cash;;390
100006831;2-5-2022;0,798113426;Pants type 3, Nike;1;1306.0488;cash;;714
100006836;8-13-2023;0,8475;Cap type 3, Adidas;1;380.21;cash;;197
100006836;8-13-2023;0,8475;T-shirt type 2, Puma;1;313.6;cash;;200
100006853;1-15-2022;0,662893519;Pants type 3, Reebok;1;1850.97;non-cash;;869
100006858;8-14-2022;0,67375;Shirt type 1, Puma;1;1326.29904;non-cash;;814
100006860;6-8-2024;0,680277778;Tights type 7, Reebok;1;315.59;non-cash;ПІБ 187;151
100006860;6-8-2024;0,680277778;T-shirt type 7, Adidas;1;364.06;non-cash;ПІБ 187;167
100006867;10-7-2023;0,615150463;Pants type 9, Puma;1;858.28;cash;;499
100006870;10-25-2022;0,572627315;Cufflink type 5, Adidas;1;596.5848;non-cash;ПІБ 668;342
100006870;10-25-2022;0,572627315;Pants type 8, Adidas;1;2127.06;non-cash;ПІБ 668;1053
100006870;10-25-2022;0,572627315;Cap type 1, Adidas;1;195.8283;non-cash;ПІБ 668;123
100006870;10-25-2022;0,572627315;Shirt type 9, Reebok;1;546.0;non-cash;ПІБ 668;273
100006870;10-25-2022;0,572627315;Pants type 5, Nike;1;2028.288;non-cash;ПІБ 668;912
100006870;10-25-2022;0,572627315;Shirt type 5, Puma;1;919.5648;non-cash;ПІБ 668;622
100006874;1-17-2023;0,812349537;Flip flops type 1, Puma;2;518.9184;cash;;378
100006874;1-17-2023;0,812349537;Sneakers type 3, Adidas;1;3241.26;cash;;1637
100006880;2-16-2023;0,821643519;Sneakers type 6, Reebok;1;1966.96;non-cash;;1069
100006891;12-6-2023;0,857395833;Sneakers type 4, Reebok;1;3502.0;cash;;1700
100006891;12-6-2023;0,857395833;Cap type 3, Nike;1;648.448;cash;;298
100006891;12-6-2023;0,857395833;Tights type 6, Adidas;1;698.4;cash;;388
100006891;12-6-2023;0,857395833;Shoes type 4, Adidas;1;3582.78;cash;;1698
100006891;12-6-2023;0,857395833;T-shirt type 1, Adidas;1;367.92;cash;;219
100006891;12-6-2023;0,857395833;Cufflink type 4, Puma;2;1576.08;cash;;990
100006891;12-6-2023;0,857395833;Sneakers type 4, Nike;1;1782.428;cash;;893
100006891;12-6-2023;0,857395833;T-shirt type 4, Nike;2;804.56;cash;;356
100006900;3-15-2022;0,83837963;Cap type 8, Reebok;1;409.64;cash;ПІБ 446;209
100006900;3-15-2022;0,83837963;Cufflink type 5, Nike;1;949.648;cash;ПІБ 446;427
100006910;3-8-2022;0,84849537;Pants type 2, Puma;1;865.7896;cash;ПІБ 302;590
100006910;3-8-2022;0,84849537;Pants type 2, Nike;1;1406.532;cash;ПІБ 302;597
100006910;3-8-2022;0,84849537;Cap type 6, Puma;1;391.56;cash;ПІБ 302;251
100006913;8-23-2022;0,852569444;Shirt type 6, Adidas;1;1093.224;cash;;606
100006924;6-13-2024;0,591203704;Cap type 1, Reebok;2;1058.4;cash;;490
100006924;6-13-2024;0,591203704;Pants type 2, Adidas;2;4162.32;cash;;2214
100006925;12-29-2023;0,535694444;Ball type 1, Puma;1;67.58224;cash;;43
100006939;2-14-2024;0,382766204;Sneakers type 2, Adidas;1;2117.61;non-cash;;1023
100006942;7-25-2023;0,482199074;Cap type 6, Puma;1;336.7416;non-cash;;251
100006955;5-18-2023;0,465451389;Sneakers type 2, Nike;1;4556.48;non-cash;ПІБ 491;1964
100006955;5-18-2023;0,465451389;Shirt type 7, Nike;1;1646.56;non-cash;ПІБ 491;820
100006955;5-18-2023;0,465451389;Pants type 6, Adidas;1;1532.0;non-cash;ПІБ 491;766
100006955;5-18-2023;0,465451389;Ball type 2, Adidas;1;94.5;non-cash;ПІБ 491;45
100006955;5-18-2023;0,465451389;Cufflink type 1, Reebok;2;1459.143;non-cash;ПІБ 491;742
100006955;5-18-2023;0,465451389;Belt type 1, Puma;1;297.77664;non-cash;ПІБ 491;191
100006955;5-18-2023;0,465451389;Tights type 6, Puma;1;419.65248;non-cash;ПІБ 491;299
100006955;5-18-2023;0,465451389;Type 3 shirt, Reebok;1;511.434;non-cash;ПІБ 491;246
100006955;5-18-2023;0,465451389;Pants type 6, Reebok;1;1323.96;non-cash;ПІБ 491;649
100006955;5-18-2023;0,465451389;Type 1 shirt, Nike;1;1700.784;non-cash;ПІБ 491;837
100006955;5-18-2023;0,465451389;T-shirt type 1, Reebok;1;309.68;non-cash;ПІБ 491;158
100006955;5-18-2023;0,465451389;Cufflink type 4, Adidas;1;1069.81;non-cash;ПІБ 491;493
100006955;5-18-2023;0,465451389;T-shirt type 3, Reebok;2;1120.38;non-cash;ПІБ 491;526
100006972;4-22-2024;0,630300926;Shirt type 8, Nike;1;1172.888;cash;;542
100006981;9-4-2023;0,624861111;Cap type 1, Puma;1;470.016;non-cash;;288
100006981;9-4-2023;0,624861111;Tights type 7, Reebok;2;631.18;non-cash;;302
100006986;2-23-2024;0,719594907;Shirt type 7, Adidas;1;1550.25;cash;;795
100006986;2-23-2024;0,719594907;Cap type 8, Adidas;1;326.8;cash;;152
100006996;11-6-2023;0,812986111;Cap type 3, Reebok;1;315.57;non-cash;ПІБ 457;157
100006996;11-6-2023;0,812986111;Cufflink type 7, Adidas;1;334.88;non-cash;ПІБ 457;184
100007007;2-20-2024;0,646898148;T-shirt type 3, Nike;1;508.25;non-cash;;250
100007007;2-20-2024;0,646898148;Shirt type 12, Adidas;1;820.8;non-cash;;456
100007007;2-20-2024;0,646898148;Cap type 5, Nike;1;449.79264;non-cash;;229
100007039;9-6-2022;0,769918981;Tights type 2, Puma;1;427.648;cash;;257
100007039;9-6-2022;0,769918981;Cap type 2, Reebok;1;363.264;cash;;176
100007048;2-5-2022;0,844027778;Boots type 3, Nike;1;7087.68;cash;;3312
100007048;2-5-2022;0,844027778;Pants type 7, Adidas;1;1984.32;cash;;954
100007048;2-5-2022;0,844027778;Pants type 4, Adidas;1;1339.5;cash;;705
100007048;2-5-2022;0,844027778;Shirt type 7, Reebok;2;2620.52;cash;;1372
100007048;2-5-2022;0,844027778;T-shirt type 1, Reebok;1;275.6152;cash;;158
100007086;1-10-2022;0,385532407;Pants type 9, Adidas;1;428.45;non-cash;ПІБ 700;205
100007087;2-2-2023;0,772534722;Boots type 2, Reebok;2;5215.9;cash;ПІБ 717;2426
100007087;2-2-2023;0,772534722;Cufflink type 7, Nike;1;581.616;cash;ПІБ 717;252
100007087;2-2-2023;0,772534722;T-shirt type 2, Nike;1;934.78;cash;ПІБ 717;385
100007087;2-2-2023;0,772534722;Boots type 5, Adidas;1;2860.29;cash;ПІБ 717;1563
100007087;2-2-2023;0,772534722;Pants type 10, Adidas;2;2377.072;cash;ПІБ 717;1160
100007091;2-3-2024;0,582789352;Cap type 7, Puma;1;386.784;cash;;237
100007091;2-3-2024;0,582789352;Sneakers type 3, Reebok;1;2059.78;cash;;1138
100007092;9-2-2023;0,699537037;Cufflink type 1, Nike;1;396.6592;cash;;233
100007092;9-2-2023;0,699537037;T-shirt type 3, Reebok;1;440.7;cash;;226
100007093;12-20-2023;0,775763889;Cap type 2, Puma;1;380.16;cash;;220
100007093;12-20-2023;0,775763889;Shirt type 4, Puma;1;773.3256;cash;;542
100007107;2-24-2022;0,481875;T-shirt type 6, Adidas;1;331.15;non-cash;;179
100007108;9-16-2024;0,531400463;Pants type 8, Nike;1;1563.272;cash;;743
100007108;9-16-2024;0,531400463;Tights type 7, Adidas;1;757.188;cash;;369
100007108;9-16-2024;0,531400463;Boots type 1, Reebok;2;9835.8;cash;;5070
100007108;9-16-2024;0,531400463;Ball type 2, Puma;1;72.36;cash;;45
100007108;9-16-2024;0,531400463;Boots type 1, Reebok;1;4917.9;cash;;2535
100007108;9-16-2024;0,531400463;Shirt type 6, Nike;1;1552.824;cash;;702
100007113;4-28-2024;0,726145833;T-shirt type 5, Adidas;1;627.21;non-cash;;303
100007117;3-2-2024;0,777037037;Pants type 7, Puma;1;482.232;cash;;283
100007117;3-2-2024;0,777037037;Cap type 4, Puma;1;377.08232;cash;;251
100007117;3-2-2024;0,777037037;Type 2 shirt, Reebok;1;554.4;cash;;252
100007117;3-2-2024;0,777037037;Belt type 4, Reebok;2;901.52;cash;;472
100007123;9-24-2023;0,643993056;Pants type 2, Reebok;1;335.49;non-cash;;159
100007127;1-24-2022;0,815;Belt type 4, Adidas;1;398.2;non-cash;ПІБ 218;181
100007127;1-24-2022;0,815;Boots type 6, Adidas;1;5889.38;non-cash;ПІБ 218;2714
100007127;1-24-2022;0,815;Cap type 8, Nike;1;569.64;non-cash;ПІБ 218;282
100007136;7-29-2023;0,38380787;Boots type 2, Adidas;1;6783.45;non-cash;;3309
100007136;7-29-2023;0,38380787;Tights type 7, Nike;1;364.816;non-cash;;151
100007136;7-29-2023;0,38380787;Shoes type 4, Adidas;1;3331.9854;non-cash;;1698
100007155;6-30-2024;0,819502315;Cufflink type 4, Adidas;1;1069.81;cash;;493
100007168;6-9-2022;0,768842593;Cufflink type 2, Puma;1;445.28;cash;ПІБ 1228;253
100007168;6-9-2022;0,768842593;Pants type 4, Adidas;1;1339.5;cash;ПІБ 1228;705
100007192;8-21-2023;0,660960648;Belt type 4, Reebok;2;901.52;cash;ПІБ 594;472
100007192;8-21-2023;0,660960648;Shirt type 2, Adidas;1;1007.4;cash;ПІБ 594;460
100007192;8-21-2023;0,660960648;Boots type 4, Nike;1;6929.088;cash;ПІБ 594;2868
100007192;8-21-2023;0,660960648;Shirt type 1, Reebok;1;1357.92;cash;ПІБ 594;738
100007192;8-21-2023;0,660960648;Pants type 1, Nike;1;1956.53096;cash;ПІБ 594;937
100007192;8-21-2023;0,660960648;Cufflink type 3, Reebok;1;697.8568;cash;ПІБ 594;391
100007195;12-22-2022;0,611597222;Boots type 2, Puma;1;1927.072;non-cash;;1229
100007195;12-22-2022;0,611597222;Cap type 1, Reebok;2;991.1;non-cash;;530
100007195;12-22-2022;0,611597222;Pants type 9, Nike;1;766.70912;non-cash;;359
100007195;12-22-2022;0,611597222;Shirt type 5, Puma;1;1044.96;non-cash;;622
100007228;3-21-2023;0,555543981;Cap type 7, Puma;1;367.4448;cash;;237
100007228;3-21-2023;0,555543981;Ball type 1, Adidas;1;52.5915;cash;;31
100007232;3-11-2023;0,425960648;Pants type 1, Nike;1;2115.78348;cash;;937
100007253;5-7-2024;0,826759259;Cufflink type 7, Nike;1;552.5352;cash;;252
100007254;7-7-2022;0,598344907;Cufflink type 1, Puma;2;401.0688;cash;;270
100007254;7-7-2022;0,598344907;T-shirt type 2, Adidas;1;510.84;cash;;258
100007254;7-7-2022;0,598344907;Pants type 6, Puma;2;2483.904;cash;;1522
100007281;9-21-2023;0,568391204;T-shirt type 3, Puma;1;480.6;non-cash;;267
100007281;9-21-2023;0,568391204;Flip flops type 2, Reebok;1;468.7;non-cash;;218
100007281;9-21-2023;0,568391204;Boots type 1, Nike;1;6055.728;non-cash;;2814
100007281;9-21-2023;0,568391204;Type 4 shirt, Reebok;2;3347.8;non-cash;;1762
100007281;9-21-2023;0,568391204;Shirt type 1, Puma;2;2852.256;non-cash;;1628
100007301;8-7-2022;0,789768519;Pants type 2, Nike;1;1265.8788;cash;;597
100007306;7-1-2023;0,780844907;Pants type 6, Nike;1;2298.168;cash;ПІБ 975;1062
100007306;7-1-2023;0,780844907;Cap type 4, Nike;1;573.672;cash;ПІБ 975;246
100007306;7-1-2023;0,780844907;Belt type 4, Reebok;2;901.52;cash;ПІБ 975;472
100007318;3-18-2024;0,505115741;Shirt type 10, Reebok;1;1125.72;cash;ПІБ 819;531
100007328;1-11-2022;0,849849537;Tights type 7, Reebok;1;312.4341;cash;;151
100007328;1-11-2022;0,849849537;Pants type 9, Puma;1;729.538;cash;;499
100007331;5-26-2022;0,602083333;Shirt type 3, Puma;1;243.504;non-cash;;152
100007339;1-29-2022;0,6334375;Pants type 1, Reebok;1;2099.34;cash;ПІБ 644;981
100007373;7-31-2023;0,501909722;Shirt type 9, Puma;1;669.8;cash;ПІБ 1109;425
100007373;7-31-2023;0,501909722;Boots type 5, Puma;2;4547.296;cash;ПІБ 1109;2572
100007399;10-16-2023;0,397650463;Shirt type 12, Adidas;1;820.8;cash;;456
100007399;10-16-2023;0,397650463;Sneakers type 5, Reebok;1;2250.24;cash;;1172
100007399;10-16-2023;0,397650463;Ball type 2, Puma;2;144.72;cash;;90
100007400;4-13-2022;0,523217593;Cap type 1, Reebok;1;529.2;non-cash;ПІБ 1003;245
100007408;9-17-2022;0,860972222;Pants type 4, Adidas;1;1339.5;cash;;705
100007408;9-17-2022;0,860972222;Cap type 1, Reebok;1;495.55;cash;;265
100007424;7-27-2024;0,391284722;Boots type 4, Reebok;2;12460.314;cash;;7538
100007424;7-27-2024;0,391284722;Sneakers type 1, Adidas;1;3338.68;cash;;1748
100007424;7-27-2024;0,391284722;Tights type 7, Reebok;1;315.59;cash;;151
100007439;3-9-2023;0,511678241;Cap type 1, Reebok;1;529.2;cash;;245
100007439;3-9-2023;0,511678241;Sneakers type 6, Reebok;1;1750.5944;cash;;1069
100007482;12-3-2022;0,505289352;Cufflink type 5, Nike;1;949.648;cash;;427
100007482;12-3-2022;0,505289352;Cufflink type 3, Reebok;1;719.44;cash;;391
100007482;12-3-2022;0,505289352;Pants type 1, Nike;1;2275.036;cash;;937
100007482;12-3-2022;0,505289352;Shirt type 7, Reebok;1;1310.26;cash;;686
100007485;10-31-2022;0,766979167;Pants type 6, Reebok;1;1323.96;cash;;649
100007505;4-5-2023;0,53599537;Pants type 7, Puma;1;482.232;cash;;283
100007509;8-24-2022;0,560983796;Cufflink type 5, Adidas;1;670.32;non-cash;;342
100007509;8-24-2022;0,560983796;Shirt type 9, Puma;1;669.8;non-cash;;425
100007513;3-19-2024;0,592928241;Boots type 2, Nike;1;4865.84064;cash;;2727
100007546;7-18-2023;0,634502315;Shoes type 2, Adidas;1;3363.51;non-cash;;1761
100007546;7-18-2023;0,634502315;Cufflink type 3, Nike;1;782.6;non-cash;;350
100007546;7-18-2023;0,634502315;Pants type 8, Adidas;1;2127.06;non-cash;;1053
100007554;5-9-2022;0,659375;Cufflink type 7, Reebok;1;512.64;non-cash;;267
100007582;10-28-2023;0,683645833;T-shirt type 6, Reebok;1;330.2345;cash;ПІБ 1167;181
100007586;3-1-2024;0,718761574;Pants type 8, Puma;1;759.632;non-cash;;482
100007587;7-24-2022;0,432627315;T-shirt type 3, Reebok;2;802.074;non-cash;;452
100007587;7-24-2022;0,432627315;Flip flops type 3, Reebok;1;481.14;non-cash;;243
100007587;7-24-2022;0,432627315;Shoes type 2, Adidas;2;6727.02;non-cash;;3522
100007587;7-24-2022;0,432627315;Cufflink type 7, Adidas;1;334.88;non-cash;;184
100007587;7-24-2022;0,432627315;Boots type 2, Adidas;1;6783.45;non-cash;;3309
100007621;2-19-2022;0,730555556;Sneakers type 6, Nike;2;7601.2344;cash;;3846
100007621;2-19-2022;0,730555556;Cap type 7, Nike;1;452.608;cash;;208
100007621;2-19-2022;0,730555556;Belt type 3, Nike;1;469.264;cash;;211
100007622;2-1-2022;0,802893519;Cap type 7, Puma;2;773.568;cash;;474
100007633;6-7-2023;0,84125;Pants type 3, Nike;2;3073.056;non-cash;;1428
100007638;5-23-2022;0,410578704;Tights type 3, Nike;1;427.51912;cash;;191
100007649;8-22-2024;0,494988426;Type 1 ball, Reebok;1;93.74;cash;;43
100007649;8-22-2024;0,494988426;T-shirt type 5, Adidas;1;627.21;cash;;303
100007649;8-22-2024;0,494988426;Belt type 4, Nike;1;629.392;cash;;283
100007649;8-22-2024;0,494988426;Cap type 3, Nike;1;357.06;cash;;165
100007677;8-18-2024;0,530983796;Shoes type 2, Puma;1;3234.944;non-cash;ПІБ 99;2032
100007686;8-20-2023;0,635543981;Shirt type 12, Reebok;1;1276.87;cash;;629
100007720;3-28-2022;0,747824074;Shirt type 12, Reebok;1;1200.2578;cash;;629
100007724;1-20-2022;0,820972222;Shirt type 9, Adidas;1;1818.46;cash;;838
100007724;1-20-2022;0,820972222;Shirt type 3, Puma;1;273.6;cash;;152
100007724;1-20-2022;0,820972222;Pants type 11, Adidas;1;1697.28;cash;;884
100007724;1-20-2022;0,820972222;Boots type 1, Nike;1;5934.61344;cash;;2814
100007740;7-16-2024;0,773055556;T-shirt type 2, Reebok;1;461.89;non-cash;;247
100007740;7-16-2024;0,773055556;Ball type 1, Puma;1;71.896;non-cash;;43
100007780;6-23-2024;0,720902778;Sneakers type 2, Nike;1;4237.5264;non-cash;;1964
100007812;7-13-2024;0,742002315;Shirt type 7, Adidas;1;1550.25;non-cash;;795
100007820;6-16-2023;0,48775463;Belt type 1, Puma;1;310.184;non-cash;;191
100007848;12-3-2022;0,388634259;Shirt type 4, Puma;1;853.3248;cash;;542
100007853;3-26-2022;0,738587963;Cap type 8, Adidas;1;326.8;cash;;152
100007885;12-27-2023;0,406296296;T-shirt type 7, Puma;1;201.552;cash;ПІБ 243;114
100007922;6-16-2023;0,507037037;Shoes type 1, Reebok;1;6119.12;non-cash;;3122
100007922;6-16-2023;0,507037037;Sneakers type 3, Puma;1;3159.72;non-cash;;1965
100007922;6-16-2023;0,507037037;Type 3 shirt, Nike;1;1737.236;non-cash;;821
100007922;6-16-2023;0,507037037;T-shirt type 4, Adidas;1;267.6096;non-cash;;144
100007922;6-16-2023;0,507037037;Pants type 7, Nike;1;2670.744;non-cash;;1299
100007922;6-16-2023;0,507037037;Boots type 5, Reebok;1;5673.87;non-cash;;2741
100007922;6-16-2023;0,507037037;Cufflink type 5, Nike;2;1899.296;non-cash;;854
100007928;8-30-2022;0,776319444;Shirt type 4, Adidas;2;574.368;non-cash;;372
100007946;7-14-2022;0,399594907;T-shirt type 1, Nike;1;452.2;non-cash;;190
100007961;6-6-2022;0,520162037;Cap type 2, Nike;1;541.66;cash;;265
100007961;6-6-2022;0,520162037;Boots type 3, Puma;1;4924.416;cash;;2748
100007967;8-12-2023;0,668993056;Cap type 5, Reebok;1;226.24;cash;;112
100007981;6-20-2024;0,544618056;Sneakers type 4, Reebok;1;3502.0;non-cash;;1700
100007997;3-24-2022;0,618865741;Pants type 9, Puma;1;858.28;non-cash;;499
100007997;3-24-2022;0,618865741;T-shirt type 1, Reebok;1;189.2;non-cash;;88
100007997;3-24-2022;0,618865741;Belt type 1, Puma;1;285.36928;non-cash;;191
100007997;3-24-2022;0,618865741;Pants type 7, Reebok;1;1571.7;non-cash;;806
100007997;3-24-2022;0,618865741;Pants type 5, Adidas;1;972.37;non-cash;;479
100008006;3-19-2024;0,429282407;Cap type 3, Reebok;2;631.14;cash;;314
100008010;2-19-2024;0,706967593;Cap type 2, Nike;1;541.66;non-cash;ПІБ 757;265
100008023;5-2-2022;0,576331019;Cap type 5, Adidas;1;322.74;non-cash;;163
100008024;9-5-2024;0,488958333;Shirt type 1, Reebok;1;1357.92;cash;;738
100008034;12-11-2023;0,697627315;Pants type 6, Adidas;1;1532.0;non-cash;;766
100008060;4-15-2022;0,402766204;T-shirt type 6, Reebok;1;371.05;non-cash;;181
100008065;5-6-2024;0,506631944;Shirt type 2, Adidas;1;1007.4;cash;;460
100008069;6-4-2022;0,748020833;Cap type 2, Nike;1;541.66;cash;;265
100008077;4-28-2023;0,639814815;Cap type 2, Nike;1;541.66;cash;;265
100008077;4-28-2023;0,639814815;Cap type 2, Reebok;1;378.4;cash;;176
100008077;4-28-2023;0,639814815;Ball type 1, Adidas;1;60.45;cash;;31
100008077;4-28-2023;0,639814815;Belt type 2, Puma;2;436.66848;cash;;292
100008080;1-27-2022;0,73650463;Cufflink type 7, Adidas;1;334.88;non-cash;ПІБ 565;184
100008087;2-17-2023;0,785439815;Pants type 11, Puma;1;512.13456;non-cash;;329
100008087;2-17-2023;0,785439815;Sneakers type 2, Nike;1;4556.48;non-cash;;1964
100008092;6-24-2024;0,561759259;Cufflink type 3, Nike;1;743.47;cash;;350
100008092;6-24-2024;0,561759259;Tights type 6, Puma;1;487.968;cash;;299
100008104;4-5-2024;0,38619213;Shoes type 2, Reebok;1;4327.96;non-cash;;2378
100008107;3-27-2022;0,764386574;Shirt type 3, Adidas;1;650.5164;cash;;372
