чека;Дата;Час;Товар;Кількість;Сума;Спосіб платежу;Покупець;Собівартість,,
100000010;8-22-2022;0,446296296;T-shirt type 1, Reebok;1;309.68;cash;ПІБ 537;158
100000010;8-22-2022;0,446296296;Shoes type 4, Reebok;1;6167.26;cash;ПІБ 537;3298
100000012;3-8-2024;0,657951389;Cap type 5, Adidas;1;261.4194;cash;;163
100000012;3-8-2024;0,657951389;Shirt type 6, Reebok;1;699.6;cash;;330
100000013;11-10-2022;0,843703704;Cap type 5, Nike;1;454.336;non-cash;;229
100000018;5-12-2023;0,540821759;T-shirt type 1, Reebok;2;378.4;cash;;176
100000018;5-12-2023;0,540821759;Cap type 2, Reebok;1;161.007;cash;;105
100000024;3-9-2023;0,458541667;Запонка тип 5, Puma;1;250.88;cash;;140
100000030;7-21-2022;0,834259259;T-shirt type 4, Puma;1;297.344;cash;;184
100000077;6-28-2024;0,603344907;Tights type 3, Adidas;2;933.72;non-cash;;502
100000081;4-4-2023;0,549085648;Tights type 2, Nike;2;538.0;cash;;250
100000081;4-4-2023;0,549085648;T-shirt type 4, Nike;1;594.336;cash;;246
100000081;4-4-2023;0,549085648;Pants type 6, Nike;1;2298.168;cash;;1062
100000081;4-4-2023;0,549085648;Pants type 12, Reebok;2;1085.64;cash;;498
100000081;4-4-2023;0,549085648;T-shirt type 4, Adidas;1;290.88;cash;;144
100000083;1-13-2023;0,745150463;Колготки тип 1, Adidas;1;787.5;non-cash;;375
100000083;1-13-2023;0,745150463;Shirt type 7, Reebok;1;1310.26;non-cash;;686
100000083;1-13-2023;0,745150463;Shirt type 8, Puma;1;475.2;non-cash;;264
100000083;1-13-2023;0,745150463;Tights type 6, Nike;1;509.694;non-cash;;255
100000083;1-13-2023;0,745150463;Flip flops type 2, Adidas;1;691.9308;non-cash;;346
100000085;11-13-2022;0,547037037;Boots type 1, Adidas;1;7293.79;non-cash;;3593
100000086;10-17-2022;0,699594907;Рубашка тип 2, Nike;1;1951.232;cash;ПІБ 504;824
100000105;2-16-2024;0,491886574;Pants type 2, Puma;1;917.9456;cash;;590
100000105;2-16-2024;0,491886574;Pants type 4, Puma;1;1463.048;cash;;919
100000105;2-16-2024;0,491886574;Pants type 2, Reebok;1;335.49;cash;;159
100000105;2-16-2024;0,491886574;Type 3 shirt, Nike;1;1424.53352;cash;;821
100000105;2-16-2024;0,491886574;Flip flops type 2, Adidas;1;580.1036;cash;;346
100000105;2-16-2024;0,491886574;Tights type 1, Puma;2;430.992;cash;;246
100000105;2-16-2024;0,491886574;Pants type 2, Nike;1;1406.532;cash;;597
100000110;3-3-2024;0,503796296;Кроссовки тип 3, Adidas;1;3241.26;cash;;1637
100000110;3-3-2024;0,503796296;Shirt type 5, Adidas;1;1433.36;cash;;779
100000110;3-3-2024;0,503796296;Tights type 2, Adidas;1;107.52;cash;;56
100000110;3-3-2024;0,503796296;Tights type 3, Nike;1;436.244;cash;;191
100000110;3-3-2024;0,503796296;Pants type 8, Nike;1;1563.272;cash;;743
100000115;5-22-2022;0,5721875;Type 5 shirt, Nike;1;911.744;non-cash;;419
100000115;5-22-2022;0,5721875;Cap type 6, Reebok;2;406.6;non-cash;;214
100000119;12-27-2022;0,861469907;Tights type 1, Reebok;1;343.98;non-cash;;182
100000119;12-27-2022;0,861469907;Cufflink type 1, Reebok;1;767.97;non-cash;;371
100000134;9-22-2023;0,415671296;Pants type 3, Adidas;1;2170.94;non-cash;ПІБ 1051;1102
100000146;12-26-2023;0,500219907;Ball type 2, Adidas;1;94.5;cash;;45
100000146;12-26-2023;0,500219907;Sneakers type 3, Puma;1;2559.3732;cash;;1965
100000146;12-26-2023;0,500219907;Cap type 8, Adidas;1;261.44;cash;;152
100000146;12-26-2023;0,500219907;Shirt type 6, Nike;1;1552.824;cash;;702
100000146;12-26-2023;0,500219907;Tights type 2, Puma;1;393.43616;cash;;257
100000149;8-10-2024;0,415439815;Type 2 ball, Reebok;1;100.11;cash;;47
100000149;8-10-2024;0,415439815;Cap type 1, Adidas;1;285.18;cash;;175
100000155;11-20-2023;0,69650463;Shoes type 4, Adidas;1;3582.78;non-cash;;1698
100000194;12-6-2022;0,800578704;Cufflink type 2, Reebok;1;432.0;non-cash;;200
100000194;12-6-2022;0,800578704;Belt type 2, Nike;1;536.8;non-cash;;220
100000194;12-6-2022;0,800578704;Запонка тип 6, Puma;1;365.72;non-cash;;205
100000221;7-26-2023;0,562534722;Cap type 6, Nike;1;510.024;cash;;237
100000223;8-3-2024;0,461701389;Pants type 4, Puma;1;1258.22128;cash;ПІБ 280;919
100000224;7-28-2023;0,609872685;Ball type 1, Adidas;2;120.9;non-cash;ПІБ 823;62
100000224;7-28-2023;0,609872685;Cufflink type 3, Puma;1;629.4912;non-cash;ПІБ 823;390
100000224;7-28-2023;0,609872685;T-shirt type 1, Adidas;2;919.8;non-cash;ПІБ 823;438
100000228;3-6-2023;0,747986111;Cap type 2, Adidas;1;630.72;non-cash;;292
100000228;3-6-2023;0,747986111;Type 2 shirt, Reebok;2;986.832;non-cash;;504
100000255;3-30-2022;0,825740741;Туфли тип 2, Puma;1;3234.944;cash;;2032
100000259;2-27-2022;0,379282407;Pants type 3, Adidas;1;2170.94;cash;;1102
100000280;7-28-2022;0,44306713;Cap type 5, Puma;1;234.08;cash;;140
100000280;7-28-2022;0,44306713;Boots type 3, Puma;2;9848.832;cash;;5496
100000280;7-28-2022;0,44306713;T-shirt type 2, Adidas;1;510.84;cash;;258
100000284;5-4-2022;0,69962963;Tights type 6, Reebok;1;691.6;non-cash;;380
100000284;5-4-2022;0,69962963;Cufflink type 3, Puma;1;551.616;non-cash;;390
100000284;5-4-2022;0,69962963;Cufflink type 5, Nike;1;949.648;non-cash;;427
100000284;5-4-2022;0,69962963;Pants type 2, Nike;1;1406.532;non-cash;;597
100000284;5-4-2022;0,69962963;Shirt type 9, Puma;1;669.8;non-cash;;425
100000286;2-8-2022;0,643518519;Cufflink type 6, Reebok;1;347.1468;non-cash;ПІБ 904;221
100000286;2-8-2022;0,643518519;T-shirt type 6, Nike;1;761.2;non-cash;ПІБ 904;346
100000286;2-8-2022;0,643518519;Type 2 shirt, Nike;1;1951.232;non-cash;ПІБ 904;824
100000292;5-25-2022;0,732384259;Shoes type 1, Puma;1;3787.08;cash;;2265
100000294;3-29-2023;0,663090278;Pants type 8, Adidas;2;4254.12;cash;;2106
100000294;3-29-2023;0,663090278;Cufflink type 1, Puma;1;227.88;cash;;135
100000294;3-29-2023;0,663090278;Type 4 shirt, Nike;1;2053.344;cash;;876
100000314;9-20-2022;0,672546296;T-shirt type 5, Nike;2;1136.8;cash;;490
100000314;9-20-2022;0,672546296;Tights type 3, Puma;1;606.464;cash;;368
100000326;9-1-2024;0,571863426;Shirt type 3, Adidas;1;605.6532;non-cash;ПІБ 943;372
100000326;9-1-2024;0,571863426;Shirt type 10, Reebok;1;1125.72;non-cash;ПІБ 943;531
100000360;9-29-2023;0,477106481;Belt type 2, Nike;1;515.328;non-cash;;220
100000367;6-15-2022;0,852210648;Type 4 shirt, Reebok;1;1673.9;cash;;881
100000367;6-15-2022;0,852210648;Shirt type 3, Puma;1;273.6;cash;;152
100000412;3-25-2023;0,530532407;Cufflink type 7, Adidas;1;334.88;non-cash;ПІБ 140;184
100000416;3-16-2024;0,818472222;Cap type 3, Nike;1;357.06;cash;;165
100000419;1-20-2023;0,539803241;Tights type 3, Nike;1;436.244;non-cash;ПІБ 579;191
100000443;7-26-2024;0,748831019;Pants type 4, Adidas;1;1098.39;non-cash;;705
100000445;1-13-2024;0,843206019;Belt type 2, Adidas;1;309.6525;cash;;159
100000448;10-4-2022;0,714212963;Pants type 8, Adidas;2;4254.12;non-cash;;2106
100000448;10-4-2022;0,714212963;Cufflink type 4, Nike;1;386.12;non-cash;;197
100000502;7-31-2023;0,788773148;Shirt type 3, Adidas;2;1495.44;cash;;744
100000508;3-25-2022;0,56712963;T-shirt type 4, Puma;1;234.752;cash;ПІБ 622;131
100000526;9-4-2022;0,417488426;Pants type 6, Puma;1;1241.952;cash;;761
100000535;4-23-2024;0,807951389;Pants type 12, Reebok;1;542.82;cash;;249
100000559;4-24-2023;0,474710648;Cufflink type 1, Reebok;1;714.2121;cash;ПІБ 372;371
100000559;4-24-2023;0,474710648;Pants type 5, Nike;1;2028.288;cash;ПІБ 372;912
100000559;4-24-2023;0,474710648;Cufflink type 1, Adidas;2;990.0456;cash;ПІБ 372;524
100000564;2-4-2023;0,412326389;Tights type 5, Nike;1;506.984;non-cash;;254
100000564;2-4-2023;0,412326389;Shirt type 5, Adidas;1;1433.36;non-cash;;779
100000564;2-4-2023;0,412326389;Pants type 3, Puma;1;412.8;non-cash;;258
100000564;2-4-2023;0,412326389;Shirt type 11, Adidas;1;601.4;non-cash;;310
100000564;2-4-2023;0,412326389;T-shirt type 1, Reebok;1;297.2928;non-cash;;158
100000578;1-11-2024;0,746944444;Sneakers type 4, Reebok;1;2836.62;cash;;1700
100000578;1-11-2024;0,746944444;T-shirt type 3, Puma;1;616.176;cash;;389
100000601;12-1-2023;0,751365741;Tights type 7, Adidas;2;1370.9088;non-cash;;738
100000622;3-24-2023;0,422662037;Belt type 2, Puma;1;234.768;cash;ПІБ 1252;146
100000622;3-24-2023;0,422662037;Tights type 1, Nike;1;515.088;cash;ПІБ 1252;252
100000622;3-24-2023;0,422662037;Tights type 6, Adidas;1;698.4;cash;ПІБ 1252;388
100000622;3-24-2023;0,422662037;Sneakers type 6, Reebok;1;1809.6032;cash;ПІБ 1252;1069
100000622;3-24-2023;0,422662037;Shoes type 4, Adidas;1;3582.78;cash;ПІБ 1252;1698
100000636;6-4-2023;0,727939815;Tights type 6, Adidas;1;698.4;non-cash;;388
100000642;2-8-2024;0,661828704;Cufflink type 6, Puma;1;354.7484;non-cash;;205
100000642;2-8-2024;0,661828704;Type 1 ball, Nike;1;96.26496;non-cash;;48
100000642;2-8-2024;0,661828704;Sneakers type 5, Adidas;2;3144.3714;non-cash;;1566
100000642;2-8-2024;0,661828704;Tights type 3, Nike;2;872.488;non-cash;;382
100000642;2-8-2024;0,661828704;Pants type 6, Puma;1;1130.17632;non-cash;;761
100000660;1-23-2022;0,535532407;Shirt type 7, Nike;1;1383.1104;non-cash;;820
100000660;1-23-2022;0,535532407;T-shirt type 3, Nike;1;535.0;non-cash;;250
100000660;1-23-2022;0,535532407;Pants type 7, Nike;2;5341.488;non-cash;;2598
100000660;1-23-2022;0,535532407;Sneakers type 4, Nike;1;1782.428;non-cash;;893
100000677;11-22-2022;0,609166667;Cap type 7, Puma;1;359.70912;cash;;237
100000679;8-16-2024;0,631493056;Cap type 5, Nike;1;427.07584;non-cash;;229
100000679;8-16-2024;0,631493056;Футболка тип 5, Adidas;1;627.21;non-cash;;303
100000682;9-27-2022;0,741203704;T-shirt type 1, Puma;1;420.784;cash;;238
100000682;9-27-2022;0,741203704;Cufflink type 6, Reebok;1;413.27;cash;;221
100000682;9-27-2022;0,741203704;Shirt type 9, Adidas;1;1818.46;cash;;838
100000682;9-27-2022;0,741203704;Belt type 4, Adidas;2;756.58;cash;;362
100000688;2-9-2023;0,732326389;Pants type 1, Nike;1;2275.036;cash;;937
100000708;1-6-2024;0,415891204;Tights type 5, Puma;1;675.376;cash;;382
100000711;6-17-2023;0,584791667;Запонка тип 6, Adidas;1;356.85;non-cash;;183
100000711;6-17-2023;0,584791667;Boots type 4, Nike;1;6929.088;non-cash;;2868
100000711;6-17-2023;0,584791667;T-shirt type 4, Puma;1;297.344;non-cash;;184
100000721;3-7-2023;0,674872685;Flip flops type 3, Reebok;1;481.14;cash;;243
100000727;1-13-2023;0,489803241;Cap type 5, Adidas;1;322.74;cash;;163
100000727;1-13-2023;0,489803241;T-shirt type 5, Nike;2;1068.592;cash;;490
100000746;1-14-2022;0,381527778;Cap type 5, Adidas;1;322.74;non-cash;;163
100000746;1-14-2022;0,381527778;Sneakers type 1, Nike;2;6628.20072;non-cash;;3774
100000746;1-14-2022;0,381527778;Pants type 9, Adidas;1;428.45;non-cash;;205
100000762;6-3-2024;0,597199074;Shirt type 3, Puma;2;547.2;cash;;304
100000762;6-3-2024;0,597199074;Cap type 3, Reebok;1;277.7016;cash;;157
100000762;6-3-2024;0,597199074;Sneakers type 1, Reebok;1;2316.6;cash;;1053
100000768;10-20-2023;0,460601852;T-shirt type 4, Reebok;1;367.14;cash;;174
100000768;10-20-2023;0,460601852;Штаны тип 11, Nike;1;893.316;cash;;453
100000775;1-3-2024;0,5940625;Flip flops type 1, Adidas;1;391.95;non-cash;;195
100000775;1-3-2024;0,5940625;Cufflink type 5, Nike;1;902.1656;non-cash;;427
100000775;1-3-2024;0,5940625;T-shirt type 2, Adidas;1;510.84;non-cash;;258
100000775;1-3-2024;0,5940625;Сапоги тип 2, Reebok;1;2607.95;non-cash;;1213
100000775;1-3-2024;0,5940625;T-shirt type 4, Adidas;1;290.88;non-cash;;144
100000775;1-3-2024;0,5940625;Cufflink type 4, Adidas;1;1005.6214;non-cash;;493
100000775;1-3-2024;0,5940625;T-shirt type 2, Adidas;1;510.84;non-cash;;258
100000782;12-15-2023;0,747210648;Sneakers type 3, Puma;1;3159.72;cash;;1965
100000782;12-15-2023;0,747210648;Flip flops type 3, Adidas;2;600.98;cash;;302
100000782;12-15-2023;0,747210648;T-shirt type 7, Nike;1;869.584;cash;;391
100000782;12-15-2023;0,747210648;Sneakers type 5, Reebok;1;2002.7136;cash;;1172
100000794;2-25-2024;0,494733796;Cufflink type 3, Nike;1;735.644;cash;;350
100000794;2-25-2024;0,494733796;Майка тип 2, Nike;1;934.78;cash;;385
100000799;7-29-2023;0,404340278;Flip flops type 3, Nike;2;627.072;cash;;276
100000817;8-17-2024;0,697025463;Tights type 1, Nike;2;1030.176;cash;;504
100000817;8-17-2024;0,697025463;Cap type 3, Nike;1;551.1808;cash;;298
100000817;8-17-2024;0,697025463;T-shirt type 3, Puma;1;480.6;cash;;267
100000818;12-19-2022;0,467511574;Flip flops type 2, Nike;1;770.24;cash;;332
100000822;8-26-2023;0,653460648;Cufflink type 2, Nike;2;463.088;non-cash;ПІБ 645;206
100000822;8-26-2023;0,653460648;T-shirt type 3, Adidas;1;158.25;non-cash;ПІБ 645;75
100000830;7-3-2023;0,502013889;Belt type 2, Nike;1;536.8;cash;;220
100000844;7-22-2024;0,449467593;Shirt type 10, Adidas;2;893.8;cash;;410
100000859;5-12-2023;0,59005787;Шапка тип 3, Reebok;1;454.1856;cash;;253
100000881;4-27-2022;0,569768519;Pants type 6, Nike;2;4596.336;cash;;2124
100000881;4-27-2022;0,569768519;Cufflink type 2, Nike;1;231.544;cash;;103
100000881;4-27-2022;0,569768519;Ball type 2, Adidas;1;94.5;cash;;45
100000881;4-27-2022;0,569768519;Pants type 10, Puma;1;1870.2;cash;;1039
100000904;7-9-2023;0,638900463;Pants type 1, Puma;1;722.304;cash;;418
100000927;3-26-2022;0,63369213;Туфли тип 4, Puma;1;3041.776;non-cash;;1802
100000937;4-30-2022;0,697893519;T-shirt type 5, Puma;1;233.09744;cash;;139
100000937;4-30-2022;0,697893519;Sneakers type 5, Adidas;1;1620.81;cash;;783
100000937;4-30-2022;0,697893519;T-shirt type 1, Adidas;1;409.311;cash;;219
100000945;2-7-2023;0,728541667;Shoes type 4, Nike;1;5776.12;non-cash;;2947
100000947;1-13-2023;0,7478125;Shirt type 12, Reebok;1;1021.496;non-cash;;629
100000947;1-13-2023;0,7478125;Pants type 9, Reebok;1;608.16;non-cash;;336
100000954;3-5-2023;0,80400463;Boots type 6, Adidas;1;5889.38;cash;;2714
100000954;3-5-2023;0,80400463;T-shirt type 5, Adidas;1;627.21;cash;;303
100000954;3-5-2023;0,80400463;T-shirt type 5, Puma;1;247.976;cash;;139
100000997;4-20-2023;0,855011574;Шапка тип 6, Adidas;1;487.6;cash;ПІБ 1152;265
100000997;4-20-2023;0,855011574;Shirt type 10, Reebok;2;2251.44;cash;ПІБ 1152;1062
100000997;4-20-2023;0,855011574;Cufflink type 6, Puma;2;731.44;cash;ПІБ 1152;410
100000997;4-20-2023;0,855011574;Cap type 2, Puma;1;286.3224;cash;ПІБ 1152;190
100000997;4-20-2023;0,855011574;Shirt type 7, Puma;1;1076.768;cash;ПІБ 1152;644
100001009;8-24-2024;0,460706019;Flip flops type 3, Adidas;1;279.4557;cash;ПІБ 778;151
100001009;8-24-2024;0,460706019;T-shirt type 1, Nike;1;298.4608;cash;ПІБ 778;139
100001011;5-19-2024;0,605219907;Cufflink type 2, Reebok;1;432.0;non-cash;;200
100001013;4-29-2022;0,697789352;Belt type 2, Puma;1;192.50976;cash;;146
100001019;2-16-2023;0,823946759;Shoes type 2, Puma;1;2943.79904;cash;ПІБ 370;2032
100001019;2-16-2023;0,823946759;T-shirt type 3, Puma;1;616.176;cash;ПІБ 370;389
100001019;2-16-2023;0,823946759;Кроссовки тип 4, Adidas;1;1544.51;cash;ПІБ 370;739
100001019;2-16-2023;0,823946759;Tights type 1, Adidas;1;787.5;cash;ПІБ 370;375
100001019;2-16-2023;0,823946759;T-shirt type 4, Reebok;1;271.6;cash;ПІБ 370;140
100001021;11-29-2023;0,567708333;Tights type 6, Reebok;1;684.684;cash;;380
100001036;5-15-2022;0,395694444;T-shirt type 2, Puma;1;511.68;cash;;390
100001044;1-2-2022;0,591990741;Shoes type 2, Reebok;1;4327.96;non-cash;;2378
100001044;1-2-2022;0,591990741;Cufflink type 5, Puma;1;250.88;non-cash;;140
100001044;1-2-2022;0,591990741;Cufflink type 5, Nike;1;949.648;non-cash;;427
100001046;7-19-2023;0,729849537;Pants type 4, Nike;1;2360.408;non-cash;;1007
100001046;7-19-2023;0,729849537;Sneakers type 2, Reebok;1;1295.84;non-cash;;712
100001046;7-19-2023;0,729849537;Cufflink type 1, Adidas;1;526.62;non-cash;;262
100001046;7-19-2023;0,729849537;Cap type 1, Reebok;1;529.2;non-cash;;245
100001046;7-19-2023;0,729849537;Ball type 1, Adidas;2;120.9;non-cash;;62
100001046;7-19-2023;0,729849537;T-shirt type 1, Nike;2;904.4;non-cash;;380
100001046;7-19-2023;0,729849537;Pants type 9, Puma;1;858.28;non-cash;;499
100001053;3-6-2023;0,690150463;Shirt type 5, Adidas;1;1433.36;cash;ПІБ 778;779
100001065;6-29-2022;0,866423611;T-shirt type 5, Reebok;1;588.7644;non-cash;;323
100001065;6-29-2022;0,866423611;Shoes type 4, Adidas;2;6234.0372;non-cash;;3396
100001065;6-29-2022;0,866423611;Cufflink type 5, Adidas;1;623.3976;non-cash;;342
100001065;6-29-2022;0,866423611;T-shirt type 1, Adidas;1;459.9;non-cash;;219
100001065;6-29-2022;0,866423611;T-shirt type 1, Adidas;1;797.16;non-cash;;364
100001065;6-29-2022;0,866423611;Cufflink type 2, Puma;1;445.28;non-cash;;253
100001079;10-18-2023;0,509606481;Shoes type 2, Nike;1;3792.536;non-cash;;1562
100001085;3-9-2023;0,439837963;Pants type 7, Puma;1;482.232;non-cash;ПІБ 733;283
100001085;3-9-2023;0,439837963;Cufflink type 5, Puma;1;250.88;non-cash;ПІБ 733;140
100001094;1-24-2024;0,658391204;Belt type 4, Reebok;1;392.1612;non-cash;;236
100001108;7-31-2023;0,481793981;Cufflink type 3, Nike;1;782.6;cash;;350
100001108;7-31-2023;0,481793981;Shirt type 8, Puma;1;408.672;cash;;264
100001108;7-31-2023;0,481793981;Shoes type 2, Nike;1;3792.536;cash;;1562
100001108;7-31-2023;0,481793981;Tights type 6, Nike;1;456.042;cash;;255
100001108;7-31-2023;0,481793981;T-shirt type 3, Puma;1;616.176;cash;;389
100001113;2-7-2023;0,722337963;Cap type 6, Puma;1;348.4884;non-cash;;251
100001124;7-28-2023;0,84224537;T-shirt type 3, Nike;1;492.2;cash;;230
100001124;7-28-2023;0,84224537;Boots type 3, Adidas;2;12715.76;cash;;5998
100001139;9-6-2022;0,520659722;Tights type 4, Nike;2;579.576;cash;;246
100001146;12-20-2023;0,850034722;T-shirt type 2, Puma;1;297.92;cash;;200
100001149;7-16-2023;0,415833333;Cap type 2, Adidas;1;278.8;cash;ПІБ 1011;136
100001150;6-10-2022;0,632210648;Pants type 6, Puma;1;1241.952;cash;;761
100001171;5-16-2023;0,650717593;T-shirt type 4, Adidas;1;217.21;cash;;107
100001171;5-16-2023;0,650717593;Tights type 4, Reebok;2;1342.881;cash;;786
100001171;5-16-2023;0,650717593;Pants type 5, Puma;1;2062.90784;cash;;1207
100001171;5-16-2023;0,650717593;Type 2 shirt, Reebok;1;554.4;cash;;252
100001184;9-14-2024;0,619571759;Pants type 11, Nike;1;893.316;cash;;453
100001192;9-10-2024;0,826388889;Tights type 5, Reebok;1;227.55;cash;;111
100001192;9-10-2024;0,826388889;T-shirt type 4, Adidas;1;217.21;cash;;107
100001213;12-19-2023;0,481574074;Shoes type 3, Reebok;1;2500.2;non-cash;;1389
100001220;9-22-2022;0,678009259;Type 3 shoes, Nike;1;6650.368;cash;;3352
100001220;9-22-2022;0,678009259;Sneakers type 3, Puma;1;3159.72;cash;;1965
100001224;11-5-2023;0,559155093;Pants type 5, Reebok;1;2076.68;non-cash;;1076
100001239;6-2-2022;0,667824074;Sneakers type 2, Nike;1;3873.008;cash;;1964
100001243;7-28-2023;0,732893519;Shirt type 11, Adidas;1;601.4;cash;;310
100001243;7-28-2023;0,732893519;Cufflink type 6, Puma;1;365.72;cash;;205
100001243;7-28-2023;0,732893519;Pants type 9, Adidas;1;381.3205;cash;;205
100001282;1-25-2023;0,619965278;Sneakers type 4, Nike;2;3422.26176;non-cash;;1786
100001282;1-25-2023;0,619965278;Pants type 4, Nike;1;2360.408;non-cash;;1007
100001293;7-23-2024;0,822615741;Boots type 3, Adidas;1;6357.88;non-cash;;2999
100001294;6-14-2023;0,589108796;Pants type 11, Reebok;1;1816.84;non-cash;;857
100001344;9-14-2023;0,768333333;Boots type 1, Adidas;1;7074.9763;non-cash;;3593
100001351;7-15-2023;0,599791667;Flip flops type 1, Adidas;1;313.56;cash;;195
100001351;7-15-2023;0,599791667;Cufflink type 5, Nike;2;1823.32416;cash;;854
100001360;5-26-2023;0,682326389;Pants type 3, Reebok;1;1850.97;non-cash;;869
100001360;5-26-2023;0,682326389;Cufflink type 3, Adidas;1;325.0808;non-cash;;187
100001368;1-18-2024;0,39125;Cap type 7, Puma;1;363.57696;non-cash;;237
100001368;1-18-2024;0,39125;T-shirt type 6, Reebok;1;371.05;non-cash;;181
100001368;1-18-2024;0,39125;Shirt type 2, Adidas;1;1007.4;non-cash;;460
100001368;1-18-2024;0,39125;Shirt type 2, Adidas;2;2014.8;non-cash;;920
100001377;6-20-2023;0,794965278;T-shirt type 3, Nike;1;535.0;non-cash;;250
100001388;1-20-2022;0,711261574;Type 4 shirt, Reebok;2;3347.8;cash;;1762
100001388;1-20-2022;0,711261574;Shirt type 10, Puma;1;495.816;cash;;283
100001388;1-20-2022;0,711261574;Boots type 1, Nike;1;6055.728;cash;;2814
100001398;12-4-2023;0,659560185;Type 2 shirt, Reebok;1;554.4;non-cash;;252
100001412;7-13-2022;0,617222222;Cap type 2, Nike;1;541.66;cash;;265
100001428;5-3-2024;0,433993056;Boots type 6, Nike;1;5533.412;non-cash;;2279
100001428;5-3-2024;0,433993056;Шлёпки тип 1, Nike;1;371.68;non-cash;;184
100001428;5-3-2024;0,433993056;Cap type 5, Adidas;1;322.74;non-cash;;163
100001428;5-3-2024;0,433993056;T-shirt type 2, Puma;1;313.6;non-cash;;200
100001436;8-8-2022;0,687002315;Type 1 ball, Nike;1;111.936;non-cash;;48
100001439;7-19-2024;0,570983796;Tights type 4, Puma;1;297.024;cash;;168
100001455;2-5-2022;0,771712963;Cufflink type 1, Adidas;1;526.62;non-cash;;262
100001455;2-5-2022;0,771712963;Шапка тип 1, Reebok;2;991.1;non-cash;;530
100001457;7-23-2024;0,817280093;Boots type 5, Reebok;1;5673.87;cash;ПІБ 1021;2741
100001457;7-23-2024;0,817280093;T-shirt type 4, Puma;1;208.92928;cash;ПІБ 1021;131
100001459;5-21-2023;0,867777778;Cufflink type 5, Nike;1;949.648;cash;;427
100001459;5-21-2023;0,867777778;Cufflink type 4, Reebok;2;1642.48;cash;;838
100001459;5-21-2023;0,867777778;Belt type 1, Nike;1;274.912;cash;;121
100001459;5-21-2023;0,867777778;Cap type 2, Adidas;1;276.012;cash;;136
100001485;5-9-2023;0,430474537;Tights type 2, Reebok;1;399.168;cash;;210
100001485;5-9-2023;0,430474537;Pants type 7, Puma;1;482.232;cash;;283
100001485;5-9-2023;0,430474537;Шапка тип 8, Reebok;2;712.7736;cash;;418
100001485;5-9-2023;0,430474537;Boots type 4, Puma;1;4763.872;cash;;3631
100001496;11-16-2022;0,753275463;Cap type 8, Nike;1;569.64;non-cash;;282
100001496;11-16-2022;0,753275463;Pants type 2, Reebok;1;335.49;non-cash;;159
100001496;11-16-2022;0,753275463;T-shirt type 2, Puma;2;1248.0;non-cash;;780
100001506;6-9-2022;0,647175926;T-shirt type 5, Adidas;1;614.6658;cash;;303
100001511;5-18-2024;0,587731481;T-shirt type 3, Adidas;2;316.5;cash;;150
100001511;5-18-2024;0,587731481;Boots type 1, Reebok;1;4917.9;cash;;2535
100001511;5-18-2024;0,587731481;Boots type 6, Nike;1;5533.412;cash;;2279
100001511;5-18-2024;0,587731481;Shoes type 1, Reebok;1;6119.12;cash;;3122
100001514;2-19-2024;0,822199074;Type 4 shirt, Reebok;1;1673.9;non-cash;;881
100001553;12-3-2022;0,763981481;Cap type 6, Reebok;1;203.3;cash;ПІБ 138;107
100001553;12-3-2022;0,763981481;Shirt type 2, Adidas;1;815.994;cash;ПІБ 138;460
100001569;10-30-2023;0,523738426;Type 5 shirt, Nike;1;756.74752;cash;;419
100001569;10-30-2023;0,523738426;Shirt type 9, Adidas;1;1782.0908;cash;;838
100001570;6-8-2024;0,614444444;T-shirt type 2, Reebok;1;385.2;non-cash;;214
100001571;2-26-2022;0,420266204;Штаны тип 12, Puma;1;296.192;cash;ПІБ 567;178
100001571;2-26-2022;0,420266204;Boots type 4, Puma;2;11619.2;cash;ПІБ 567;7262
100001575;1-16-2024;0,46212963;Cap type 3, Nike;1;339.207;non-cash;;165
100001575;1-16-2024;0,46212963;Type 4 shirt, Nike;1;1868.54304;non-cash;;876
100001575;1-16-2024;0,46212963;Boots type 4, Nike;1;6929.088;non-cash;;2868
100001575;1-16-2024;0,46212963;Flip flops type 1, Nike;1;371.68;non-cash;;184
100001575;1-16-2024;0,46212963;Tights type 2, Adidas;1;107.52;non-cash;;56
100001575;1-16-2024;0,46212963;Sneakers type 1, Reebok;1;2316.6;non-cash;;1053
100001575;1-16-2024;0,46212963;Шапка тип 5, Reebok;1;214.928;non-cash;;112
100001575;1-16-2024;0,46212963;Tights type 2, Reebok;1;340.956;non-cash;;210
100001575;1-16-2024;0,46212963;Boots type 4, Nike;1;6929.088;non-cash;;2868
100001575;1-16-2024;0,46212963;Cap type 4, Nike;1;573.672;non-cash;;246
100001575;1-16-2024;0,46212963;Sneakers type 3, Puma;1;2906.9424;non-cash;;1965
100001579;3-23-2022;0,619178241;Shirt type 8, Adidas;1;649.65;cash;;355
100001610;7-26-2022;0,597546296;T-shirt type 6, Puma;1;181.28;non-cash;ПІБ 197;110
100001611;3-10-2023;0,406342593;Shirt type 10, Puma;2;991.632;non-cash;;566
100001619;8-17-2023;0,732858796;Belt type 4, Puma;1;430.944;cash;ПІБ 1195;268
100001638;10-19-2023;0,670219907;Belt type 3, Reebok;1;714.42;cash;;378
100001707;6-21-2022;0,575520833;Cap type 2, Puma;2;560.0592;cash;;380
100001729;9-8-2023;0,673993056;Cap type 1, Reebok;1;441.0395;non-cash;;265
100001751;12-3-2023;0,537951389;Shoes type 4, Nike;1;5198.508;non-cash;;2947
100001764;1-12-2022;0,716909722;Sneakers type 4, Puma;1;1451.904;cash;;912
100001764;1-12-2022;0,716909722;Shirt type 10, Puma;1;421.4436;cash;;283
100001781;7-22-2023;0,483854167;Sneakers type 3, Puma;1;3159.72;cash;ПІБ 14;1965
100001781;7-22-2023;0,483854167;T-shirt type 3, Nike;1;452.824;cash;ПІБ 14;230
100001781;7-22-2023;0,483854167;Pants type 10, Adidas;1;1137.96;cash;ПІБ 14;580
100001781;7-22-2023;0,483854167;Shirt type 6, Reebok;1;699.6;cash;ПІБ 14;330
100001781;7-22-2023;0,483854167;Cap type 1, Puma;1;470.016;cash;ПІБ 14;288
100001781;7-22-2023;0,483854167;Boots type 2, Adidas;1;6783.45;cash;ПІБ 14;3309
100001781;7-22-2023;0,483854167;Pants type 8, Reebok;1;2439.36;cash;ПІБ 14;1232
100001788;10-23-2022;0,566875;Cufflink type 2, Adidas;1;380.88;cash;;207
100001788;10-23-2022;0,566875;Flip flops type 3, Nike;2;627.072;cash;;276
100001788;10-23-2022;0,566875;T-shirt type 3, Adidas;1;158.25;cash;;75
100001788;10-23-2022;0,566875;Belt type 2, Puma;1;234.768;cash;;146
100001795;8-30-2022;0,873738426;T-shirt type 3, Puma;1;616.176;cash;;389
100001831;9-8-2024;0,849444444;Boots type 5, Nike;2;14893.3548;cash;;7086
100001837;5-23-2023;0,840266204;Pants type 11, Adidas;1;1527.552;non-cash;;884
100001837;5-23-2023;0,840266204;T-shirt type 2, Adidas;2;621.6;non-cash;;336
100001849;1-31-2024;0,571319444;Sneakers type 5, Adidas;1;1620.81;non-cash;;783
100001849;1-31-2024;0,571319444;Tights type 4, Reebok;1;789.93;non-cash;;393
100001865;10-11-2022;0,481608796;Pants type 5, Reebok;2;4028.7592;non-cash;ПІБ 1080;2152
100001865;10-11-2022;0,481608796;Sneakers type 5, Puma;1;928.91608;non-cash;ПІБ 1080;703
100001865;10-11-2022;0,481608796;Cap type 3, Adidas;2;760.42;non-cash;ПІБ 1080;394
100001865;10-11-2022;0,481608796;Pants type 6, Adidas;1;1532.0;non-cash;ПІБ 1080;766
100001890;3-21-2024;0,689513889;Boots type 1, Nike;1;6055.728;non-cash;ПІБ 289;2814
100001892;3-22-2024;0,419837963;Sneakers type 3, Reebok;1;2059.78;cash;ПІБ 1008;1138
100001904;1-22-2024;0,380243056;Type 3 shirt, Reebok;1;516.6;cash;;246
100001934;1-14-2024;0,48244213;T-shirt type 4, Puma;1;297.344;cash;;184
100001955;9-17-2024;0,865833333;Boots type 3, Reebok;2;13372.36;cash;;6788
100001955;9-17-2024;0,865833333;Cufflink type 2, Puma;2;890.56;cash;;506
100001955;9-17-2024;0,865833333;Pants type 10, Puma;1;1870.2;cash;;1039
100001959;7-6-2024;0,81994213;Boots type 5, Puma;1;2273.648;cash;;1286
100001968;4-24-2023;0,641238426;T-shirt type 3, Puma;1;480.6;non-cash;;267
100001968;4-24-2023;0,641238426;Flip flops type 3, Reebok;1;481.14;non-cash;;243
100001976;6-16-2022;0,647905093;Pants type 12, Adidas;1;974.46;non-cash;ПІБ 1112;447
100001999;12-2-2023;0,610416667;Shoes type 2, Reebok;1;4327.96;cash;;2378
100002011;2-5-2022;0,401087963;Shirt type 7, Adidas;1;1271.205;non-cash;ПІБ 811;795
100002011;2-5-2022;0,401087963;Shirt type 7, Nike;2;2897.9456;non-cash;ПІБ 811;1640
100002034;10-19-2022;0,662569444;Boots type 1, Puma;1;5053.4528;non-cash;;3778
100002034;10-19-2022;0,662569444;Shoes type 4, Reebok;1;6167.26;non-cash;;3298
100002034;10-19-2022;0,662569444;Boots type 3, Reebok;1;5415.8058;non-cash;;3394
100002035;7-5-2022;0,592604167;T-shirt type 4, Reebok;2;734.28;non-cash;;348
100002052;8-14-2023;0,3809375;Belt type 2, Adidas;1;325.95;non-cash;;159
100002052;8-14-2023;0,3809375;Shirt type 1, Puma;1;1397.60544;non-cash;;814
100002061;12-7-2022;0,4753125;Belt type 3, Reebok;1;700.1316;non-cash;;378
100002070;3-6-2022;0,487905093;Shirt type 6, Reebok;1;699.6;cash;;330
100002070;3-6-2022;0,487905093;T-shirt type 3, Adidas;1;623.28;cash;;318
100002077;4-26-2023;0,76375;Type 2 shirt, Reebok;1;554.4;non-cash;ПІБ 467;252
100002084;6-12-2022;0,797222222;Cap type 1, Nike;1;464.112;cash;;198
100002084;6-12-2022;0,797222222;Shirt type 2, Puma;1;725.5872;cash;;494
100002088;6-7-2024;0,423240741;Cap type 3, Reebok;1;315.57;cash;;157
100002088;6-7-2024;0,423240741;Shirt type 9, Nike;2;2786.4256;cash;;1480
100002134;6-8-2024;0,85837963;Flip flops type 3, Reebok;1;481.14;cash;;243
100002134;6-8-2024;0,85837963;Cap type 3, Nike;1;603.05664;cash;;298
100002134;6-8-2024;0,85837963;Shoes type 3, Adidas;1;2761.2576;cash;;1608
100002134;6-8-2024;0,85837963;Cap type 3, Reebok;1;428.3796;cash;;253
100002134;6-8-2024;0,85837963;Sneakers type 5, Nike;2;4988.016;cash;;2412
100002134;6-8-2024;0,85837963;Cap type 7, Adidas;1;323.84;cash;;176
100002137;9-17-2024;0,499131944;Cufflink type 3, Nike;1;782.6;cash;;350
100002143;5-31-2023;0,820046296;Cap type 1, Adidas;2;418.6674;cash;;246
100002143;5-31-2023;0,820046296;Flip flops type 2, Puma;1;267.5904;cash;;181
100002144;4-6-2023;0,586377315;Boots type 1, Puma;1;6316.816;cash;ПІБ 605;3778
100002147;5-6-2024;0,830196759;Cap type 1, Puma;1;228.46464;cash;ПІБ 807;134
100002147;5-6-2024;0,830196759;Belt type 4, Reebok;1;378.6384;cash;ПІБ 807;236
100002147;5-6-2024;0,830196759;Sneakers type 1, Puma;1;2891.328;cash;ПІБ 807;1628
100002147;5-6-2024;0,830196759;T-shirt type 6, Puma;1;150.4624;cash;ПІБ 807;110
100002147;5-6-2024;0,830196759;Pants type 11, Nike;2;1786.632;cash;ПІБ 807;906
100002162;8-21-2023;0,452997685;Boots type 5, Adidas;1;2688.6726;cash;ПІБ 52;1563
100002162;8-21-2023;0,452997685;Pants type 11, Nike;1;893.316;cash;ПІБ 52;453
100002162;8-21-2023;0,452997685;Tights type 6, Reebok;1;580.944;cash;ПІБ 52;380
100002162;8-21-2023;0,452997685;Tights type 5, Reebok;2;455.1;cash;ПІБ 52;222
100002164;1-16-2024;0,407083333;Type 5 shirt, Nike;1;911.744;cash;;419
100002165;8-24-2022;0,552615741;Shirt type 9, Adidas;1;1818.46;cash;;838
100002165;8-24-2022;0,552615741;Cap type 3, Reebok;1;315.57;cash;;157
100002172;5-15-2023;0,494039352;Shirt type 9, Adidas;2;3636.92;cash;;1676
100002172;5-15-2023;0,494039352;Boots type 4, Puma;2;11619.2;cash;;7262
100002172;5-15-2023;0,494039352;Belt type 1, Puma;1;310.184;cash;;191
100002172;5-15-2023;0,494039352;Cap type 3, Nike;1;289.2186;cash;;165
100002172;5-15-2023;0,494039352;Flip flops type 3, Reebok;1;481.14;cash;;243
100002172;5-15-2023;0,494039352;Sneakers type 6, Adidas;1;2545.92;cash;;1224
100002193;9-28-2022;0,690636574;Tights type 1, Nike;1;499.63536;cash;;252
100002193;9-28-2022;0,690636574;Pants type 11, Puma;1;533.92752;cash;;329
100002193;9-28-2022;0,690636574;Flip flops type 2, Reebok;1;468.7;cash;;218
100002193;9-28-2022;0,690636574;Belt type 1, Puma;2;620.368;cash;;382
100002193;9-28-2022;0,690636574;Belt type 4, Adidas;1;398.2;cash;;181
100002193;9-28-2022;0,690636574;Belt type 1, Reebok;1;534.0756;cash;;298
100002196;7-7-2023;0,472453704;Sneakers type 3, Reebok;1;1997.9866;non-cash;ПІБ 563;1138
100002201;10-9-2022;0,572210648;Sneakers type 5, Nike;1;2494.008;cash;ПІБ 942;1206
100002203;8-2-2022;0,788229167;Pants type 9, Reebok;1;577.752;non-cash;;336
100002203;8-2-2022;0,788229167;Flip flops type 2, Reebok;1;468.7;non-cash;;218
100002211;4-15-2023;0,720081019;T-shirt type 2, Adidas;1;439.3224;non-cash;;258
100002211;4-15-2023;0,720081019;Cufflink type 4, Adidas;1;1069.81;non-cash;;493
100002211;4-15-2023;0,720081019;Cap type 4, Nike;1;573.672;non-cash;;246
100002218;10-2-2022;0,690636574;Flip flops type 2, Puma;2;586.1504;non-cash;;362
100002248;1-30-2023;0,797777778;Tights type 5, Reebok;1;207.0705;cash;;111
100002249;3-2-2024;0,643819444;Shirt type 6, Nike;1;1552.824;cash;;702
100002249;3-2-2024;0,643819444;Shoes type 1, Nike;1;3176.892;cash;;1611
100002249;3-2-2024;0,643819444;Cufflink type 5, Adidas;1;670.32;cash;;342
100002249;3-2-2024;0,643819444;Belt type 2, Reebok;1;423.3504;cash;;209
100002273;8-1-2024;0,721701389;Tights type 6, Adidas;1;698.4;cash;;388
100002273;8-1-2024;0,721701389;Pants type 1, Nike;1;2275.036;cash;;937
100002296;3-29-2022;0,851747685;Flip flops type 3, Reebok;2;962.28;cash;;486
100002302;9-28-2023;0,797060185;Shirt type 11, Puma;1;734.72;cash;;410
100002306;1-11-2024;0,839363426;Type 3 shirt, Reebok;1;516.6;cash;;246
100002306;1-11-2024;0,839363426;Shirt type 11, Adidas;1;601.4;cash;;310
100002306;1-11-2024;0,839363426;Cap type 8, Adidas;2;535.952;cash;;304
100002341;6-1-2023;0,468761574;Shirt type 6, Puma;1;529.6896;non-cash;;330
100002384;6-16-2023;0,864456019;Tights type 1, Reebok;1;343.98;non-cash;;182
100002384;6-16-2023;0,864456019;Belt type 1, Reebok;1;540.2144;non-cash;;298
100002392;1-23-2023;0,552222222;Cap type 7, Puma;1;386.784;non-cash;ПІБ 282;237
100002392;1-23-2023;0,552222222;Shoes type 1, Adidas;1;3712.5;non-cash;ПІБ 282;1875
100002392;1-23-2023;0,552222222;T-shirt type 6, Puma;1;181.28;non-cash;ПІБ 282;110
100002392;1-23-2023;0,552222222;Sneakers type 4, Reebok;1;3502.0;non-cash;ПІБ 282;1700
100002393;10-7-2023;0,682523148;T-shirt type 1, Adidas;1;781.2168;cash;;364
100002393;10-7-2023;0,682523148;Boots type 1, Reebok;1;4622.826;cash;;2535
100002394;2-23-2022;0,573287037;T-shirt type 1, Adidas;1;781.2168;cash;;364
100002394;2-23-2022;0,573287037;Sneakers type 6, Adidas;1;2545.92;cash;;1224
100002402;7-25-2023;0,395462963;Shirt type 11, Nike;2;2339.1864;cash;ПІБ 1004;1318
100002402;7-25-2023;0,395462963;Pants type 5, Nike;1;2028.288;cash;ПІБ 1004;912
100002426;8-7-2022;0,438923611;Shoes type 2, Reebok;1;4327.96;cash;ПІБ 628;2378
100002431;9-18-2022;0,57837963;Belt type 3, Puma;1;593.712;cash;;342
100002431;9-18-2022;0,57837963;Sneakers type 5, Nike;1;2494.008;cash;;1206
100002433;9-26-2022;0,74712963;Cap type 5, Adidas;1;322.74;cash;;163
100002443;6-15-2023;0,6346875;T-shirt type 7, Puma;1;201.552;non-cash;;114
100002443;6-15-2023;0,6346875;Sneakers type 5, Reebok;1;2070.2208;non-cash;;1172
100002443;6-15-2023;0,6346875;Pants type 4, Nike;1;2360.408;non-cash;;1007
100002443;6-15-2023;0,6346875;Shoes type 4, Reebok;1;5858.897;non-cash;;3298
100002494;1-4-2023;0,480023148;Belt type 4, Nike;1;629.392;non-cash;;283
100002494;1-4-2023;0,480023148;Tights type 5, Puma;1;675.376;non-cash;;382
100002496;2-28-2024;0,680625;Tights type 7, Puma;1;565.76;cash;;320
100002496;2-28-2024;0,680625;Sneakers type 5, Reebok;1;2250.24;cash;;1172
100002496;2-28-2024;0,680625;T-shirt type 1, Puma;1;210.3264;cash;;134
100002496;2-28-2024;0,680625;Boots type 6, Reebok;1;6134.52;cash;;2814
100002509;11-8-2023;0,85181713;Pants type 6, Adidas;1;1532.0;non-cash;;766
100002531;12-3-2023;0,490219907;Boots type 2, Nike;1;4806.50112;cash;;2727
100002536;4-3-2023;0,592037037;Cap type 7, Puma;1;317.16288;cash;;237
100002545;3-30-2022;0,600127315;Cufflink type 1, Puma;1;216.486;non-cash;;135
100002545;3-30-2022;0,600127315;Boots type 1, Puma;1;6064.14336;non-cash;;3778
100002545;3-30-2022;0,600127315;Boots type 2, Reebok;1;2399.314;non-cash;;1213
100002585;12-29-2022;0,831099537;Shirt type 8, Nike;2;2345.776;cash;;1084
100002585;12-29-2022;0,831099537;Shirt type 2, Adidas;1;1007.4;cash;;460
100002585;12-29-2022;0,831099537;Pants type 9, Adidas;1;428.45;cash;;205
100002585;12-29-2022;0,831099537;Pants type 8, Adidas;1;2105.7894;cash;;1053
100002585;12-29-2022;0,831099537;Pants type 11, Puma;1;544.824;cash;;329
100002586;8-5-2024;0,775381944;Belt type 4, Puma;1;430.944;cash;;268
100002586;8-5-2024;0,775381944;Flip flops type 3, Nike;1;313.536;cash;;138
100002592;1-14-2023;0,855555556;Pants type 11, Adidas;1;1697.28;cash;;884
100002592;1-14-2023;0,855555556;Shirt type 12, Reebok;2;2553.74;cash;;1258
100002592;1-14-2023;0,855555556;T-shirt type 2, Nike;2;741.55392;cash;;432
100002641;6-14-2023;0,791331019;Cufflink type 3, Nike;1;782.6;non-cash;;350
100002654;11-16-2023;0,652337963;T-shirt type 5, Nike;1;568.4;cash;;245
100002654;11-16-2023;0,652337963;Ball type 1, Adidas;1;57.4275;cash;;31
100002654;11-16-2023;0,652337963;Boots type 3, Nike;1;7087.68;cash;;3312
100002654;11-16-2023;0,652337963;Belt type 3, Puma;1;593.712;cash;;342
100002654;11-16-2023;0,652337963;Cufflink type 3, Nike;1;782.6;cash;;350
100002654;11-16-2023;0,652337963;Cap type 2, Puma;1;314.64;cash;;190
100002654;11-16-2023;0,652337963;Shirt type 7, Adidas;1;1550.25;cash;;795
100002654;11-16-2023;0,652337963;Sneakers type 4, Nike;1;1497.23952;cash;;893
100002681;5-17-2024;0,868819444;Pants type 3, Nike;1;1490.43216;cash;;714
100002681;5-17-2024;0,868819444;Sneakers type 4, Adidas;1;1544.51;cash;;739
100002682;9-10-2024;0,520081019;Type 3 shirt, Reebok;2;1033.2;cash;ПІБ 286;492
100002688;9-3-2024;0,860729167;Flip flops type 2, Adidas;1;698.92;non-cash;;346
100002705;10-27-2023;0,722256944;Flip flops type 2, Puma;1;318.56;cash;;181
100002705;10-27-2023;0,722256944;Belt type 3, Adidas;1;365.4;cash;;203
100002705;10-27-2023;0,722256944;Tights type 5, Nike;1;506.984;cash;;254
100002705;10-27-2023;0,722256944;Shirt type 6, Adidas;1;1333.2;cash;;606
100002705;10-27-2023;0,722256944;Tights type 5, Reebok;1;227.55;cash;;111
100002705;10-27-2023;0,722256944;Belt type 2, Adidas;1;325.95;cash;;159
100002712;3-15-2023;0,766724537;Cap type 4, Nike;1;573.672;non-cash;;246
100002712;3-15-2023;0,766724537;Sneakers type 6, Nike;1;4692.12;non-cash;;1923
100002717;6-29-2022;0,524386574;T-shirt type 5, Nike;1;568.4;cash;;245
100002734;7-10-2022;0,757106481;Cap type 3, Nike;1;357.06;cash;;165
100002734;7-10-2022;0,757106481;Shirt type 11, Puma;2;1469.44;cash;;820
100002737;12-6-2022;0,736006944;T-shirt type 4, Puma;1;291.39712;non-cash;ПІБ 769;184
100002775;4-14-2023;0,715555556;Ball type 1, Puma;1;66.86328;cash;;43
100002783;6-10-2022;0,873078704;Boots type 4, Puma;1;5809.6;cash;;3631
100002789;10-21-2023;0,778726852;Boots type 2, Adidas;1;6783.45;non-cash;;3309
100002831;9-28-2024;0,774236111;T-shirt type 1, Puma;1;233.696;cash;;134
100002831;9-28-2024;0,774236111;Shoes type 1, Puma;1;3787.08;cash;;2265
100002831;9-28-2024;0,774236111;Belt type 1, Reebok;1;613.88;cash;;298
100002831;9-28-2024;0,774236111;Cap type 2, Adidas;1;278.8;cash;;136
100002838;1-21-2022;0,730578704;Pants type 4, Adidas;1;1326.105;non-cash;ПІБ 149;705
100002840;4-1-2024;0,5978125;Boots type 2, Puma;1;1927.072;non-cash;;1229
100002840;4-1-2024;0,5978125;Pants type 7, Puma;1;482.232;non-cash;;283
100002851;6-28-2022;0,533842593;Shoes type 4, Nike;1;5776.12;cash;ПІБ 374;2947
100002871;5-5-2024;0,615717593;Boots type 1, Nike;1;6055.728;non-cash;;2814
100002904;5-15-2022;0,556828704;Cap type 1, Nike;2;782.88896;cash;;448
100002911;9-15-2022;0,745659722;T-shirt type 2, Puma;1;288.512;cash;;200
100002915;1-1-2022;0,65619213;Cap type 7, Nike;1;393.76896;non-cash;;208
100002915;1-1-2022;0,65619213;Shirt type 3, Puma;1;238.032;non-cash;;152
100002932;2-13-2022;0,521875;Sneakers type 2, Puma;1;1579.056;cash;ПІБ 520;982
100002945;7-14-2024;0,5240625;Belt type 2, Reebok;1;396.891;non-cash;;209
100002945;7-14-2024;0,5240625;Cap type 7, Adidas;1;304.4096;non-cash;;176
100002948;5-18-2024;0,443854167;Pants type 5, Reebok;1;1661.344;cash;;1076
100002951;6-11-2022;0,641944444;Cap type 5, Reebok;1;226.24;cash;ПІБ 572;112
100002958;12-19-2023;0,738449074;Tights type 1, Nike;2;1030.176;cash;;504
100002958;12-19-2023;0,738449074;Tights type 2, Reebok;1;415.8;cash;;210
100002958;12-19-2023;0,738449074;Type 3 shirt, Reebok;2;991.872;cash;;492
100002987;4-7-2023;0,824733796;Pants type 8, Nike;1;1563.272;cash;ПІБ 601;743
100002987;4-7-2023;0,824733796;Shoes type 1, Reebok;1;6119.12;cash;ПІБ 601;3122
100002987;4-7-2023;0,824733796;Tights type 2, Puma;1;427.648;cash;ПІБ 601;257
100003011;8-12-2024;0,409409722;T-shirt type 3, Nike;1;535.0;non-cash;;250
100003022;12-28-2023;0,499976852;Cap type 5, Adidas;1;322.74;cash;;163
100003022;12-28-2023;0,499976852;Flip flops type 1, Adidas;1;364.5135;cash;;195
100003022;12-28-2023;0,499976852;Cap type 1, Puma;1;237.984;cash;;134
100003022;12-28-2023;0,499976852;Pants type 5, Reebok;1;2055.9132;cash;;1076
100003033;7-15-2024;0,592615741;Pants type 1, Adidas;1;1502.3232;cash;;828
100003045;1-15-2022;0,450173611;T-shirt type 4, Adidas;1;244.3392;cash;;144
100003045;1-15-2022;0,450173611;Cap type 6, Nike;1;510.024;cash;;237
100003045;1-15-2022;0,450173611;Flip flops type 1, Adidas;1;384.111;cash;;195
100003058;8-9-2022;0,528414352;Belt type 3, Adidas;1;306.936;non-cash;;203
100003061;2-16-2024;0,490358796;Boots type 5, Adidas;1;2860.29;cash;;1563
100003063;11-24-2023;0,697280093;Shoes type 1, Adidas;1;3378.375;non-cash;;1875
100003063;11-24-2023;0,697280093;Pants type 12, Adidas;1;799.0572;non-cash;;447
100003063;11-24-2023;0,697280093;Cap type 7, Reebok;1;374.4;non-cash;;195
100003068;6-24-2023;0,625891204;Shirt type 2, Puma;1;853.632;cash;;494
100003068;6-24-2023;0,625891204;Sneakers type 3, Adidas;1;3046.7844;cash;;1637
100003069;8-17-2023;0,690300926;T-shirt type 4, Puma;1;297.344;cash;;184
100003071;6-30-2023;0,851053241;Shirt type 6, Puma;1;551.76;non-cash;;330
100003083;10-31-2022;0,839861111;Sneakers type 1, Reebok;2;4633.2;non-cash;;2106
100003083;10-31-2022;0,839861111;Tights type 6, Nike;1;439.9464;non-cash;;255
100003104;6-15-2023;0,52275463;Belt type 4, Reebok;1;450.76;cash;ПІБ 801;236
100003110;3-12-2022;0,800717593;Pants type 6, Adidas;1;1455.4;cash;;766
100003126;8-27-2022;0,763645833;T-shirt type 5, Nike;1;568.4;non-cash;;245
100003129;10-4-2022;0,628981481;Shirt type 3, Adidas;1;747.72;cash;;372
100003129;10-4-2022;0,628981481;Tights type 5, Adidas;1;736.32;cash;;354
100003131;11-17-2023;0,563333333;Belt type 4, Puma;1;413.70624;cash;;268
100003145;3-31-2022;0,602615741;Type 3 shoes, Nike;1;6650.368;cash;;3352
100003165;12-20-2022;0,803078704;Cap type 2, Puma;1;380.16;cash;;220
100003165;12-20-2022;0,803078704;Pants type 10, Reebok;1;340.0056;cash;;162
100003165;12-20-2022;0,803078704;Type 2 shirt, Nike;1;1951.232;cash;;824
100003165;12-20-2022;0,803078704;Shirt type 7, Reebok;1;1310.26;cash;;686
100003165;12-20-2022;0,803078704;Cap type 3, Puma;1;388.44;cash;;249
100003165;12-20-2022;0,803078704;Tights type 2, Nike;1;231.34;cash;;125
100003165;12-20-2022;0,803078704;Pants type 11, Reebok;1;1816.84;cash;;857
100003183;10-25-2022;0,844988426;Boots type 1, Reebok;1;4917.9;non-cash;;2535
100003190;9-16-2022;0,480844907;Cap type 4, Puma;1;419.45112;non-cash;;251
100003190;9-16-2022;0,480844907;Cufflink type 6, Nike;1;615.048;non-cash;;294
100003190;9-16-2022;0,480844907;Shoes type 1, Nike;1;2922.74064;non-cash;;1611
100003205;9-28-2024;0,795081019;Sneakers type 3, Reebok;2;3419.2348;cash;ПІБ 685;2276
100003209;2-4-2024;0,433263889;Boots type 2, Reebok;1;2321.0755;cash;ПІБ 1125;1213
100003209;2-4-2024;0,433263889;Type 4 shirt, Nike;2;4106.688;cash;ПІБ 1125;1752
100003209;2-4-2024;0,433263889;Cap type 8, Reebok;1;364.5796;cash;ПІБ 1125;209
100003228;6-9-2023;0,452546296;Pants type 8, Adidas;1;2127.06;cash;;1053
100003228;6-9-2023;0,452546296;Tights type 6, Reebok;1;691.6;cash;;380
100003229;9-14-2022;0,57755787;Pants type 1, Puma;2;1386.82368;cash;;836
100003234;10-13-2023;0,778761574;Sneakers type 1, Nike;1;3992.892;non-cash;;1887
100003256;12-24-2023;0,671377315;Tights type 1, Adidas;1;787.5;non-cash;;375
100003256;12-24-2023;0,671377315;T-shirt type 2, Puma;2;1248.0;non-cash;;780
100003258;9-26-2024;0,689479167;Cufflink type 2, Puma;1;445.28;cash;;253
100003273;9-30-2022;0,739097222;Cufflink type 1, Nike;1;495.824;cash;ПІБ 511;233
100003273;9-30-2022;0,739097222;Pants type 3, Nike;1;1536.528;cash;ПІБ 511;714
100003295;2-15-2023;0,499398148;Tights type 5, Nike;2;1013.968;cash;;508
100003311;3-31-2022;0,532395833;Shirt type 1, Reebok;1;1113.4944;cash;;738
100003321;8-21-2023;0,823611111;Tights type 6, Reebok;1;691.6;cash;ПІБ 856;380
100003348;3-24-2022;0,38162037;Flip flops type 3, Nike;2;627.072;cash;;276
100003348;3-24-2022;0,38162037;Cufflink type 1, Puma;1;227.88;cash;;135
100003348;3-24-2022;0,38162037;Shirt type 7, Adidas;2;2573.415;cash;;1590
100003351;5-22-2022;0,757094907;Shirt type 5, Puma;1;1044.96;non-cash;ПІБ 157;622
100003351;5-22-2022;0,757094907;Sneakers type 6, Puma;1;2577.472;non-cash;ПІБ 157;1564
100003359;6-17-2024;0,760729167;Tights type 4, Puma;1;297.024;non-cash;;168
100003360;6-8-2022;0,810891204;Belt type 2, Puma;1;234.768;cash;;146
100003371;7-7-2023;0,377523148;Pants type 10, Adidas;1;1226.468;non-cash;;580
100003371;7-7-2023;0,377523148;Shirt type 2, Adidas;1;997.326;non-cash;;460
100003371;7-7-2023;0,377523148;Shirt type 8, Puma;1;475.2;non-cash;;264
100003371;7-7-2023;0,377523148;Boots type 6, Nike;1;5533.412;non-cash;;2279
100003385;8-27-2024;0,711956019;Shirt type 8, Puma;1;475.2;cash;;264
100003394;10-25-2022;0,414016204;Cap type 7, Puma;1;332.63424;cash;;237
100003394;10-25-2022;0,414016204;Cufflink type 4, Reebok;1;821.24;cash;;419
100003397;3-26-2023;0,500868056;Belt type 3, Reebok;1;614.4012;cash;ПІБ 641;378
100003397;3-26-2023;0,500868056;T-shirt type 1, Nike;1;339.16;cash;ПІБ 641;139
100003397;3-26-2023;0,500868056;Ball type 1, Adidas;1;60.45;cash;ПІБ 641;31
100003410;9-22-2024;0,785347222;Sneakers type 5, Puma;1;1085.60072;cash;;703
100003410;9-22-2024;0,785347222;Sneakers type 4, Adidas;1;1544.51;cash;;739
100003416;3-19-2023;0,650104167;T-shirt type 2, Adidas;1;310.8;cash;;168
100003421;9-11-2023;0,842673611;Type 1 ball, Reebok;1;88.1156;cash;;43
100003421;9-11-2023;0,842673611;Cap type 7, Puma;1;386.784;cash;;237
100003421;9-11-2023;0,842673611;Cufflink type 3, Reebok;1;719.44;cash;;391
100003421;9-11-2023;0,842673611;Sneakers type 5, Nike;1;2494.008;cash;;1206
100003421;9-11-2023;0,842673611;Cap type 1, Reebok;1;529.2;cash;;245
100003421;9-11-2023;0,842673611;Cap type 2, Puma;1;305.2008;cash;;190
100003421;9-11-2023;0,842673611;Pants type 9, Adidas;1;428.45;cash;;205
100003421;9-11-2023;0,842673611;Cap type 4, Nike;1;573.672;cash;;246
100003433;3-24-2022;0,568020833;Cufflink type 7, Nike;1;581.616;non-cash;ПІБ 127;252
100003433;3-24-2022;0,568020833;Sneakers type 5, Puma;1;1119.176;non-cash;ПІБ 127;703
100003433;3-24-2022;0,568020833;Cap type 4, Reebok;1;229.4;non-cash;ПІБ 127;124
100003437;4-26-2024;0,685104167;Pants type 12, Reebok;1;542.82;cash;;249
100003437;4-26-2024;0,685104167;Sneakers type 2, Reebok;1;1256.9648;cash;;712
100003437;4-26-2024;0,685104167;Cap type 4, Nike;1;573.672;cash;;246
100003443;5-9-2022;0,872858796;T-shirt type 6, Adidas;1;331.15;cash;;179
100003464;7-20-2022;0,384236111;Type 5 shirt, Nike;1;765.86496;non-cash;;419
100003464;7-20-2022;0,384236111;Shoes type 3, Adidas;1;3340.7808;non-cash;;1608
100003466;12-30-2023;0,653321759;Tights type 2, Puma;2;855.296;non-cash;;514
100003466;12-30-2023;0,653321759;Belt type 2, Nike;1;536.8;non-cash;;220
100003466;12-30-2023;0,653321759;Type 3 shoes, Nike;1;6650.368;non-cash;;3352
100003471;6-27-2024;0,598483796;Pants type 1, Nike;1;2275.036;non-cash;;937
100003471;6-27-2024;0,598483796;Cufflink type 1, Adidas;1;526.62;non-cash;;262
100003523;7-12-2024;0,463194444;Flip flops type 2, Adidas;1;684.9416;cash;;346
100003536;8-9-2024;0,787361111;Cap type 2, Adidas;1;278.8;cash;;136
100003536;8-9-2024;0,787361111;Shoes type 4, Reebok;1;6167.26;cash;;3298
100003537;3-14-2023;0,405011574;Sneakers type 4, Reebok;1;3502.0;cash;ПІБ 5;1700
100003537;3-14-2023;0,405011574;Cufflink type 2, Nike;2;463.088;cash;ПІБ 5;206
100003537;3-14-2023;0,405011574;Shirt type 6, Puma;1;551.76;cash;ПІБ 5;330
100003549;4-28-2023;0,524664352;Cap type 1, Adidas;1;225.09;cash;;123
100003549;4-28-2023;0,524664352;Shirt type 8, Adidas;2;1299.3;cash;;710
100003549;4-28-2023;0,524664352;Tights type 1, Adidas;2;1575.0;cash;;750
100003549;4-28-2023;0,524664352;Shoes type 4, Nike;1;5776.12;cash;;2947
100003580;12-21-2022;0,826180556;T-shirt type 1, Reebok;1;309.68;non-cash;ПІБ 1165;158
100003580;12-21-2022;0,826180556;T-shirt type 3, Adidas;1;623.28;non-cash;ПІБ 1165;318
100003599;6-23-2024;0,834907407;Flip flops type 1, Puma;1;294.84;non-cash;;189
100003599;6-23-2024;0,834907407;Type 3 shoes, Nike;1;6650.368;non-cash;;3352
100003599;6-23-2024;0,834907407;Belt type 4, Reebok;1;410.1916;non-cash;;236
100003599;6-23-2024;0,834907407;Cufflink type 5, Nike;2;1899.296;non-cash;;854
100003599;6-23-2024;0,834907407;Type 4 shirt, Nike;1;2053.344;non-cash;;876
100003599;6-23-2024;0,834907407;Shirt type 8, Puma;1;475.2;non-cash;;264
100003599;6-23-2024;0,834907407;Pants type 6, Adidas;1;1302.2;non-cash;;766
100003629;8-1-2022;0,608310185;Tights type 2, Reebok;1;415.8;cash;;210
100003630;8-18-2023;0,565;Cap type 1, Nike;1;455.168;non-cash;;224
100003630;8-18-2023;0,565;Shirt type 11, Adidas;1;601.4;non-cash;;310
100003646;6-1-2024;0,510520833;Pants type 5, Reebok;1;1765.178;cash;ПІБ 1271;1076
100003646;6-1-2024;0,510520833;Type 2 shirt, Reebok;1;554.4;cash;ПІБ 1271;252
100003646;6-1-2024;0,510520833;T-shirt type 4, Puma;1;297.344;cash;ПІБ 1271;184
100003646;6-1-2024;0,510520833;Sneakers type 3, Nike;2;5302.352;cash;ПІБ 1271;2564
100003656;2-26-2022;0,707696759;Tights type 4, Adidas;1;688.2;cash;;370
100003656;2-26-2022;0,707696759;Shoes type 2, Nike;1;3792.536;cash;;1562
100003663;1-22-2022;0,740983796;Pants type 11, Adidas;1;1697.28;non-cash;;884
100003667;4-6-2024;0,6228125;Cap type 1, Adidas;1;339.5;non-cash;;175
100003667;4-6-2024;0,6228125;Cufflink type 7, Reebok;1;435.744;non-cash;;267
100003667;4-6-2024;0,6228125;Sneakers type 6, Nike;1;4692.12;non-cash;;1923
100003667;4-6-2024;0,6228125;Shirt type 10, Puma;1;451.19256;non-cash;;283
100003685;5-21-2023;0,551701389;Belt type 4, Puma;2;706.74816;cash;;536
100003692;3-21-2024;0,404583333;Cufflink type 5, Nike;1;921.15856;non-cash;;427
100003695;3-14-2022;0,532256944;Cufflink type 5, Puma;1;250.88;cash;ПІБ 121;140
100003697;1-6-2024;0,799710648;T-shirt type 5, Reebok;1;700.91;cash;;323
100003712;1-2-2022;0,417175926;Shirt type 9, Nike;1;1699.04;cash;;740
100003743;5-16-2024;0,426099537;Pants type 8, Nike;1;1563.272;cash;;743
100003743;5-16-2024;0,426099537;Cap type 3, Reebok;2;631.14;cash;;314
100003744;9-23-2022;0,431319444;Cap type 1, Adidas;1;225.09;cash;ПІБ 935;123
100003753;5-6-2024;0,59130787;Shoes type 1, Puma;1;3787.08;cash;ПІБ 1272;2265
100003753;5-6-2024;0,59130787;Sneakers type 4, Reebok;1;3502.0;cash;ПІБ 1272;1700
100003753;5-6-2024;0,59130787;Boots type 6, Adidas;1;5889.38;cash;ПІБ 1272;2714
100003753;5-6-2024;0,59130787;Boots type 4, Adidas;1;7128.99;cash;ПІБ 1272;3411
100003767;6-18-2022;0,825798611;T-shirt type 1, Nike;2;886.312;non-cash;;380
100003767;6-18-2022;0,825798611;Cap type 5, Adidas;1;274.329;non-cash;;163
100003767;6-18-2022;0,825798611;Cufflink type 2, Adidas;1;380.88;non-cash;;207
100003767;6-18-2022;0,825798611;Pants type 3, Reebok;1;1721.4021;non-cash;;869
100003769;10-5-2023;0,70474537;Shirt type 2, Puma;1;717.05088;cash;;494
100003769;10-5-2023;0,70474537;Cap type 5, Nike;1;454.336;cash;;229
100003769;10-5-2023;0,70474537;Boots type 4, Puma;2;11619.2;cash;;7262
100003772;12-12-2022;0,451516204;Pants type 6, Adidas;1;1532.0;non-cash;;766
100003772;12-12-2022;0,451516204;Boots type 1, Adidas;1;7293.79;non-cash;;3593
100003772;12-12-2022;0,451516204;Shirt type 7, Reebok;2;2620.52;non-cash;;1372
100003772;12-12-2022;0,451516204;Boots type 1, Nike;1;6055.728;non-cash;;2814
100003772;12-12-2022;0,451516204;Type 2 ball, Nike;1;83.62;non-cash;;37
100003772;12-12-2022;0,451516204;Cap type 8, Reebok;1;409.64;non-cash;;209
100003772;12-12-2022;0,451516204;Shirt type 11, Nike;1;1299.548;non-cash;;659
100003774;6-9-2024;0,607349537;Cap type 6, Puma;2;696.9768;non-cash;;502
100003774;6-9-2024;0,607349537;Tights type 2, Reebok;1;415.8;non-cash;;210
100003795;4-3-2024;0,747037037;Pants type 3, Reebok;1;1850.97;cash;;869
100003795;4-3-2024;0,747037037;Pants type 6, Nike;1;2298.168;cash;;1062
100003795;4-3-2024;0,747037037;Cufflink type 1, Puma;1;227.88;cash;;135
100003799;7-19-2024;0,769837963;Belt type 2, Adidas;1;325.95;cash;;159
100003799;7-19-2024;0,769837963;Belt type 1, Reebok;1;613.88;cash;;298
100003847;5-6-2024;0,384456019;Cap type 1, Adidas;1;285.18;cash;;175
100003847;5-6-2024;0,384456019;T-shirt type 4, Puma;1;234.752;cash;;131
100003848;9-23-2023;0,379467593;Shirt type 9, Puma;1;669.8;cash;;425
100003848;9-23-2023;0,379467593;Shirt type 1, Puma;1;1240.73136;cash;;814
100003848;9-23-2023;0,379467593;Flip flops type 1, Nike;2;669.024;cash;;368
100003850;10-6-2022;0,602280093;Tights type 4, Reebok;1;789.93;non-cash;;393
100003854;6-14-2022;0,393865741;Boots type 6, Reebok;1;6134.52;cash;;2814
100003854;6-14-2022;0,393865741;Boots type 3, Adidas;2;12715.76;cash;;5998
100003854;6-14-2022;0,393865741;T-shirt type 4, Reebok;1;367.14;cash;;174
100003855;10-3-2022;0,545902778;Pants type 2, Nike;1;1406.532;non-cash;ПІБ 306;597
100003855;10-3-2022;0,545902778;Pants type 12, Adidas;1;974.46;non-cash;ПІБ 306;447
100003855;10-3-2022;0,545902778;Cufflink type 4, Puma;2;1576.08;non-cash;ПІБ 306;990
100003855;10-3-2022;0,545902778;Shirt type 8, Reebok;1;1187.93;non-cash;ПІБ 306;563
100003860;3-25-2024;0,491886574;Sneakers type 4, Reebok;1;3502.0;cash;;1700
100003864;6-26-2022;0,474918981;Sneakers type 3, Puma;1;3159.72;cash;ПІБ 1069;1965
100003864;6-26-2022;0,474918981;Belt type 4, Adidas;1;398.2;cash;ПІБ 1069;181
100003865;7-30-2022;0,453599537;Cap type 1, Puma;1;470.016;cash;;288
100003896;2-17-2022;0,65275463;T-shirt type 3, Puma;1;616.176;cash;;389
100003896;2-17-2022;0,65275463;Tights type 4, Reebok;2;1406.0754;cash;;786
100003904;4-7-2024;0,43994213;Shoes type 2, Nike;1;3792.536;non-cash;;1562
100003925;1-18-2024;0,671527778;Belt type 1, Puma;2;502.49808;cash;ПІБ 1270;382
100003932;6-18-2024;0,438449074;Cap type 5, Nike;2;754.19776;cash;ПІБ 1030;458
100003973;8-1-2023;0,800034722;Tights type 6, Reebok;1;643.188;cash;;380
100003973;8-1-2023;0,800034722;Shoes type 4, Reebok;1;6167.26;cash;;3298
100003973;8-1-2023;0,800034722;Tights type 7, Puma;1;554.4448;cash;;320
100003973;8-1-2023;0,800034722;Boots type 6, Reebok;1;6134.52;cash;;2814
100003979;7-20-2023;0,437384259;Cap type 7, Reebok;1;374.4;non-cash;;195
100003979;7-20-2023;0,437384259;Pants type 12, Adidas;1;974.46;non-cash;;447
100003979;7-20-2023;0,437384259;Cap type 2, Puma;1;323.136;non-cash;;220
100003979;7-20-2023;0,437384259;T-shirt type 2, Puma;1;313.6;non-cash;;200
100003979;7-20-2023;0,437384259;T-shirt type 7, Puma;1;201.552;non-cash;;114
100004001;5-13-2023;0,469467593;Sneakers type 2, Nike;1;4465.3504;cash;;1964
100004001;5-13-2023;0,469467593;Pants type 2, Nike;1;1378.40136;cash;;597
100004024;7-5-2022;0,7015625;Cap type 5, Puma;1;198.968;cash;;140
100004024;7-5-2022;0,7015625;Cap type 3, Nike;1;648.448;cash;;298
100004024;7-5-2022;0,7015625;Flip flops type 2, Reebok;1;468.7;cash;;218
100004038;6-28-2024;0,829872685;Shirt type 6, Puma;2;1103.52;cash;;660
100004038;6-28-2024;0,829872685;Shirt type 8, Reebok;1;1187.93;cash;;563
100004041;4-13-2024;0,695347222;Shirt type 8, Adidas;1;649.65;cash;;355
100004056;11-19-2022;0,734282407;Boots type 1, Reebok;1;4721.184;cash;ПІБ 247;2535
100004056;11-19-2022;0,734282407;Cufflink type 5, Puma;1;218.2656;cash;ПІБ 247;140
100004078;7-14-2024;0,805462963;Cufflink type 6, Puma;1;365.72;cash;;205
100004087;11-24-2022;0,836782407;Cufflink type 5, Nike;2;1899.296;cash;;854
100004110;9-25-2024;0,82880787;Sneakers type 1, Nike;1;3992.892;non-cash;;1887
100004110;9-25-2024;0,82880787;Pants type 9, Adidas;2;856.9;non-cash;;410
100004110;9-25-2024;0,82880787;Tights type 6, Adidas;1;698.4;non-cash;;388
100004110;9-25-2024;0,82880787;Sneakers type 5, Adidas;1;1620.81;non-cash;;783
100004110;9-25-2024;0,82880787;Cufflink type 7, Nike;1;552.5352;non-cash;;252
100004110;9-25-2024;0,82880787;Tights type 6, Reebok;1;643.188;non-cash;;380
100004150;2-12-2022;0,412523148;Belt type 3, Nike;1;469.264;non-cash;;211
100004150;2-12-2022;0,412523148;Cap type 6, Nike;1;423.31992;non-cash;;237
100004163;2-17-2023;0,604155093;Cufflink type 3, Reebok;1;597.1352;cash;;391
100004163;2-17-2023;0,604155093;Sneakers type 3, Puma;1;3159.72;cash;;1965
100004163;2-17-2023;0,604155093;Shirt type 8, Reebok;1;1187.93;cash;;563
100004163;2-17-2023;0,604155093;Cap type 3, Nike;1;357.06;cash;;165
100004163;2-17-2023;0,604155093;Pants type 6, Nike;1;2298.168;cash;;1062
100004173;2-28-2024;0,612314815;Pants type 6, Reebok;1;1284.2412;non-cash;;649
100004173;2-28-2024;0,612314815;Shirt type 7, Nike;1;1646.56;non-cash;;820
100004173;2-28-2024;0,612314815;T-shirt type 2, Reebok;1;385.2;non-cash;;214
100004173;2-28-2024;0,612314815;Shirt type 1, Reebok;1;1357.92;non-cash;;738
100004180;1-9-2023;0,808865741;Cufflink type 7, Reebok;1;512.64;cash;ПІБ 313;267
100004183;6-7-2023;0,627986111;Shoes type 2, Puma;1;3234.944;cash;ПІБ 992;2032
100004197;6-7-2022;0,57181713;Cap type 2, Adidas;1;236.98;non-cash;;136
100004197;6-7-2022;0,57181713;Shirt type 12, Adidas;1;820.8;non-cash;;456
100004219;10-23-2022;0,825555556;T-shirt type 1, Puma;2;467.392;cash;;268
100004228;5-23-2024;0,550243056;T-shirt type 3, Puma;1;480.6;cash;ПІБ 588;267
100004228;5-23-2024;0,550243056;Sneakers type 3, Nike;1;2651.176;cash;ПІБ 588;1282
100004228;5-23-2024;0,550243056;T-shirt type 6, Nike;1;662.244;cash;ПІБ 588;346
100004235;3-4-2023;0,706701389;Shoes type 3, Adidas;1;3136.2432;cash;;1608
100004235;3-4-2023;0,706701389;Pants type 11, Puma;1;544.824;cash;;329
100004270;8-5-2024;0,857164352;Flip flops type 2, Adidas;1;698.92;non-cash;;346
100004270;8-5-2024;0,857164352;T-shirt type 3, Adidas;1;623.28;non-cash;;318
100004270;8-5-2024;0,857164352;Shirt type 11, Adidas;2;1202.8;non-cash;;620
100004270;8-5-2024;0,857164352;Shoes type 3, Puma;1;5261.256;non-cash;;3003
100004278;4-2-2022;0,713333333;Cap type 3, Reebok;2;1032.24;cash;;506
100004278;4-2-2022;0,713333333;Cufflink type 4, Puma;1;788.04;cash;;495
100004300;3-5-2023;0,379548611;Tights type 3, Puma;1;606.464;cash;;368
100004300;3-5-2023;0,379548611;Cufflink type 5, Adidas;1;670.32;cash;;342
100004300;3-5-2023;0,379548611;Pants type 12, Nike;1;1492.68392;cash;;758
100004304;5-29-2023;0,404872685;T-shirt type 4, Reebok;1;301.0548;non-cash;;174
100004304;5-29-2023;0,404872685;Sneakers type 4, Puma;1;1451.904;non-cash;;912
100004304;5-29-2023;0,404872685;Cufflink type 5, Reebok;1;254.916;non-cash;;146
100004304;5-29-2023;0,404872685;Cap type 7, Puma;1;386.784;non-cash;;237
100004304;5-29-2023;0,404872685;Type 3 shirt, Nike;1;1737.236;non-cash;;821
100004304;5-29-2023;0,404872685;Boots type 3, Adidas;2;12715.76;non-cash;;5998
100004327;1-31-2022;0,731550926;Sneakers type 1, Nike;1;3992.892;cash;;1887
100004327;1-31-2022;0,731550926;Tights type 4, Nike;1;243.42192;cash;;123
100004352;9-17-2022;0,463090278;Shirt type 9, Puma;1;669.8;non-cash;;425
100004354;11-28-2022;0,836203704;Sneakers type 4, Reebok;2;7004.0;cash;;3400
100004354;11-28-2022;0,836203704;Belt type 3, Nike;1;408.25968;cash;;211
100004373;4-12-2022;0,674421296;Pants type 2, Nike;1;1406.532;cash;;597
100004373;4-12-2022;0,674421296;Tights type 5, Puma;1;675.376;cash;;382
100004373;4-12-2022;0,674421296;Cap type 4, Nike;1;573.672;cash;;246
100004392;5-11-2024;0,477939815;Pants type 8, Nike;1;1563.272;cash;;743
100004426;5-10-2023;0,456782407;Tights type 6, Reebok;1;691.6;non-cash;;380
100004428;1-16-2022;0,411527778;Cap type 3, Adidas;1;231.0;cash;ПІБ 444;110
100004432;8-17-2024;0,376377315;Type 3 shirt, Reebok;1;516.6;cash;ПІБ 626;246
100004434;12-21-2022;0,53244213;Ball type 1, Puma;1;71.896;cash;;43
100004434;12-21-2022;0,53244213;Cufflink type 7, Nike;2;1163.232;cash;;504
100004446;3-13-2022;0,680578704;Tights type 7, Puma;1;526.1568;non-cash;ПІБ 908;320
100004474;2-1-2023;0,452418981;T-shirt type 7, Adidas;1;364.06;non-cash;;167
100004474;2-1-2023;0,452418981;Pants type 4, Puma;1;1463.048;non-cash;;919
100004474;2-1-2023;0,452418981;T-shirt type 2, Reebok;1;461.89;non-cash;;247
100004484;9-8-2024;0,607337963;T-shirt type 5, Puma;1;247.976;cash;ПІБ 227;139
100004488;1-18-2022;0,44599537;Boots type 2, Reebok;2;5215.9;cash;;2426
100004488;1-18-2022;0,44599537;T-shirt type 3, Puma;1;480.6;cash;;267
100004488;1-18-2022;0,44599537;Sneakers type 2, Puma;1;1579.056;cash;;982
100004488;1-18-2022;0,44599537;Shirt type 12, Adidas;1;673.056;cash;;456
100004491;11-16-2023;0,67556713;Type 2 ball, Nike;1;76.0942;cash;;37
100004491;11-16-2023;0,67556713;T-shirt type 7, Nike;1;869.584;cash;;391
100004491;11-16-2023;0,67556713;T-shirt type 5, Reebok;2;1261.638;cash;;646
100004491;11-16-2023;0,67556713;T-shirt type 1, Nike;1;452.2;cash;;190
100004491;11-16-2023;0,67556713;Cap type 2, Nike;1;541.66;cash;;265
100004491;11-16-2023;0,67556713;Cap type 2, Adidas;1;630.72;cash;;292
100004497;7-25-2023;0,520983796;Belt type 4, Nike;1;629.392;cash;;283
100004509;3-13-2024;0,615092593;Cufflink type 6, Puma;1;365.72;cash;;205
100004509;3-13-2024;0,615092593;Boots type 5, Puma;2;4274.45824;cash;;2572
100004509;3-13-2024;0,615092593;Pants type 12, Adidas;1;867.2694;cash;;447
100004509;3-13-2024;0,615092593;Boots type 6, Nike;1;5201.40728;cash;;2279
100004509;3-13-2024;0,615092593;Sneakers type 4, Nike;1;1782.428;cash;;893
100004509;3-13-2024;0,615092593;T-shirt type 4, Reebok;1;367.14;cash;;174
100004509;3-13-2024;0,615092593;Pants type 1, Nike;1;2275.036;cash;;937
100004530;2-17-2024;0,806481481;Boots type 1, Reebok;1;4917.9;non-cash;ПІБ 69;2535
100004543;4-9-2024;0,623425926;Tights type 3, Adidas;2;933.72;cash;;502
100004543;4-9-2024;0,623425926;Boots type 1, Puma;1;6316.816;cash;;3778
100004543;4-9-2024;0,623425926;Pants type 5, Adidas;1;972.37;cash;;479
100004543;4-9-2024;0,623425926;Tights type 2, Reebok;1;411.642;cash;;210
100004555;11-27-2022;0,855405093;Pants type 9, Puma;1;858.28;non-cash;ПІБ 1113;499
100004555;11-27-2022;0,855405093;Cap type 2, Adidas;1;548.7264;non-cash;ПІБ 1113;292
100004555;11-27-2022;0,855405093;Cufflink type 1, Nike;1;471.0328;non-cash;ПІБ 1113;233
100004555;11-27-2022;0,855405093;Cap type 7, Nike;1;452.608;non-cash;ПІБ 1113;208
100004555;11-27-2022;0,855405093;T-shirt type 2, Adidas;2;939.9456;non-cash;ПІБ 1113;516
100004576;6-24-2024;0,649490741;Pants type 8, Nike;1;1563.272;non-cash;;743
100004576;6-24-2024;0,649490741;Tights type 3, Adidas;1;466.86;non-cash;;251
100004576;6-24-2024;0,649490741;Shoes type 1, Puma;1;3787.08;non-cash;;2265
100004576;6-24-2024;0,649490741;Shirt type 11, Reebok;2;2962.96;non-cash;;1628
100004576;6-24-2024;0,649490741;Sneakers type 3, Reebok;2;4119.56;non-cash;;2276
100004576;6-24-2024;0,649490741;Shirt type 1, Adidas;1;914.82;non-cash;;474
100004576;6-24-2024;0,649490741;T-shirt type 6, Puma;1;181.28;non-cash;;110
100004576;6-24-2024;0,649490741;Cap type 8, Puma;1;519.68;non-cash;;290
100004576;6-24-2024;0,649490741;Cufflink type 4, Reebok;1;689.8416;non-cash;;419
100004576;6-24-2024;0,649490741;Belt type 2, Nike;1;536.8;non-cash;;220
100004583;1-7-2023;0,548923611;Shoes type 2, Puma;2;6469.888;non-cash;;4064
100004583;1-7-2023;0,548923611;Cap type 7, Adidas;1;323.84;non-cash;;176
100004583;1-7-2023;0,548923611;Boots type 3, Puma;1;4185.7536;non-cash;;2748
100004589;7-19-2024;0,868946759;Pants type 12, Puma;1;296.192;cash;ПІБ 534;178
100004589;7-19-2024;0,868946759;Cap type 3, Nike;1;648.448;cash;ПІБ 534;298
100004617;1-31-2022;0,542858796;Pants type 10, Nike;1;1158.616;cash;;577
100004617;1-31-2022;0,542858796;T-shirt type 2, Reebok;1;385.2;cash;;214
100004626;1-31-2023;0,608136574;T-shirt type 1, Adidas;1;418.509;non-cash;;219
100004635;1-22-2022;0,688217593;Pants type 12, Nike;1;1640.312;cash;;758
100004645;5-29-2024;0,485266204;Sneakers type 4, Adidas;1;1544.51;non-cash;;739
100004645;5-29-2024;0,485266204;Boots type 1, Adidas;1;6710.2868;non-cash;;3593
100004645;5-29-2024;0,485266204;Sneakers type 4, Puma;1;1379.3088;non-cash;;912
100004645;5-29-2024;0,485266204;Tights type 7, Adidas;1;797.04;non-cash;;369
100004650;5-25-2024;0,469178241;Pants type 6, Nike;1;2160.27792;non-cash;;1062
100004650;5-25-2024;0,469178241;Pants type 8, Reebok;2;4878.72;non-cash;;2464
100004650;5-25-2024;0,469178241;Shirt type 12, Nike;1;974.028;non-cash;;471
100004650;5-25-2024;0,469178241;Cap type 7, Reebok;1;374.4;non-cash;;195
100004656;1-18-2023;0,538958333;Pants type 6, Reebok;1;1323.96;cash;;649
100004656;1-18-2023;0,538958333;Shoes type 2, Reebok;1;4327.96;cash;;2378
100004656;1-18-2023;0,538958333;Shoes type 1, Reebok;1;6119.12;cash;;3122
100004656;1-18-2023;0,538958333;Sneakers type 6, Adidas;1;2545.92;cash;;1224
100004661;8-14-2022;0,631979167;Sneakers type 1, Reebok;1;2316.6;cash;;1053
100004675;10-16-2022;0,673969907;Cap type 3, Reebok;1;516.12;non-cash;;253
100004698;2-9-2022;0,469895833;Belt type 1, Nike;1;274.912;non-cash;;121
100004722;5-29-2024;0,483842593;Cap type 2, Reebok;1;367.048;cash;ПІБ 560;176
100004722;5-29-2024;0,483842593;Tights type 1, Adidas;1;787.5;cash;ПІБ 560;375
100004722;5-29-2024;0,483842593;Cap type 7, Adidas;1;323.84;cash;ПІБ 560;176
100004722;5-29-2024;0,483842593;Pants type 12, Nike;1;1640.312;cash;ПІБ 560;758
100004722;5-29-2024;0,483842593;Belt type 4, Reebok;1;450.76;cash;ПІБ 560;236
100004722;5-29-2024;0,483842593;Flip flops type 2, Adidas;1;698.92;cash;ПІБ 560;346
100004722;5-29-2024;0,483842593;Pants type 3, Nike;1;1398.24048;cash;ПІБ 560;714
100004722;5-29-2024;0,483842593;Pants type 11, Reebok;1;1816.84;cash;ПІБ 560;857
100004726;2-2-2024;0,439398148;T-shirt type 3, Adidas;1;158.25;non-cash;;75
100004727;5-12-2022;0,382222222;Cufflink type 6, Adidas;1;356.85;non-cash;;183
100004727;5-12-2022;0,382222222;Tights type 7, Reebok;1;315.59;non-cash;;151
100004727;5-12-2022;0,382222222;Cap type 1, Adidas;1;312.34;non-cash;;175
100004727;5-12-2022;0,382222222;Cap type 3, Puma;1;479.864;non-cash;;287
100004728;3-2-2022;0,847581019;Sneakers type 6, Reebok;2;3933.92;non-cash;;2138
100004728;3-2-2022;0,847581019;Belt type 2, Reebok;2;881.98;non-cash;;418
100004731;1-14-2023;0,755358796;Cap type 6, Puma;1;332.826;non-cash;;251
100004754;11-12-2023;0,41787037;Belt type 3, Puma;1;593.712;non-cash;;342
100004756;5-14-2022;0,614953704;Pants type 7, Nike;2;5341.488;non-cash;ПІБ 331;2598
100004756;5-14-2022;0,614953704;Cufflink type 5, Adidas;1;670.32;non-cash;ПІБ 331;342
100004756;5-14-2022;0,614953704;Cap type 8, Adidas;1;316.996;non-cash;ПІБ 331;152
100004756;5-14-2022;0,614953704;Flip flops type 3, Reebok;1;394.5348;non-cash;ПІБ 331;243
100004759;1-14-2022;0,855636574;Shirt type 9, Puma;1;643.008;non-cash;;425
100004759;1-14-2022;0,855636574;Cap type 3, Reebok;1;500.6364;non-cash;;253
100004762;6-18-2023;0,836226852;Pants type 8, Reebok;1;1975.8816;non-cash;;1232
100004782;12-28-2023;0,665810185;Pants type 5, Nike;1;2028.288;non-cash;ПІБ 259;912
100004782;12-28-2023;0,665810185;Sneakers type 6, Puma;1;2577.472;non-cash;ПІБ 259;1564
100004790;11-10-2023;0,731724537;Tights type 3, Puma;1;564.01152;non-cash;ПІБ 626;368
100004792;1-15-2024;0,548287037;T-shirt type 6, Adidas;1;331.15;cash;ПІБ 261;179
100004799;3-22-2022;0,440949074;Shirt type 5, Puma;2;1692.8352;cash;;1244
100004808;9-20-2022;0,56244213;Shirt type 10, Puma;1;495.816;cash;;283
100004808;9-20-2022;0,56244213;Boots type 6, Nike;2;11066.824;cash;;4558
100004829;9-9-2022;0,814953704;Tights type 4, Reebok;1;766.2321;cash;;393
100004829;9-9-2022;0,814953704;Flip flops type 3, Nike;1;313.536;cash;;138
100004829;9-9-2022;0,814953704;T-shirt type 3, Nike;2;1070.0;cash;;500
100004829;9-9-2022;0,814953704;Belt type 4, Adidas;1;398.2;cash;;181
100004831;9-28-2023;0,788078704;Cufflink type 3, Nike;2;1565.2;cash;ПІБ 568;700
100004831;9-28-2023;0,788078704;Tights type 6, Adidas;2;1396.8;cash;ПІБ 568;776
100004831;9-28-2023;0,788078704;T-shirt type 5, Puma;1;247.976;cash;ПІБ 568;139
100004831;9-28-2023;0,788078704;Shirt type 11, Puma;1;646.5536;cash;ПІБ 568;410
100004831;9-28-2023;0,788078704;Belt type 4, Puma;2;861.888;cash;ПІБ 568;536
100004831;9-28-2023;0,788078704;Tights type 5, Reebok;1;227.55;cash;ПІБ 568;111
100004876;2-12-2024;0,682268519;Pants type 10, Puma;1;1720.584;cash;ПІБ 625;1039
100004876;2-12-2024;0,682268519;Shirt type 7, Adidas;2;2480.4;cash;ПІБ 625;1590
100004876;2-12-2024;0,682268519;Flip flops type 1, Puma;1;294.84;cash;ПІБ 625;189
100004886;6-16-2023;0,411493056;Boots type 3, Reebok;1;5482.6676;cash;;3394
100004886;6-16-2023;0,411493056;Cap type 4, Adidas;1;562.8;cash;;280
100004893;12-28-2022;0,455509259;Shirt type 4, Puma;1;888.88;non-cash;;542
100004904;2-9-2023;0,5196875;T-shirt type 1, Puma;1;420.784;cash;ПІБ 987;238
100004913;4-23-2024;0,444224537;Cufflink type 2, Nike;1;231.544;cash;;103
100004913;4-23-2024;0,444224537;Shirt type 10, Reebok;1;1125.72;cash;;531
100004913;4-23-2024;0,444224537;Sneakers type 6, Nike;1;4692.12;cash;;1923
100004918;5-29-2024;0,667083333;Cufflink type 5, Puma;2;476.672;non-cash;;280
100004918;5-29-2024;0,667083333;Cufflink type 7, Reebok;1;487.008;non-cash;;267
100004920;9-4-2023;0,7671875;T-shirt type 1, Adidas;1;797.16;cash;ПІБ 821;364
100004926;3-28-2024;0,581597222;Boots type 1, Nike;1;6055.728;cash;;2814
100004932;9-4-2022;0,473449074;Cap type 5, Nike;1;454.336;cash;;229
100004932;9-4-2022;0,473449074;Cufflink type 6, Reebok;2;826.54;cash;;442
100004932;9-4-2022;0,473449074;Shirt type 11, Puma;2;1469.44;cash;;820
100004932;9-4-2022;0,473449074;Sneakers type 4, Adidas;1;1529.0649;cash;;739
100004932;9-4-2022;0,473449074;T-shirt type 1, Adidas;2;1594.32;cash;;728
100004932;9-4-2022;0,473449074;Pants type 3, Reebok;1;1850.97;cash;;869
100004932;9-4-2022;0,473449074;Type 2 ball, Reebok;1;88.0968;cash;;47
100004932;9-4-2022;0,473449074;Tights type 3, Adidas;1;424.8426;cash;;251
100004941;9-30-2022;0,519826389;Pants type 5, Nike;1;1764.61056;non-cash;;912
100004947;10-8-2022;0,581446759;Pants type 3, Puma;1;355.008;non-cash;ПІБ 654;258
100004947;10-8-2022;0,581446759;Flip flops type 2, Reebok;1;468.7;non-cash;ПІБ 654;218
100004947;10-8-2022;0,581446759;Cap type 8, Adidas;1;261.44;non-cash;ПІБ 654;152
100004958;11-26-2022;0,4778125;Flip flops type 2, Puma;1;318.56;cash;;181
100004959;11-8-2023;0,688321759;Cap type 3, Nike;1;583.6032;non-cash;;298
100004959;11-8-2023;0,688321759;Shirt type 7, Reebok;1;1310.26;non-cash;;686
100004963;8-20-2023;0,547152778;Cap type 1, Reebok;1;529.2;cash;;245
100004963;8-20-2023;0,547152778;Belt type 4, Nike;1;629.392;cash;;283
100004964;2-21-2024;0,462083333;Pants type 4, Puma;1;1463.048;non-cash;;919
100004970;11-10-2022;0,559548611;Pants type 12, Reebok;1;542.82;cash;ПІБ 891;249
100004971;11-25-2023;0,606608796;Pants type 12, Reebok;1;542.82;non-cash;;249
100004979;11-29-2022;0,401273148;Boots type 3, Puma;2;9848.832;non-cash;;5496
100004979;11-29-2022;0,401273148;Boots type 6, Adidas;1;4829.2916;non-cash;;2714
100004980;9-26-2024;0,656157407;Sneakers type 3, Nike;1;2359.54664;non-cash;ПІБ 1146;1282
100004980;9-26-2024;0,656157407;Sneakers type 3, Puma;1;3159.72;non-cash;ПІБ 1146;1965
100004980;9-26-2024;0,656157407;Cufflink type 5, Nike;1;949.648;non-cash;ПІБ 1146;427
100004980;9-26-2024;0,656157407;Cufflink type 4, Nike;2;772.24;non-cash;ПІБ 1146;394
100004980;9-26-2024;0,656157407;Shirt type 1, Puma;1;1426.128;non-cash;ПІБ 1146;814
100004997;7-21-2024;0,764212963;Tights type 7, Puma;1;565.76;cash;;320
100004997;7-21-2024;0,764212963;T-shirt type 2, Reebok;1;327.42;cash;;214
100004997;7-21-2024;0,764212963;Tights type 2, Adidas;1;92.4672;cash;;56
100004997;7-21-2024;0,764212963;Shirt type 2, Adidas;1;1007.4;cash;;460
100005003;12-3-2022;0,444710648;Boots type 5, Reebok;1;5673.87;cash;;2741
100005003;12-3-2022;0,444710648;Flip flops type 1, Reebok;2;1372.8;cash;;624
100005003;12-3-2022;0,444710648;Sneakers type 1, Adidas;1;3338.68;cash;;1748
100005007;10-30-2023;0,744988426;Boots type 4, Adidas;1;7128.99;cash;;3411
100005011;1-3-2023;0,593472222;Shirt type 3, Puma;1;273.6;non-cash;;152
100005011;1-3-2023;0,593472222;Pants type 7, Reebok;1;1571.7;non-cash;;806
100005019;10-1-2022;0,45287037;T-shirt type 6, Reebok;2;742.1;cash;;362
100005019;10-1-2022;0,45287037;Cap type 3, Adidas;2;760.42;cash;;394
100005029;2-6-2024;0,600300926;Boots type 1, Reebok;2;9835.8;cash;;5070
100005029;2-6-2024;0,600300926;Boots type 2, Nike;1;5933.952;cash;;2727
100005029;2-6-2024;0,600300926;Shoes type 3, Adidas;1;3408.96;cash;;1608
100005029;2-6-2024;0,600300926;Type 4 shirt, Nike;1;2053.344;cash;;876
100005029;2-6-2024;0,600300926;Cap type 8, Puma;1;462.5152;cash;;290
100005029;2-6-2024;0,600300926;Boots type 1, Adidas;1;7293.79;cash;;3593
100005029;2-6-2024;0,600300926;Pants type 12, Nike;1;1640.312;cash;;758
100005048;6-27-2022;0,782881944;Type 2 ball, Nike;1;83.62;cash;;37
100005048;6-27-2022;0,782881944;Cufflink type 2, Nike;1;231.544;cash;;103
100005054;1-22-2022;0,396736111;T-shirt type 3, Puma;1;616.176;cash;;389
100005056;4-3-2023;0,538391204;T-shirt type 4, Reebok;1;271.6;cash;ПІБ 198;140
100005070;10-31-2023;0,38181713;Flip flops type 3, Puma;1;368.0;non-cash;;230
100005080;7-31-2024;0,796435185;Sneakers type 4, Reebok;1;3502.0;cash;ПІБ 1198;1700
100005080;7-31-2024;0,796435185;Boots type 2, Nike;1;5933.952;cash;ПІБ 1198;2727
100005080;7-31-2024;0,796435185;Shirt type 9, Nike;1;1682.0496;cash;ПІБ 1198;740
100005081;2-27-2022;0,624293981;Boots type 2, Adidas;2;13566.9;non-cash;;6618
100005085;8-8-2022;0,824421296;Tights type 4, Puma;1;297.024;cash;;168
100005085;8-8-2022;0,824421296;Shirt type 2, Puma;1;793.87776;cash;;494
100005085;8-8-2022;0,824421296;Pants type 12, Reebok;1;542.82;cash;;249
100005087;3-9-2023;0,537800926;Sneakers type 1, Reebok;1;2316.6;non-cash;;1053
100005087;3-9-2023;0,537800926;Shirt type 5, Puma;1;971.8128;non-cash;;622
100005088;6-22-2024;0,445671296;Tights type 4, Reebok;1;789.93;non-cash;;393
100005088;6-22-2024;0,445671296;Shoes type 2, Nike;1;3640.83456;non-cash;;1562
100005100;6-7-2023;0,591736111;Cap type 5, Reebok;1;226.24;cash;ПІБ 1086;112
100005100;6-7-2023;0,591736111;Pants type 11, Puma;1;533.92752;cash;ПІБ 1086;329
100005100;6-7-2023;0,591736111;Pants type 8, Reebok;1;2439.36;cash;ПІБ 1086;1232
100005100;6-7-2023;0,591736111;Shoes type 4, Nike;1;5545.0752;cash;ПІБ 1086;2947
100005100;6-7-2023;0,591736111;Shirt type 10, Adidas;2;893.8;cash;ПІБ 1086;410
100005100;6-7-2023;0,591736111;Pants type 5, Nike;1;2028.288;cash;ПІБ 1086;912
100005103;6-22-2023;0,819097222;Shirt type 9, Reebok;2;1092.0;cash;;546
100005134;5-16-2022;0,830532407;T-shirt type 3, Nike;1;492.2;non-cash;;230
100005134;5-16-2022;0,830532407;Boots type 3, Adidas;1;6357.88;non-cash;;2999
100005134;5-16-2022;0,830532407;Type 3 shoes, Nike;2;12103.66976;non-cash;;6704
100005136;1-27-2022;0,577048611;Cufflink type 4, Reebok;1;821.24;cash;ПІБ 365;419
100005136;1-27-2022;0,577048611;Cap type 5, Reebok;1;185.5168;cash;ПІБ 365;112
100005136;1-27-2022;0,577048611;Sneakers type 5, Puma;1;951.2996;cash;ПІБ 365;703
100005136;1-27-2022;0,577048611;Pants type 4, Adidas;1;1339.5;cash;ПІБ 365;705
100005156;12-20-2023;0,587256944;Shirt type 11, Adidas;1;583.358;non-cash;;310
100005160;1-3-2024;0,486273148;T-shirt type 1, Nike;1;452.2;non-cash;ПІБ 38;190
100005160;1-3-2024;0,486273148;Cap type 3, Puma;1;388.44;non-cash;ПІБ 38;249
100005163;3-18-2023;0,591631944;Shirt type 6, Adidas;2;2133.12;cash;;1212
100005179;11-26-2023;0,518564815;Tights type 3, Adidas;1;466.86;cash;;251
100005179;11-26-2023;0,518564815;Shoes type 2, Nike;1;3792.536;cash;;1562
100005214;5-28-2024;0,581724537;T-shirt type 1, Nike;1;284.8944;cash;;139
100005246;1-29-2022;0,436400463;Type 5 shirt, Nike;1;911.744;non-cash;ПІБ 307;419
100005246;1-29-2022;0,436400463;T-shirt type 1, Adidas;1;459.9;non-cash;ПІБ 307;219
100005246;1-29-2022;0,436400463;T-shirt type 3, Puma;2;951.588;non-cash;ПІБ 307;534
100005246;1-29-2022;0,436400463;Cap type 8, Reebok;1;409.64;non-cash;ПІБ 307;209
100005254;6-17-2024;0,560833333;Cap type 7, Adidas;1;323.84;cash;;176
100005254;6-17-2024;0,560833333;Shirt type 10, Puma;1;495.816;cash;;283
100005254;6-17-2024;0,560833333;Tights type 5, Reebok;1;202.5195;cash;;111
100005254;6-17-2024;0,560833333;Boots type 5, Nike;2;12971.6316;cash;;7086
100005254;6-17-2024;0,560833333;Sneakers type 5, Nike;1;1995.2064;cash;;1206
100005263;7-14-2024;0,545335648;Flip flops type 3, Adidas;1;300.49;non-cash;ПІБ 1265;151
100005263;7-14-2024;0,545335648;Pants type 10, Puma;1;1870.2;non-cash;ПІБ 1265;1039
100005288;2-24-2024;0,532222222;Cap type 3, Adidas;1;380.21;cash;;197
100005288;2-24-2024;0,532222222;Shirt type 12, Nike;1;974.028;cash;;471
100005288;2-24-2024;0,532222222;Shirt type 3, Puma;1;273.6;cash;;152
100005288;2-24-2024;0,532222222;Sneakers type 2, Puma;1;1579.056;cash;;982
100005288;2-24-2024;0,532222222;Shirt type 9, Reebok;1;546.0;cash;;273
100005288;2-24-2024;0,532222222;Pants type 10, Puma;1;1514.862;cash;;1039
100005289;2-14-2022;0,812488426;Flip flops type 1, Reebok;1;686.4;cash;;312
100005295;7-27-2022;0,828645833;Cap type 5, Adidas;1;274.329;cash;;163
100005295;7-27-2022;0,828645833;Sneakers type 1, Reebok;1;2316.6;cash;;1053
100005295;7-27-2022;0,828645833;Cap type 8, Reebok;1;364.5796;cash;;209
100005295;7-27-2022;0,828645833;Cufflink type 7, Adidas;1;334.88;cash;;184
100005302;11-22-2022;0,834965278;Pants type 11, Adidas;1;1697.28;cash;ПІБ 40;884
100005302;11-22-2022;0,834965278;Cufflink type 1, Reebok;1;675.8136;cash;ПІБ 40;371
100005306;8-25-2022;0,725625;Cap type 4, Reebok;1;224.812;cash;;124
100005313;4-11-2022;0,865810185;Shirt type 6, Puma;1;551.76;cash;;330
100005313;4-11-2022;0,865810185;Pants type 1, Puma;1;722.304;cash;;418
100005318;6-30-2024;0,387638889;Shoes type 2, Puma;1;3234.944;cash;;2032
100005319;8-2-2024;0,861747685;Cap type 5, Adidas;1;306.603;non-cash;;163
100005319;8-2-2024;0,861747685;Sneakers type 6, Nike;1;3753.696;non-cash;;1923
100005325;9-26-2022;0,710578704;Sneakers type 5, Nike;2;4988.016;non-cash;ПІБ 938;2412
100005325;9-26-2022;0,710578704;Shoes type 4, Nike;1;4794.1796;non-cash;ПІБ 938;2947
100005348;4-22-2023;0,773773148;Pants type 10, Reebok;1;343.44;cash;;162
100005357;1-10-2023;0,726469907;Belt type 1, Adidas;1;618.1713;cash;;291
100005357;1-10-2023;0,726469907;Belt type 3, Nike;1;464.57136;cash;;211
100005357;1-10-2023;0,726469907;Pants type 6, Puma;1;1241.952;cash;;761
100005357;1-10-2023;0,726469907;Cufflink type 5, Reebok;2;525.6;cash;;292
100005357;1-10-2023;0,726469907;Belt type 4, Reebok;1;450.76;cash;;236
100005357;1-10-2023;0,726469907;Shoes type 4, Adidas;2;6878.9376;cash;;3396
100005357;1-10-2023;0,726469907;Pants type 4, Reebok;1;2210.88;cash;;1176
100005377;1-10-2022;0,612638889;T-shirt type 4, Puma;1;234.752;non-cash;;131
100005406;1-26-2023;0,758483796;Pants type 4, Reebok;1;2210.88;non-cash;;1176
100005417;6-17-2023;0,679930556;Type 4 shirt, Nike;2;4106.688;non-cash;ПІБ 614;1752
100005417;6-17-2023;0,679930556;Pants type 8, Adidas;1;2127.06;non-cash;ПІБ 614;1053
100005473;4-11-2024;0,587418981;Type 2 ball, Nike;1;83.62;non-cash;;37
100005473;4-11-2024;0,587418981;Flip flops type 3, Adidas;1;300.49;non-cash;;151
100005481;7-8-2024;0,450300926;Shoes type 1, Adidas;1;3712.5;cash;;1875
100005487;3-20-2022;0,432476852;Boots type 5, Puma;1;2273.648;non-cash;;1286
100005505;9-27-2024;0,572488426;Ball type 2, Puma;1;60.7824;cash;;45
100005507;4-25-2023;0,753414352;Pants type 8, Nike;1;1563.272;non-cash;;743
100005507;4-25-2023;0,753414352;Shirt type 4, Adidas;1;358.98;non-cash;;186
100005507;4-25-2023;0,753414352;Cap type 7, Adidas;1;320.6016;non-cash;;176
100005507;4-25-2023;0,753414352;Sneakers type 1, Adidas;2;5475.4352;non-cash;;3496
100005531;4-11-2024;0,616851852;Pants type 12, Puma;1;296.192;non-cash;;178
100005531;4-11-2024;0,616851852;Shoes type 2, Nike;1;3792.536;non-cash;;1562
100005540;4-15-2022;0,652986111;Cufflink type 7, Reebok;1;512.64;non-cash;;267
100005559;7-21-2022;0,776122685;T-shirt type 4, Reebok;1;271.6;non-cash;ПІБ 485;140
100005578;1-28-2022;0,810914352;Sneakers type 4, Puma;1;1451.904;cash;;912
100005578;1-28-2022;0,810914352;Pants type 10, Reebok;1;343.44;cash;;162
100005578;1-28-2022;0,810914352;Flip flops type 2, Reebok;1;468.7;cash;;218
100005588;12-25-2023;0,591875;Shirt type 12, Adidas;2;1641.6;cash;;912
100005602;2-7-2022;0,768113426;Boots type 2, Nike;2;11393.18784;non-cash;;5454
100005602;2-7-2022;0,768113426;Cap type 1, Reebok;1;495.55;non-cash;;265
100005605;4-15-2024;0,697835648;Cufflink type 4, Reebok;2;1642.48;non-cash;;838
100005671;11-3-2022;0,736759259;Boots type 5, Puma;1;2273.648;non-cash;;1286
100005678;9-8-2024;0,500717593;Pants type 12, Reebok;1;542.82;cash;;249
100005678;9-8-2024;0,500717593;Shirt type 6, Reebok;2;1399.2;cash;;660
100005678;9-8-2024;0,500717593;T-shirt type 7, Nike;1;869.584;cash;;391
100005678;9-8-2024;0,500717593;Cap type 2, Nike;1;546.448;cash;;238
100005678;9-8-2024;0,500717593;Shirt type 2, Puma;1;853.632;cash;;494
100005690;8-26-2022;0,645972222;Cap type 4, Nike;1;573.672;cash;;246
100005690;8-26-2022;0,645972222;Cap type 1, Adidas;2;450.18;cash;;246
100005696;12-4-2022;0,427962963;Cufflink type 4, Reebok;1;656.992;cash;;419
100005723;2-5-2024;0,565011574;T-shirt type 2, Adidas;2;1021.68;cash;;516
100005733;5-15-2024;0,674710648;Shoes type 1, Reebok;1;6119.12;cash;;3122
100005744;1-24-2022;0,596597222;Sneakers type 1, Puma;1;2891.328;cash;ПІБ 1209;1628
100005744;1-24-2022;0,596597222;Cap type 2, Reebok;1;378.4;cash;ПІБ 1209;176
100005753;1-23-2023;0,410393519;Cap type 6, Nike;2;1020.048;non-cash;;474
100005774;4-29-2022;0,581134259;Tights type 4, Reebok;1;789.93;cash;;393
100005774;4-29-2022;0,581134259;T-shirt type 4, Puma;1;234.752;cash;;131
100005777;3-16-2024;0,412673611;Cap type 8, Reebok;1;409.64;cash;ПІБ 465;209
100005780;1-18-2022;0,413564815;Pants type 3, Reebok;1;1850.97;non-cash;;869
100005780;1-18-2022;0,413564815;T-shirt type 2, Adidas;1;510.84;non-cash;;258
100005780;1-18-2022;0,413564815;T-shirt type 2, Reebok;2;822.1642;non-cash;;494
100005780;1-18-2022;0,413564815;Belt type 4, Reebok;1;428.222;non-cash;;236
100005785;8-17-2023;0,505150463;Cap type 3, Reebok;1;516.12;non-cash;;253
100005785;8-17-2023;0,505150463;Cap type 4, Reebok;1;229.4;non-cash;;124
100005785;8-17-2023;0,505150463;Tights type 3, Puma;2;1212.928;non-cash;;736
100005785;8-17-2023;0,505150463;T-shirt type 6, Puma;1;174.0288;non-cash;;110
100005785;8-17-2023;0,505150463;Cap type 4, Puma;2;847.376;non-cash;;502
100005785;8-17-2023;0,505150463;Shoes type 3, Reebok;1;2175.174;non-cash;;1389
100005785;8-17-2023;0,505150463;Shirt type 9, Nike;1;1699.04;non-cash;;740
100005785;8-17-2023;0,505150463;Belt type 1, Adidas;1;637.29;non-cash;;291
100005785;8-17-2023;0,505150463;Type 2 ball, Nike;1;83.62;non-cash;;37
100005785;8-17-2023;0,505150463;Boots type 2, Nike;1;5933.952;non-cash;;2727
100005785;8-17-2023;0,505150463;Flip flops type 1, Nike;1;371.68;non-cash;;184
100005801;5-13-2024;0,688090278;Pants type 1, Puma;1;642.85056;cash;;418
100005818;7-4-2022;0,73962963;Cap type 3, Adidas;2;388.08;non-cash;ПІБ 1034;220
100005818;7-4-2022;0,73962963;Tights type 7, Nike;1;364.816;non-cash;ПІБ 1034;151
100005818;7-4-2022;0,73962963;T-shirt type 1, Adidas;1;797.16;non-cash;ПІБ 1034;364
100005818;7-4-2022;0,73962963;Shoes type 1, Puma;2;6968.2272;non-cash;ПІБ 1034;4530
100005820;2-11-2024;0,689710648;Ball type 1, Adidas;2;120.9;cash;ПІБ 317;62
100005831;8-17-2023;0,461770833;Sneakers type 2, Reebok;1;1295.84;non-cash;;712
100005831;8-17-2023;0,461770833;Shirt type 6, Puma;1;551.76;non-cash;;330
100005831;8-17-2023;0,461770833;Cufflink type 7, Adidas;1;277.9504;non-cash;;184
100005839;2-13-2023;0,399884259;T-shirt type 2, Adidas;2;621.6;non-cash;;336
100005841;9-16-2024;0,584143519;Pants type 7, Puma;1;482.232;cash;ПІБ 138;283
100005841;9-16-2024;0,584143519;Cufflink type 4, Reebok;1;821.24;cash;ПІБ 138;419
100005848;12-28-2022;0,839016204;Cap type 3, Adidas;1;231.0;cash;;110
100005848;12-28-2022;0,839016204;Cufflink type 4, Nike;2;772.24;cash;;394
100005848;12-28-2022;0,839016204;Boots type 4, Reebok;1;7161.1;cash;;3769
100005852;9-25-2023;0,786145833;Pants type 2, Adidas;2;4162.32;cash;;2214
100005852;9-25-2023;0,786145833;Pants type 11, Reebok;1;1816.84;cash;;857
100005852;9-25-2023;0,786145833;Cap type 6, Adidas;1;487.6;cash;;265
100005852;9-25-2023;0,786145833;Sneakers type 4, Adidas;1;1544.51;cash;;739
100005852;9-25-2023;0,786145833;Sneakers type 4, Puma;1;1451.904;cash;;912
100005855;2-8-2022;0,665439815;Pants type 3, Puma;1;412.8;cash;;258
100005861;7-15-2022;0,863738426;T-shirt type 1, Adidas;1;386.316;non-cash;;219
100005861;7-15-2022;0,863738426;Ball type 2, Puma;1;72.36;non-cash;;45
100005874;12-5-2022;0,714479167;Cufflink type 4, Nike;1;386.12;non-cash;;197
100005887;4-12-2022;0,635011574;Tights type 2, Reebok;1;415.8;non-cash;;210
100005887;4-12-2022;0,635011574;Pants type 1, Puma;1;722.304;non-cash;;418
100005887;4-12-2022;0,635011574;Cap type 4, Puma;1;423.688;non-cash;;251
100005887;4-12-2022;0,635011574;Tights type 1, Puma;1;215.496;non-cash;;123
100005887;4-12-2022;0,635011574;T-shirt type 3, Reebok;1;374.595;non-cash;;226
100005892;2-20-2023;0,829918981;Pants type 11, Adidas;1;1697.28;cash;;884
100005898;1-23-2024;0,697638889;Shirt type 12, Puma;1;548.416;cash;;328
100005908;1-3-2022;0,62099537;Flip flops type 1, Reebok;1;597.168;cash;ПІБ 991;312
100005908;1-3-2022;0,62099537;T-shirt type 3, Adidas;1;156.6675;cash;ПІБ 991;75
100005909;9-17-2022;0,767106481;Shoes type 2, Nike;1;3792.536;non-cash;;1562
100005910;7-26-2023;0,701365741;Cap type 7, Adidas;1;320.6016;non-cash;;176
100005910;7-26-2023;0,701365741;Type 1 shirt, Nike;1;1462.67424;non-cash;;837
100005910;7-26-2023;0,701365741;Shirt type 9, Puma;1;669.8;non-cash;;425
100005912;4-17-2022;0,693726852;Boots type 5, Nike;1;6405.744;cash;;3543
100005919;3-28-2022;0,437662037;Sneakers type 5, Adidas;1;1620.81;non-cash;;783
100005919;3-28-2022;0,437662037;Ball type 1, Puma;1;68.3012;non-cash;;43
100005920;11-2-2023;0,728645833;Shoes type 4, Adidas;1;3582.78;cash;ПІБ 223;1698
100005921;11-29-2022;0,80375;Cufflink type 3, Adidas;1;396.44;non-cash;;187
100005921;11-29-2022;0,80375;T-shirt type 1, Nike;1;452.2;non-cash;;190
100005922;1-21-2022;0,420023148;Flip flops type 1, Puma;1;294.84;cash;;189
100005922;1-21-2022;0,420023148;Shirt type 12, Adidas;1;689.472;cash;;456
100005922;1-21-2022;0,420023148;Pants type 4, Adidas;1;1178.76;cash;;705
100005942;11-26-2023;0,408668981;Shirt type 7, Reebok;2;2148.8264;non-cash;;1372
100005942;11-26-2023;0,408668981;Sneakers type 5, Adidas;1;1620.81;non-cash;;783
100005942;11-26-2023;0,408668981;Cap type 8, Reebok;1;409.64;non-cash;;209
100005942;11-26-2023;0,408668981;Boots type 3, Reebok;2;13372.36;non-cash;;6788
100005958;9-5-2024;0,598564815;Boots type 4, Adidas;1;6416.091;cash;;3411
100005958;9-5-2024;0,598564815;Cufflink type 5, Reebok;1;223.38;cash;;146
100005958;9-5-2024;0,598564815;Pants type 6, Reebok;2;2647.92;cash;;1298
100005958;9-5-2024;0,598564815;T-shirt type 2, Adidas;2;621.6;cash;;336
100005961;6-17-2023;0,622800926;Cufflink type 2, Puma;2;748.0704;cash;;506
100005963;3-26-2023;0,442256944;Cufflink type 6, Nike;2;1230.096;cash;;588
100005972;9-29-2024;0,701018519;Tights type 6, Nike;1;536.52;non-cash;;255
100005997;7-20-2022;0,788125;T-shirt type 7, Reebok;1;455.7696;non-cash;;286
100006010;7-5-2024;0,655462963;T-shirt type 5, Adidas;1;627.21;cash;;303
100006013;8-24-2022;0,582546296;Cufflink type 1, Reebok;1;767.97;cash;ПІБ 545;371
100006019;12-18-2023;0,708796296;Sneakers type 4, Puma;1;1451.904;non-cash;;912
100006019;12-18-2023;0,708796296;T-shirt type 7, Adidas;1;364.06;non-cash;;167
100006025;1-14-2022;0,477685185;Boots type 1, Puma;1;6316.816;cash;ПІБ 770;3778
100006056;2-20-2022;0,509074074;Tights type 6, Puma;1;400.13376;cash;;299
100006056;2-20-2022;0,509074074;Shoes type 2, Adidas;1;3228.9696;cash;;1761
100006056;2-20-2022;0,509074074;Pants type 2, Reebok;1;335.49;cash;;159
100006061;11-15-2023;0,659513889;Pants type 10, Nike;1;1158.616;non-cash;;577
100006073;12-17-2023;0,8421875;Pants type 12, Reebok;1;542.82;cash;ПІБ 964;249
100006073;12-17-2023;0,8421875;Sneakers type 3, Nike;1;2651.176;cash;ПІБ 964;1282
100006074;2-11-2024;0,793321759;Shirt type 7, Nike;2;3293.12;cash;;1640
100006074;2-11-2024;0,793321759;Cufflink type 3, Nike;2;1455.636;cash;;700
100006092;11-12-2023;0,421967593;Sneakers type 2, Reebok;1;1205.1312;cash;;712
100006112;8-29-2023;0,595925926;Sneakers type 2, Adidas;1;2117.61;cash;ПІБ 1273;1023
100006112;8-29-2023;0,595925926;Cap type 8, Puma;1;519.68;cash;ПІБ 1273;290
100006112;8-29-2023;0,595925926;Pants type 10, Nike;1;1158.616;cash;ПІБ 1273;577
100006120;9-25-2024;0,67025463;Sneakers type 5, Adidas;1;1361.4804;non-cash;;783
100006120;9-25-2024;0,67025463;Pants type 9, Reebok;1;608.16;non-cash;;336
100006120;9-25-2024;0,67025463;Sneakers type 1, Reebok;1;2316.6;non-cash;;1053
100006120;9-25-2024;0,67025463;Flip flops type 2, Puma;2;637.12;non-cash;;362
100006120;9-25-2024;0,67025463;Boots type 5, Adidas;1;2545.6581;non-cash;;1563
100006122;5-2-2024;0,622673611;Shirt type 7, Puma;1;936.78816;non-cash;ПІБ 208;644
100006131;2-26-2022;0,730335648;Cap type 4, Reebok;1;229.4;non-cash;;124
100006147;9-22-2024;0,592071759;Cap type 1, Puma;1;237.984;non-cash;;134
100006147;9-22-2024;0,592071759;Shirt type 11, Nike;1;1234.5706;non-cash;;659
100006147;9-22-2024;0,592071759;T-shirt type 4, Nike;1;402.28;non-cash;;178
100006147;9-22-2024;0,592071759;Sneakers type 2, Adidas;1;2117.61;non-cash;;1023
100006147;9-22-2024;0,592071759;Cufflink type 6, Nike;1;615.048;non-cash;;294
100006147;9-22-2024;0,592071759;Shirt type 6, Puma;1;468.996;non-cash;;330
100006153;9-12-2024;0,856458333;Cufflink type 4, Reebok;1;821.24;cash;ПІБ 615;419
100006153;9-12-2024;0,856458333;Shirt type 5, Adidas;1;1161.0216;cash;ПІБ 615;779
100006153;9-12-2024;0,856458333;Belt type 2, Nike;1;536.8;cash;ПІБ 615;220
100006153;9-12-2024;0,856458333;Shirt type 6, Reebok;1;699.6;cash;ПІБ 615;330
100006153;9-12-2024;0,856458333;Shirt type 5, Reebok;1;971.88;cash;ПІБ 615;534
100006153;9-12-2024;0,856458333;Pants type 7, Reebok;1;1571.7;cash;ПІБ 615;806
100006153;9-12-2024;0,856458333;Belt type 4, Adidas;1;394.218;cash;ПІБ 615;181
100006153;9-12-2024;0,856458333;Tights type 1, Puma;1;215.496;cash;ПІБ 615;123
100006171;9-30-2023;0,496956019;Cufflink type 1, Adidas;1;526.62;cash;;262
100006174;5-14-2022;0,819664352;Pants type 5, Reebok;1;2076.68;cash;;1076
100006206;11-24-2022;0,737384259;Belt type 4, Puma;1;349.06464;non-cash;;268
100006206;11-24-2022;0,737384259;Pants type 7, Adidas;1;1984.32;non-cash;;954
100006208;12-30-2023;0,563356481;Belt type 1, Reebok;1;564.7696;cash;;298
100006217;10-13-2022;0,7475;T-shirt type 3, Nike;2;1070.0;non-cash;ПІБ 467;500
100006217;10-13-2022;0,7475;Sneakers type 4, Puma;2;2903.808;non-cash;ПІБ 467;1824
100006217;10-13-2022;0,7475;Belt type 1, Nike;1;247.4208;non-cash;ПІБ 467;121
100006217;10-13-2022;0,7475;Pants type 7, Adidas;1;1984.32;non-cash;ПІБ 467;954
100006227;6-20-2022;0,651979167;Sneakers type 5, Adidas;1;1296.648;cash;;783
100006238;12-14-2023;0,708263889;Sneakers type 2, Reebok;2;2591.68;cash;;1424
100006253;1-7-2024;0,499861111;Cap type 1, Nike;1;464.112;cash;;198
100006253;1-7-2024;0,499861111;Belt type 2, Adidas;1;325.95;cash;;159
100006253;1-7-2024;0,499861111;Cap type 4, Reebok;1;229.4;cash;;124
100006266;6-30-2022;0,414965278;Pants type 11, Reebok;1;1816.84;non-cash;ПІБ 849;857
100006266;6-30-2022;0,414965278;Cufflink type 6, Reebok;1;330.616;non-cash;ПІБ 849;221
100006278;8-15-2022;0,628715278;Tights type 1, Nike;2;1030.176;cash;ПІБ 990;504
100006280;2-9-2022;0,530335648;Shoes type 3, Reebok;1;2500.2;non-cash;;1389
100006280;2-9-2022;0,530335648;T-shirt type 5, Nike;1;568.4;non-cash;;245
100006280;2-9-2022;0,530335648;Cufflink type 6, Puma;1;325.4908;non-cash;;205
100006282;6-30-2023;0,491782407;Tights type 2, Reebok;1;415.8;cash;ПІБ 13;210
100006282;6-30-2023;0,491782407;Pants type 10, Nike;1;1158.616;cash;ПІБ 13;577
100006282;6-30-2023;0,491782407;T-shirt type 7, Puma;1;201.552;cash;ПІБ 13;114
100006282;6-30-2023;0,491782407;Boots type 6, Reebok;1;6011.8296;cash;ПІБ 13;2814
100006282;6-30-2023;0,491782407;Cap type 2, Nike;2;1083.32;cash;ПІБ 13;530
100006292;8-22-2024;0,422037037;Boots type 5, Adidas;1;2860.29;non-cash;;1563
100006292;8-22-2024;0,422037037;T-shirt type 1, Reebok;1;189.2;non-cash;;88
100006295;7-5-2024;0,6678125;Boots type 4, Reebok;2;13176.424;non-cash;;7538
100006299;8-16-2024;0,672743056;T-shirt type 3, Adidas;1;137.6775;non-cash;;75
100006300;12-6-2023;0,575625;Cufflink type 4, Nike;1;351.3692;non-cash;ПІБ 1013;197
100006302;7-26-2022;0,406493056;Belt type 4, Puma;1;430.944;non-cash;ПІБ 1036;268
100006302;7-26-2022;0,406493056;Pants type 9, Puma;1;858.28;non-cash;ПІБ 1036;499
100006302;7-26-2022;0,406493056;Pants type 9, Adidas;1;428.45;non-cash;ПІБ 1036;205
100006302;7-26-2022;0,406493056;Cap type 4, Adidas;1;562.8;non-cash;ПІБ 1036;280
100006302;7-26-2022;0,406493056;Ball type 1, Puma;1;71.896;non-cash;ПІБ 1036;43
100006302;7-26-2022;0,406493056;Boots type 1, Adidas;1;7293.79;non-cash;ПІБ 1036;3593
100006303;8-15-2023;0,700208333;Cap type 1, Adidas;1;225.09;cash;;123
100006303;8-15-2023;0,700208333;Pants type 4, Reebok;1;2210.88;cash;;1176
100006303;8-15-2023;0,700208333;Tights type 5, Adidas;2;1472.64;cash;;708
100006303;8-15-2023;0,700208333;Cufflink type 2, Nike;1;222.28224;cash;;103
100006336;6-20-2022;0,709675926;Belt type 2, Nike;1;536.8;non-cash;ПІБ 378;220
100006344;6-7-2023;0,772152778;Pants type 3, Adidas;1;2062.393;non-cash;;1102
100006354;9-16-2022;0,83755787;Boots type 5, Puma;1;2114.49264;cash;ПІБ 1235;1286
100006357;7-26-2023;0,624918981;Flip flops type 2, Adidas;2;1397.84;non-cash;;692
100006363;1-28-2022;0,727766204;Cufflink type 3, Reebok;1;719.44;cash;;391
100006363;1-28-2022;0,727766204;Cufflink type 3, Puma;1;623.0016;cash;;390
100006365;3-2-2022;0,770798611;Pants type 12, Reebok;2;1085.64;cash;;498
100006370;10-13-2022;0,734212963;Belt type 3, Puma;1;593.712;cash;;342
100006370;10-13-2022;0,734212963;Pants type 7, Puma;2;964.464;cash;;566
100006370;10-13-2022;0,734212963;Cufflink type 6, Nike;2;1230.096;cash;;588
100006372;8-18-2022;0,531365741;Boots type 4, Nike;1;5820.43392;cash;ПІБ 1075;2868
100006372;8-18-2022;0,531365741;T-shirt type 1, Nike;1;339.16;cash;ПІБ 1075;139
100006383;9-14-2022;0,845023148;Cufflink type 2, Puma;1;445.28;non-cash;;253
100006399;1-24-2024;0,428020833;Tights type 3, Puma;1;503.36512;cash;;368
100006449;10-15-2023;0,789097222;T-shirt type 3, Adidas;2;1246.56;non-cash;;636
100006449;10-15-2023;0,789097222;Cufflink type 3, Adidas;2;792.88;non-cash;;374
100006450;10-25-2023;0,743414352;T-shirt type 5, Nike;1;568.4;non-cash;ПІБ 889;245
100006451;10-1-2023;0,431238426;Shirt type 6, Puma;1;551.76;cash;;330
100006451;10-1-2023;0,431238426;Pants type 10, Puma;1;1870.2;cash;;1039
100006451;10-1-2023;0,431238426;Shoes type 2, Puma;1;3234.944;cash;;2032
100006457;9-11-2023;0,642881944;Belt type 3, Reebok;1;714.42;non-cash;ПІБ 307;378
100006457;9-11-2023;0,642881944;Shirt type 10, Reebok;1;1125.72;non-cash;ПІБ 307;531
100006458;2-28-2022;0,720856481;Cufflink type 1, Adidas;1;489.7566;cash;;262
100006459;8-20-2023;0,724872685;Shoes type 2, Nike;1;3754.61064;cash;;1562
100006477;4-14-2023;0,427013889;Pants type 5, Reebok;1;2076.68;cash;ПІБ 1147;1076
100006477;4-14-2023;0,427013889;Boots type 3, Reebok;1;6686.18;cash;ПІБ 1147;3394
100006491;4-24-2023;0,511770833;Tights type 2, Adidas;1;107.52;cash;;56
100006494;1-29-2024;0,596689815;Shirt type 6, Puma;1;452.4432;cash;;330
100006494;1-29-2024;0,596689815;Sneakers type 3, Reebok;1;1647.824;cash;;1138
100006494;1-29-2024;0,596689815;Cap type 2, Adidas;1;630.72;cash;;292
100006494;1-29-2024;0,596689815;Shirt type 5, Puma;1;971.8128;cash;;622
100006494;1-29-2024;0,596689815;Pants type 7, Nike;1;2296.83984;cash;;1299
100006501;6-11-2024;0,634189815;Cufflink type 3, Adidas;1;329.0452;non-cash;;187
100006501;6-11-2024;0,634189815;Cap type 8, Puma;1;519.68;non-cash;;290
100006505;8-25-2023;0,75130787;Tights type 1, Nike;1;494.48448;cash;;252
100006513;9-13-2022;0,757152778;Type 2 shirt, Nike;2;3902.464;cash;ПІБ 281;1648
100006516;1-17-2024;0,752511574;Flip flops type 2, Nike;1;770.24;cash;;332
100006518;6-14-2023;0,576365741;Pants type 12, Nike;1;1640.312;cash;;758
100006523;4-22-2023;0,5121875;T-shirt type 4, Nike;1;594.336;cash;ПІБ 1007;246
100006552;5-23-2023;0,775243056;Sneakers type 3, Puma;1;2717.3592;cash;;1965
100006552;5-23-2023;0,775243056;Ball type 2, Puma;1;72.36;cash;;45
100006552;5-23-2023;0,775243056;Tights type 4, Puma;1;291.08352;cash;;168
100006552;5-23-2023;0,775243056;Sneakers type 4, Nike;1;1782.428;cash;;893
100006562;8-29-2022;0,420277778;Shirt type 7, Reebok;1;1126.8236;non-cash;;686
100006562;8-29-2022;0,420277778;Cap type 5, Puma;1;203.6496;non-cash;;140
100006562;8-29-2022;0,420277778;Boots type 3, Puma;2;9848.832;non-cash;;5496
100006563;6-20-2024;0,664178241;Cap type 2, Reebok;1;317.856;non-cash;;176
100006565;7-25-2022;0,673738426;T-shirt type 6, Nike;1;761.2;non-cash;;346
100006565;7-25-2022;0,673738426;Shirt type 3, Adidas;1;717.8112;non-cash;;372
100006568;11-4-2023;0,689201389;Sneakers type 2, Nike;1;3827.4432;non-cash;;1964
100006568;11-4-2023;0,689201389;Shoes type 2, Puma;1;3234.944;non-cash;;2032
100006568;11-4-2023;0,689201389;Flip flops type 3, Puma;1;368.0;non-cash;;230
100006572;3-18-2024;0,850486111;Tights type 7, Adidas;1;701.3952;cash;ПІБ 38;369
100006575;6-19-2022;0,388506944;Flip flops type 3, Reebok;1;481.14;cash;;243
100006575;6-19-2022;0,388506944;T-shirt type 2, Nike;1;431.136;cash;;216
100006575;6-19-2022;0,388506944;Shirt type 2, Puma;1;853.632;cash;;494
100006578;5-9-2023;0,575717593;Ball type 1, Puma;1;71.896;cash;;43
100006579;6-4-2022;0,561574074;Tights type 6, Puma;1;487.968;non-cash;;299
100006579;6-4-2022;0,561574074;Pants type 7, Puma;1;482.232;non-cash;;283
100006584;7-1-2024;0,611157407;Shirt type 3, Puma;1;273.6;non-cash;;152
100006647;11-3-2023;0,723796296;Ball type 2, Puma;1;70.1892;cash;;45
100006647;11-3-2023;0,723796296;Pants type 2, Adidas;1;1935.4788;cash;;1107
100006647;11-3-2023;0,723796296;Pants type 5, Reebok;1;2076.68;cash;;1076
100006647;11-3-2023;0,723796296;Tights type 2, Adidas;1;107.52;cash;;56
100006653;10-29-2022;0,8740625;Cap type 2, Puma;1;380.16;non-cash;ПІБ 21;220
100006653;10-29-2022;0,8740625;Type 5 shirt, Nike;1;911.744;non-cash;ПІБ 21;419
100006675;8-18-2023;0,646712963;Cap type 6, Nike;1;433.5204;non-cash;;237
100006687;8-2-2023;0,794699074;T-shirt type 4, Nike;2;804.56;non-cash;;356
100006697;7-1-2023;0,616585648;Cufflink type 4, Reebok;1;821.24;non-cash;;419
100006697;7-1-2023;0,616585648;Shirt type 6, Reebok;1;699.6;non-cash;;330
100006697;7-1-2023;0,616585648;Sneakers type 6, Reebok;1;1966.96;non-cash;;1069
100006697;7-1-2023;0,616585648;Sneakers type 5, Reebok;1;2250.24;non-cash;;1172
100006697;7-1-2023;0,616585648;Cap type 1, Reebok;2;1058.4;non-cash;;490
100006697;7-1-2023;0,616585648;Tights type 2, Nike;1;269.0;non-cash;;125
100006697;7-1-2023;0,616585648;Shirt type 7, Reebok;1;1310.26;non-cash;;686
100006697;7-1-2023;0,616585648;Flip flops type 3, Nike;1;288.45312;non-cash;;138
100006697;7-1-2023;0,616585648;Cufflink type 4, Adidas;2;1818.677;non-cash;;986
100006710;10-2-2023;0,401284722;Cufflink type 4, Reebok;1;821.24;non-cash;;419
100006710;10-2-2023;0,401284722;Sneakers type 3, Puma;1;3159.72;non-cash;;1965
100006710;10-2-2023;0,401284722;Pants type 5, Reebok;1;2076.68;non-cash;;1076
100006710;10-2-2023;0,401284722;Cap type 4, Reebok;2;458.8;non-cash;;248
100006719;3-22-2022;0,66568287;Shirt type 5, Reebok;1;894.1296;non-cash;ПІБ 885;534
100006730;1-8-2024;0,561030093;Cufflink type 1, Puma;2;455.76;cash;;270
100006743;2-18-2023;0,739409722;Cufflink type 4, Adidas;1;1069.81;cash;;493
100006743;2-18-2023;0,739409722;Shirt type 10, Adidas;1;446.9;cash;;205
100006743;2-18-2023;0,739409722;T-shirt type 4, Reebok;1;271.6;cash;;140
100006743;2-18-2023;0,739409722;Shirt type 1, Adidas;1;805.0416;cash;;474
100006744;1-4-2022;0,391701389;Cap type 1, Adidas;1;339.5;non-cash;;175
100006747;4-7-2024;0,737291667;Boots type 4, Nike;2;13858.176;cash;ПІБ 1074;5736
100006747;4-7-2024;0,737291667;Type 4 shirt, Nike;1;2053.344;cash;ПІБ 1074;876
100006747;4-7-2024;0,737291667;Cap type 3, Reebok;1;315.57;cash;ПІБ 1074;157
100006747;4-7-2024;0,737291667;Type 1 ball, Nike;1;111.936;cash;ПІБ 1074;48
100006747;4-7-2024;0,737291667;T-shirt type 4, Reebok;1;312.069;cash;ПІБ 1074;174
100006748;7-15-2023;0,541018519;Flip flops type 2, Adidas;2;1272.0344;non-cash;;692
100006748;7-15-2023;0,541018519;Pants type 2, Adidas;1;2081.16;non-cash;;1107
100006748;7-15-2023;0,541018519;T-shirt type 1, Nike;2;678.32;non-cash;;278
100006749;9-6-2022;0,742534722;Shirt type 11, Reebok;1;1481.48;non-cash;;814
100006749;9-6-2022;0,742534722;Cap type 3, Nike;1;357.06;non-cash;;165
100006749;9-6-2022;0,742534722;T-shirt type 5, Adidas;1;627.21;non-cash;;303
100006756;10-11-2023;0,682106481;Tights type 2, Puma;1;427.648;non-cash;;257
100006767;6-10-2023;0,473043981;Shoes type 1, Puma;1;3219.018;non-cash;;2265
100006767;6-10-2023;0,473043981;Cap type 6, Adidas;1;487.6;non-cash;;265
100006767;6-10-2023;0,473043981;Shirt type 3, Puma;2;547.2;non-cash;;304
100006806;1-7-2024;0,771886574;Flip flops type 2, Puma;1;318.56;non-cash;;181
100006843;11-19-2023;0,709270833;T-shirt type 4, Reebok;1;271.6;cash;;140
100006843;11-19-2023;0,709270833;Tights type 4, Nike;1;289.788;cash;;123
100006843;11-19-2023;0,709270833;Pants type 12, Puma;1;296.192;cash;;178
100006846;1-4-2024;0,817152778;T-shirt type 4, Nike;1;540.84576;cash;;246
100006846;1-4-2024;0,817152778;Cap type 1, Adidas;2;679.0;cash;;350
100006846;1-4-2024;0,817152778;Cap type 7, Nike;2;905.216;cash;;416
100006846;1-4-2024;0,817152778;Pants type 7, Nike;1;2403.6696;cash;;1299
100006873;5-31-2022;0,638657407;Pants type 2, Nike;1;1406.532;non-cash;ПІБ 142;597
100006873;5-31-2022;0,638657407;Cap type 3, Puma;1;479.864;non-cash;ПІБ 142;287
100006904;3-4-2024;0,590196759;Cap type 8, Puma;1;519.68;cash;ПІБ 835;290
100006904;3-4-2024;0,590196759;T-shirt type 3, Puma;1;616.176;cash;ПІБ 835;389
100006904;3-4-2024;0,590196759;Tights type 6, Nike;1;466.7724;cash;ПІБ 835;255
100006904;3-4-2024;0,590196759;Cufflink type 2, Adidas;1;380.88;cash;ПІБ 835;207
100006904;3-4-2024;0,590196759;Belt type 4, Nike;2;1258.784;cash;ПІБ 835;566
100006907;12-25-2022;0,856631944;Pants type 9, Nike;1;815.648;non-cash;;359
100006907;12-25-2022;0,856631944;T-shirt type 4, Reebok;1;367.14;non-cash;;174
100006907;12-25-2022;0,856631944;T-shirt type 1, Adidas;1;459.9;non-cash;;219
100006907;12-25-2022;0,856631944;Pants type 4, Nike;1;2077.15904;non-cash;;1007
100006915;9-30-2022;0,579085648;Pants type 5, Adidas;1;972.37;non-cash;;479
100006915;9-30-2022;0,579085648;T-shirt type 1, Puma;2;841.568;non-cash;;476
100006920;3-4-2023;0,523043981;Cufflink type 6, Puma;2;658.296;cash;;410
100006920;3-4-2023;0,523043981;T-shirt type 1, Reebok;1;189.2;cash;;88
100006959;3-23-2022;0,620092593;Pants type 5, Reebok;1;2076.68;non-cash;;1076
100006959;3-23-2022;0,620092593;Cap type 5, Nike;1;454.336;non-cash;;229
100006959;3-23-2022;0,620092593;Shoes type 1, Nike;2;6353.784;non-cash;;3222
100006964;4-5-2022;0,864907407;Type 4 shirt, Nike;1;1889.07648;non-cash;;876
100006964;4-5-2022;0,864907407;Tights type 1, Reebok;2;687.96;non-cash;;364
100006968;4-10-2022;0,635428241;Pants type 10, Puma;1;1645.776;non-cash;;1039
100006968;4-10-2022;0,635428241;Sneakers type 1, Reebok;1;2316.6;non-cash;;1053
100006994;4-6-2023;0,541273148;Cap type 2, Nike;1;546.448;cash;ПІБ 457;238
100006998;3-26-2023;0,552974537;Shoes type 1, Adidas;1;3304.125;cash;;1875
100007005;4-16-2024;0,472361111;Shirt type 2, Puma;1;853.632;non-cash;;494
100007005;4-16-2024;0,472361111;T-shirt type 7, Adidas;1;364.06;non-cash;;167
100007013;3-9-2022;0,425046296;T-shirt type 2, Reebok;1;385.2;cash;;214
100007017;12-28-2022;0,546319444;Pants type 1, Puma;1;722.304;cash;;418
100007021;5-11-2023;0,850949074;Cap type 7, Puma;1;386.784;cash;;237
100007021;5-11-2023;0,850949074;Pants type 2, Nike;1;1406.532;cash;;597
100007021;5-11-2023;0,850949074;Flip flops type 2, Puma;1;318.56;cash;;181
100007021;5-11-2023;0,850949074;Shirt type 2, Adidas;1;896.586;cash;;460
100007040;7-7-2023;0,469444444;Type 5 shirt, Nike;1;911.744;cash;ПІБ 1087;419
100007062;2-17-2022;0,44818287;Cufflink type 3, Reebok;1;719.44;cash;;391
100007062;2-17-2022;0,44818287;Cufflink type 6, Puma;1;365.72;cash;;205
100007075;7-22-2024;0,6746875;Boots type 1, Reebok;1;4917.9;non-cash;;2535
100007075;7-22-2024;0,6746875;Pants type 7, Adidas;1;1984.32;non-cash;;954
100007075;7-22-2024;0,6746875;Cufflink type 2, Adidas;1;380.88;non-cash;;207
100007075;7-22-2024;0,6746875;Type 1 shirt, Nike;1;1683.77616;non-cash;;837
100007075;7-22-2024;0,6746875;Tights type 5, Nike;1;506.984;non-cash;;254
100007075;7-22-2024;0,6746875;Pants type 10, Reebok;1;305.6616;non-cash;;162
100007110;9-4-2022;0,755405093;Pants type 5, Reebok;2;4153.36;cash;;2152
100007110;9-4-2022;0,755405093;Shirt type 8, Adidas;1;597.678;cash;;355
100007116;6-23-2022;0,665173611;Pants type 9, Puma;1;858.28;cash;;499
100007118;3-12-2024;0,863923611;T-shirt type 1, Puma;1;233.696;non-cash;ПІБ 505;134
100007118;3-12-2024;0,863923611;Tights type 3, Adidas;1;466.86;non-cash;ПІБ 505;251
100007118;3-12-2024;0,863923611;Sneakers type 3, Nike;1;2651.176;non-cash;ПІБ 505;1282
100007118;3-12-2024;0,863923611;Shirt type 8, Reebok;1;1187.93;non-cash;ПІБ 505;563
100007118;3-12-2024;0,863923611;Cap type 1, Puma;1;470.016;non-cash;ПІБ 505;288
100007118;3-12-2024;0,863923611;T-shirt type 3, Puma;2;961.2;non-cash;ПІБ 505;534
100007118;3-12-2024;0,863923611;T-shirt type 3, Nike;1;492.2;non-cash;ПІБ 505;230
100007126;7-18-2022;0,801585648;T-shirt type 1, Adidas;1;459.9;cash;;219
100007137;6-21-2022;0,416643519;Boots type 5, Adidas;2;5606.1684;cash;;3126
100007143;8-3-2024;0,702951389;Shoes type 1, Adidas;1;3601.125;cash;;1875
100007143;8-3-2024;0,702951389;Tights type 2, Adidas;2;174.1824;cash;;112
100007143;8-3-2024;0,702951389;Boots type 3, Reebok;1;6686.18;cash;;3394
100007147;5-26-2024;0,768865741;Cufflink type 6, Nike;1;615.048;non-cash;;294
100007183;8-14-2024;0,74880787;Cap type 3, Reebok;1;516.12;non-cash;;253
100007220;5-17-2023;0,638275463;Cap type 8, Adidas;1;326.8;non-cash;ПІБ 199;152
100007221;3-13-2022;0,505543981;Belt type 2, Adidas;1;325.95;cash;;159
100007224;1-24-2024;0,561180556;T-shirt type 7, Puma;1;201.552;non-cash;;114
100007230;10-13-2022;0,692349537;Cap type 3, Puma;2;911.7416;cash;ПІБ 829;574
100007236;12-15-2023;0,560891204;Pants type 7, Puma;1;482.232;cash;;283
100007246;7-9-2023;0,666631944;Tights type 1, Reebok;1;343.98;cash;ПІБ 719;182
100007262;12-13-2022;0,47962963;Shoes type 4, Nike;1;5660.5976;non-cash;;2947
100007272;5-10-2024;0,797835648;Cap type 2, Reebok;1;196.35;cash;;105
100007279;11-29-2023;0,547824074;Type 4 shirt, Nike;1;1971.21024;non-cash;;876
100007310;4-1-2024;0,49244213;Cap type 4, Reebok;1;185.814;cash;;124
100007325;8-30-2023;0,456261574;Belt type 4, Reebok;1;401.1764;non-cash;ПІБ 742;236
100007343;1-7-2022;0,427662037;Sneakers type 4, Reebok;1;3502.0;cash;;1700
100007345;12-21-2022;0,447071759;Pants type 3, Nike;1;1536.528;cash;;714
100007345;12-21-2022;0,447071759;Shirt type 2, Puma;2;1707.264;cash;;988
100007345;12-21-2022;0,447071759;T-shirt type 7, Puma;1;201.552;cash;;114
100007360;8-4-2024;0,391597222;T-shirt type 2, Nike;1;934.78;non-cash;;385
100007404;4-3-2024;0,541342593;Cufflink type 6, Adidas;1;356.85;cash;;183
100007404;4-3-2024;0,541342593;Cap type 8, Reebok;1;409.64;cash;;209
100007404;4-3-2024;0,541342593;Shoes type 4, Adidas;1;3582.78;cash;;1698
100007404;4-3-2024;0,541342593;Shirt type 2, Adidas;2;2014.8;cash;;920
100007418;5-4-2024;0,440717593;Cufflink type 3, Reebok;1;712.2456;cash;;391
100007421;10-12-2023;0,871747685;Pants type 6, Puma;1;1030.82016;non-cash;ПІБ 944;761
100007449;2-5-2024;0,73244213;Cufflink type 1, Nike;1;495.824;non-cash;ПІБ 249;233
100007449;2-5-2024;0,73244213;Belt type 4, Nike;1;629.392;non-cash;ПІБ 249;283
100007449;2-5-2024;0,73244213;Flip flops type 1, Nike;1;371.68;non-cash;ПІБ 249;184
100007449;2-5-2024;0,73244213;T-shirt type 6, Nike;1;761.2;non-cash;ПІБ 249;346
100007449;2-5-2024;0,73244213;Tights type 4, Reebok;1;734.6349;non-cash;ПІБ 249;393
100007450;7-16-2024;0,569108796;T-shirt type 2, Reebok;1;461.89;cash;;247
100007450;7-16-2024;0,569108796;Pants type 3, Nike;1;1536.528;cash;;714
100007466;10-22-2023;0,673935185;Cufflink type 7, Adidas;1;284.648;non-cash;;184
100007466;10-22-2023;0,673935185;Flip flops type 2, Adidas;1;698.92;non-cash;;346
100007475;4-1-2024;0,680208333;Pants type 5, Nike;1;2028.288;cash;;912
100007475;4-1-2024;0,680208333;Cap type 7, Nike;1;452.608;cash;;208
100007477;5-17-2023;0,774803241;Pants type 8, Puma;2;1519.264;cash;;964
100007495;5-8-2022;0,74212963;Pants type 8, Reebok;1;1975.8816;cash;ПІБ 679;1232
100007495;5-8-2022;0,74212963;Shirt type 7, Adidas;1;1271.205;cash;ПІБ 679;795
100007502;12-2-2022;0,807083333;Tights type 1, Reebok;1;282.0636;cash;;182
100007502;12-2-2022;0,807083333;Sneakers type 3, Nike;1;2651.176;cash;;1282
100007502;12-2-2022;0,807083333;Cufflink type 2, Nike;1;231.544;cash;;103
100007504;3-1-2023;0,838865741;Pants type 10, Reebok;1;326.268;cash;;162
100007504;3-1-2023;0,838865741;Pants type 12, Nike;1;1345.05584;cash;;758
100007522;6-15-2024;0,69662037;T-shirt type 5, Adidas;1;520.5843;non-cash;;303
100007522;6-15-2024;0,69662037;Belt type 3, Puma;1;552.15216;non-cash;;342
100007524;6-25-2023;0,840891204;Cufflink type 3, Adidas;1;396.44;cash;;187
100007536;5-24-2024;0,669826389;Type 2 shirt, Nike;1;1951.232;cash;ПІБ 539;824
100007550;9-26-2024;0,600081019;Type 2 ball, Nike;1;83.62;non-cash;;37
100007562;11-28-2023;0,766770833;Tights type 6, Adidas;1;698.4;cash;;388
100007562;11-28-2023;0,766770833;Cap type 1, Nike;1;464.112;cash;;198
100007579;3-14-2023;0,546064815;Pants type 8, Nike;1;1563.272;non-cash;;743
100007579;3-14-2023;0,546064815;Pants type 8, Puma;1;759.632;non-cash;;482
100007579;3-14-2023;0,546064815;Belt type 1, Puma;2;502.49808;non-cash;;382
100007579;3-14-2023;0,546064815;Pants type 3, Nike;1;1536.528;non-cash;;714
100007585;6-14-2023;0,829884259;Sneakers type 3, Reebok;1;2059.78;cash;ПІБ 973;1138
100007585;6-14-2023;0,829884259;Cap type 2, Puma;1;326.9376;cash;ПІБ 973;220
100007585;6-14-2023;0,829884259;Shoes type 4, Reebok;1;6167.26;cash;ПІБ 973;3298
100007601;3-15-2024;0,691342593;Type 2 ball, Reebok;1;97.1067;cash;;47
100007640;7-23-2024;0,790324074;Cap type 5, Reebok;1;226.24;cash;;112
100007640;7-23-2024;0,790324074;Tights type 5, Reebok;1;227.55;cash;;111
100007640;7-23-2024;0,790324074;Flip flops type 1, Reebok;1;665.808;cash;;312
100007640;7-23-2024;0,790324074;Shirt type 1, Reebok;2;2335.6224;cash;;1476
100007640;7-23-2024;0,790324074;Cap type 3, Nike;1;324.9246;cash;;165
100007640;7-23-2024;0,790324074;Shirt type 2, Adidas;1;1007.4;cash;;460
100007644;10-9-2023;0,732326389;T-shirt type 6, Puma;1;181.28;cash;;110
100007644;10-9-2023;0,732326389;Flip flops type 2, Puma;1;318.56;cash;;181
100007644;10-9-2023;0,732326389;Belt type 1, Nike;1;274.912;cash;;121
100007657;8-25-2023;0,708078704;Shirt type 9, Reebok;1;475.02;cash;;273
100007660;9-7-2022;0,48880787;Type 5 shirt, Nike;1;911.744;non-cash;;419
100007668;4-12-2023;0,610405093;T-shirt type 5, Nike;2;1079.96;non-cash;ПІБ 121;490
100007668;4-12-2023;0,610405093;Sneakers type 6, Nike;1;4692.12;non-cash;ПІБ 121;1923
100007671;7-24-2022;0,37849537;Cap type 7, Reebok;1;344.448;cash;;195
100007691;2-10-2024;0,634212963;Boots type 3, Adidas;1;6357.88;cash;;2999
100007699;12-10-2023;0,4803125;Pants type 3, Puma;1;412.8;cash;;258
100007718;9-10-2022;0,514050926;Cufflink type 6, Reebok;1;413.27;cash;ПІБ 407;221
100007722;7-26-2022;0,650775463;T-shirt type 7, Reebok;2;900.5568;cash;;572
100007722;7-26-2022;0,650775463;Belt type 4, Reebok;1;450.76;cash;;236
100007723;6-1-2023;0,426840278;Flip flops type 2, Nike;1;770.24;non-cash;ПІБ 262;332
100007723;6-1-2023;0,426840278;Cufflink type 1, Nike;1;495.824;non-cash;ПІБ 262;233
100007725;8-7-2023;0,617881944;Boots type 4, Nike;1;6305.47008;cash;;2868
100007725;8-7-2023;0,617881944;Cufflink type 5, Puma;1;250.88;cash;;140
100007769;8-2-2023;0,654907407;Cap type 2, Adidas;1;278.8;non-cash;;136
100007769;8-2-2023;0,654907407;Boots type 3, Puma;1;4875.17184;non-cash;;2748
100007769;8-2-2023;0,654907407;Flip flops type 3, Adidas;1;297.4851;non-cash;;151
100007769;8-2-2023;0,654907407;Shirt type 4, Puma;1;888.88;non-cash;;542
100007769;8-2-2023;0,654907407;Cufflink type 6, Adidas;2;713.7;non-cash;;366
100007777;1-26-2023;0,745798611;Boots type 6, Nike;2;11066.824;cash;;4558
100007777;1-26-2023;0,745798611;Type 3 shirt, Reebok;1;516.6;cash;;246
100007777;1-26-2023;0,745798611;Cufflink type 5, Puma;1;235.8272;cash;;140
100007777;1-26-2023;0,745798611;Flip flops type 1, Puma;1;294.84;cash;;189
100007792;4-4-2024;0,842060185;Cufflink type 5, Reebok;1;262.8;cash;;146
100007796;4-9-2022;0,480752315;Pants type 11, Nike;1;893.316;cash;ПІБ 1101;453
100007815;7-27-2024;0,431203704;Cap type 4, Puma;1;372.84544;non-cash;;251
100007835;11-10-2022;0,76037037;T-shirt type 1, Reebok;1;257.0344;cash;ПІБ 1090;158
100007835;11-10-2022;0,76037037;Belt type 1, Puma;1;310.184;cash;ПІБ 1090;191
100007835;11-10-2022;0,76037037;Boots type 4, Puma;1;5809.6;cash;ПІБ 1090;3631
100007835;11-10-2022;0,76037037;Flip flops type 3, Nike;1;313.536;cash;ПІБ 1090;138
100007835;11-10-2022;0,76037037;Shirt type 4, Puma;1;755.548;cash;ПІБ 1090;542
100007845;8-7-2023;0,783657407;Shirt type 11, Reebok;1;1392.5912;cash;;814
100007866;2-14-2022;0,874560185;Pants type 6, Puma;1;1241.952;cash;;761
100007869;3-10-2023;0,763449074;Cap type 3, Reebok;1;315.57;non-cash;;157
100007869;3-10-2023;0,763449074;Sneakers type 3, Reebok;2;3625.2128;non-cash;;2276
100007874;8-4-2024;0,424270833;Belt type 1, Nike;1;228.17696;cash;ПІБ 659;121
100007874;8-4-2024;0,424270833;T-shirt type 3, Puma;1;616.176;cash;ПІБ 659;389
100007874;8-4-2024;0,424270833;Pants type 4, Adidas;2;2679.0;cash;ПІБ 659;1410
100007874;8-4-2024;0,424270833;Pants type 10, Reebok;1;343.44;cash;ПІБ 659;162
100007874;8-4-2024;0,424270833;Belt type 4, Puma;1;353.37408;cash;ПІБ 659;268
100007888;6-15-2024;0,834143519;Shirt type 6, Nike;1;1552.824;cash;;702
100007888;6-15-2024;0,834143519;Boots type 5, Nike;2;16014.36;cash;;7086
100007888;6-15-2024;0,834143519;Pants type 10, Puma;1;1870.2;cash;;1039
100007888;6-15-2024;0,834143519;Sneakers type 4, Nike;1;1782.428;cash;;893
100007888;6-15-2024;0,834143519;Shoes type 3, Puma;1;5261.256;cash;;3003
100007888;6-15-2024;0,834143519;Sneakers type 1, Puma;1;2891.328;cash;;1628
100007895;6-18-2022;0,653796296;Boots type 3, Puma;1;4924.416;cash;;2748
100007895;6-18-2022;0,653796296;Shoes type 1, Puma;1;3787.08;cash;;2265
100007895;6-18-2022;0,653796296;Cap type 8, Puma;1;467.712;cash;;290
100007895;6-18-2022;0,653796296;Cap type 8, Adidas;1;326.8;cash;;152
100007897;5-3-2023;0,842488426;T-shirt type 2, Nike;1;431.136;cash;;216
100007897;5-3-2023;0,842488426;Sneakers type 3, Nike;1;2651.176;cash;;1282
100007916;9-7-2023;0,551400463;Shirt type 6, Reebok;1;699.6;cash;;330
100007917;7-16-2022;0,412384259;Pants type 8, Reebok;1;2439.36;non-cash;ПІБ 1078;1232
100007917;7-16-2022;0,412384259;Shirt type 8, Adidas;1;649.65;non-cash;ПІБ 1078;355
100007917;7-16-2022;0,412384259;Tights type 1, Reebok;1;337.1004;non-cash;ПІБ 1078;182
100007927;5-25-2024;0,763969907;Shoes type 3, Reebok;1;2250.18;cash;;1389
100007927;5-25-2024;0,763969907;Shirt type 8, Nike;1;1172.888;cash;;542
100007927;5-25-2024;0,763969907;T-shirt type 4, Nike;1;402.28;cash;;178
100007927;5-25-2024;0,763969907;Sneakers type 1, Reebok;1;1922.778;cash;;1053
100007927;5-25-2024;0,763969907;Flip flops type 2, Nike;1;770.24;cash;;332
100007927;5-25-2024;0,763969907;Pants type 9, Puma;1;858.28;cash;;499
100007927;5-25-2024;0,763969907;Sneakers type 4, Puma;2;2903.808;cash;;1824
100007927;5-25-2024;0,763969907;Tights type 6, Nike;1;461.4072;cash;;255
100007927;5-25-2024;0,763969907;Boots type 5, Adidas;2;5720.58;cash;;3126
100007949;10-28-2022;0,442800926;Pants type 10, Puma;1;1870.2;non-cash;;1039
100007949;10-28-2022;0,442800926;Sneakers type 1, Puma;1;2891.328;non-cash;;1628
100007951;4-26-2022;0,441168981;Cap type 3, Adidas;2;760.42;cash;;394
100007951;4-26-2022;0,441168981;Type 1 ball, Reebok;1;93.74;cash;;43
100007951;4-26-2022;0,441168981;Pants type 11, Reebok;1;1816.84;cash;;857
100007951;4-26-2022;0,441168981;Cap type 6, Nike;2;1020.048;cash;;474
100007953;7-2-2022;0,658599537;Boots type 1, Puma;1;6316.816;cash;ПІБ 88;3778
100007953;7-2-2022;0,658599537;T-shirt type 2, Puma;1;313.6;cash;ПІБ 88;200
100007978;7-14-2022;0,576701389;Boots type 6, Nike;1;5533.412;non-cash;;2279
100007978;7-14-2022;0,576701389;Sneakers type 4, Nike;1;1782.428;non-cash;;893
100007978;7-14-2022;0,576701389;Tights type 5, Adidas;1;736.32;non-cash;;354
100007985;9-15-2024;0,427233796;Pants type 10, Adidas;1;1011.52;non-cash;;580
100007986;11-23-2023;0,568229167;Sneakers type 2, Puma;1;1405.35984;cash;;982
100007987;8-21-2024;0,686493056;Shirt type 4, Adidas;1;319.4922;non-cash;;186
100008007;5-10-2022;0,481585648;Ball type 2, Adidas;1;93.555;cash;;45
100008007;5-10-2022;0,481585648;Tights type 2, Nike;1;234.03;cash;;125
100008007;5-10-2022;0,481585648;Boots type 2, Nike;2;11867.904;cash;;5454
100008007;5-10-2022;0,481585648;Shoes type 4, Puma;1;3041.776;cash;;1802
100008007;5-10-2022;0,481585648;Boots type 6, Nike;1;4648.06608;cash;;2279
100008015;5-10-2022;0,414282407;Pants type 1, Adidas;1;1564.92;cash;;828
100008015;5-10-2022;0,414282407;Pants type 12, Reebok;1;542.82;cash;;249
100008015;5-10-2022;0,414282407;Sneakers type 6, Puma;2;5154.944;cash;;3128
100008015;5-10-2022;0,414282407;Type 1 ball, Reebok;1;93.74;cash;;43
100008015;5-10-2022;0,414282407;Sneakers type 6, Adidas;1;2036.736;cash;;1224
100008037;6-27-2023;0,799884259;Sneakers type 5, Adidas;2;2820.2094;non-cash;;1566
100008037;6-27-2023;0,799884259;Cap type 4, Puma;1;394.02984;non-cash;;251
100008037;6-27-2023;0,799884259;Shirt type 3, Adidas;1;732.7656;non-cash;;372
100008039;11-18-2023;0,607199074;Cap type 1, Puma;1;470.016;cash;ПІБ 593;288
100008045;4-16-2023;0,543553241;Ball type 2, Puma;1;72.36;non-cash;ПІБ 620;45
100008045;4-16-2023;0,543553241;Cufflink type 4, Adidas;2;1733.0922;non-cash;ПІБ 620;986
100008063;4-13-2022;0,621863426;Tights type 4, Puma;1;243.55968;non-cash;ПІБ 168;168
100008070;9-14-2023;0,663761574;Pants type 3, Adidas;1;1888.7178;cash;;1102
100008070;9-14-2023;0,663761574;Tights type 2, Adidas;1;87.0912;cash;;56
100008070;9-14-2023;0,663761574;Sneakers type 6, Reebok;1;1966.96;cash;;1069
100008070;9-14-2023;0,663761574;Pants type 8, Adidas;1;2127.06;cash;;1053
100008085;11-6-2023;0,747546296;Pants type 4, Adidas;1;1339.5;non-cash;ПІБ 340;705
100008085;11-6-2023;0,747546296;T-shirt type 5, Puma;1;233.09744;non-cash;ПІБ 340;139
100008085;11-6-2023;0,747546296;Belt type 1, Nike;1;274.912;non-cash;ПІБ 340;121
100008095;7-3-2022;0,475671296;Tights type 5, Nike;1;506.984;cash;;254
100008095;7-3-2022;0,475671296;Cap type 2, Nike;1;546.448;cash;;238
100008095;7-3-2022;0,475671296;Belt type 2, Puma;1;192.50976;cash;;146
100008095;7-3-2022;0,475671296;T-shirt type 3, Reebok;1;365.781;cash;;226
100008095;7-3-2022;0,475671296;Shirt type 1, Puma;1;1426.128;cash;;814
100008120;4-30-2022;0,647638889;Sneakers type 4, Puma;1;1306.7136;non-cash;ПІБ 1223;912
100008120;4-30-2022;0,647638889;Type 3 shoes, Nike;1;6650.368;non-cash;ПІБ 1223;3352
100008122;9-13-2024;0,845717593;Flip flops type 2, Adidas;1;587.0928;cash;;346
100008122;9-13-2024;0,845717593;Sneakers type 1, Puma;1;2891.328;cash;;1628
100008122;9-13-2024;0,845717593;Cufflink type 1, Adidas;1;495.0228;cash;;262
100008122;9-13-2024;0,845717593;Belt type 1, Adidas;1;637.29;cash;;291
100008122;9-13-2024;0,845717593;Type 1 ball, Reebok;1;93.74;cash;;43
