№ чека;Дата;Час;Товар;Кількість;Сума;Спосіб платежу;Покупець;Собівартість
100000006;12-28-2022;0,599861111;Cufflink type 7, Adidas;1;334.88;cash;;184
100000023;6-4-2024;0,707349537;Shirt type 2, Puma;1;853.632;cash;ПІБ 863;494
100000026;4-3-2023;0,39994213;Belt type 2, Reebok;1;423.3504;non-cash;;209
100000048;3-4-2024;0,861863426;Tights type 6, Adidas;1;607.608;cash;;388
100000048;3-4-2024;0,861863426;Pants type 8, Puma;1;759.632;cash;;482
100000048;3-4-2024;0,861863426;Sneakers type 5, Reebok;1;1912.704;cash;;1172
100000048;3-4-2024;0,861863426;Cufflink type 2, Reebok;1;432.0;cash;;200
100000057;1-18-2022;0,592372685;Shirt type 1, Adidas;1;914.82;cash;;474
100000057;1-18-2022;0,592372685;Shoes type 4, Reebok;1;5057.1532;cash;;3298
100000057;1-18-2022;0,592372685;Sneakers type 6, Reebok;2;3933.92;cash;;2138
100000102;8-13-2023;0,524270833;Sneakers type 6, Nike;1;4692.12;cash;;1923
100000102;8-13-2023;0,524270833;Shirt type 6, Puma;1;551.76;cash;;330
100000102;8-13-2023;0,524270833;Cufflink type 4, Adidas;1;1069.81;cash;;493
100000102;8-13-2023;0,524270833;Flip flops type 3, Nike;1;313.536;cash;;138
100000102;8-13-2023;0,524270833;Belt type 4, Puma;2;861.888;cash;;536
100000102;8-13-2023;0,524270833;Pants type 6, Puma;2;1987.1232;cash;;1522
100000102;8-13-2023;0,524270833;Flip flops type 3, Puma;1;368.0;cash;;230
100000102;8-13-2023;0,524270833;Cap type 3, Reebok;1;315.57;cash;;157
100000112;5-8-2024;0,8684375;T-shirt type 3, Puma;1;480.6;non-cash;;267
100000118;3-14-2023;0,868518519;Flip flops type 2, Nike;1;700.9184;cash;;332
100000118;3-14-2023;0,868518519;Tights type 5, Nike;2;1013.968;cash;;508
100000127;4-13-2022;0,68880787;T-shirt type 3, Adidas;1;623.28;non-cash;;318
100000132;1-15-2022;0,854791667;Tights type 4, Adidas;1;688.2;non-cash;;370
100000139;5-7-2024;0,822962963;Belt type 2, Adidas;1;325.95;non-cash;;159
100000151;11-21-2022;0,754837963;Pants type 5, Adidas;1;972.37;non-cash;ПІБ 1165;479
100000157;6-27-2022;0,771354167;Sneakers type 4, Adidas;1;1328.2786;cash;;739
100000196;7-24-2024;0,668206019;Type 2 shirt, Reebok;1;554.4;non-cash;;252
100000196;7-24-2024;0,668206019;Tights type 5, Nike;1;456.2856;non-cash;;254
100000196;7-24-2024;0,668206019;Sneakers type 6, Adidas;1;2087.6544;non-cash;;1224
100000196;7-24-2024;0,668206019;T-shirt type 1, Adidas;1;459.9;non-cash;;219
100000213;4-24-2022;0,416469907;T-shirt type 6, Puma;1;181.28;cash;;110
100000213;4-24-2022;0,416469907;Pants type 6, Nike;1;2298.168;cash;;1062
100000218;5-27-2023;0,539722222;Sneakers type 3, Nike;1;2651.176;cash;;1282
100000218;5-27-2023;0,539722222;Pants type 7, Adidas;1;1984.32;cash;;954
100000218;5-27-2023;0,539722222;T-shirt type 1, Adidas;1;418.509;cash;;219
100000247;8-18-2023;0,767743056;Tights type 7, Nike;1;321.03808;non-cash;;151
100000247;8-18-2023;0,767743056;Shoes type 3, Reebok;1;2500.2;non-cash;;1389
100000249;12-8-2022;0,850289352;Cufflink type 6, Reebok;1;396.7392;non-cash;;221
100000249;12-8-2022;0,850289352;Pants type 9, Puma;1;858.28;non-cash;;499
100000266;9-4-2022;0,489814815;Shirt type 6, Puma;1;551.76;cash;;330
100000268;6-17-2023;0,830578704;Type 5 shirt, Nike;1;911.744;cash;;419
100000268;6-17-2023;0,830578704;Boots type 4, Nike;1;6929.088;cash;;2868
100000271;9-19-2022;0,514490741;T-shirt type 1, Reebok;2;619.36;non-cash;;316
100000271;9-19-2022;0,514490741;Cap type 6, Nike;1;510.024;non-cash;;237
100000282;1-23-2024;0,846099537;Sneakers type 1, Adidas;1;2771.1044;cash;;1748
100000289;2-26-2024;0,869201389;Pants type 11, Puma;1;544.824;cash;;329
100000289;2-26-2024;0,869201389;T-shirt type 2, Puma;1;624.0;cash;;390
100000289;2-26-2024;0,869201389;Shoes type 2, Puma;1;3008.49792;cash;;2032
100000304;9-13-2023;0,673819444;Pants type 3, Puma;2;825.6;cash;;516
100000321;3-13-2022;0,599583333;Cufflink type 4, Reebok;1;656.992;cash;;419
100000325;7-22-2022;0,594074074;Shoes type 3, Reebok;1;2375.19;non-cash;;1389
100000328;8-3-2023;0,575717593;Flip flops type 1, Nike;1;371.68;cash;;184
100000328;8-3-2023;0,575717593;Cufflink type 1, Nike;1;495.824;cash;;233
100000349;11-26-2023;0,839039352;Cap type 6, Puma;1;340.6572;cash;;251
100000351;8-29-2024;0,750717593;Boots type 5, Adidas;2;5720.58;cash;;3126
100000351;8-29-2024;0,750717593;Pants type 8, Reebok;2;4585.9968;cash;;2464
100000351;8-29-2024;0,750717593;Pants type 12, Nike;1;1640.312;cash;;758
100000351;8-29-2024;0,750717593;Flip flops type 2, Adidas;1;677.9524;cash;;346
100000366;2-3-2024;0,516886574;Shoes type 1, Adidas;1;3712.5;non-cash;ПІБ 735;1875
100000398;10-1-2022;0,49119213;Sneakers type 3, Reebok;1;2059.78;non-cash;;1138
100000398;10-1-2022;0,49119213;T-shirt type 2, Nike;1;431.136;non-cash;;216
100000398;10-1-2022;0,49119213;T-shirt type 2, Reebok;1;385.2;non-cash;;214
100000418;2-24-2022;0,856886574;Cufflink type 1, Nike;1;495.824;cash;;233
100000428;7-24-2024;0,859236111;Shirt type 3, Adidas;1;747.72;cash;ПІБ 899;372
100000432;4-4-2024;0,57505787;Pants type 1, Puma;1;621.18144;non-cash;;418
100000434;5-27-2024;0,551423611;T-shirt type 1, Reebok;1;158.928;non-cash;;88
100000434;5-27-2024;0,551423611;Flip flops type 3, Reebok;2;962.28;non-cash;;486
100000434;5-27-2024;0,551423611;Tights type 7, Puma;1;554.4448;non-cash;;320
100000447;8-20-2024;0,435185185;Shirt type 10, Adidas;1;446.9;cash;;205
100000447;8-20-2024;0,435185185;Flip flops type 3, Adidas;2;534.8722;cash;;302
100000447;8-20-2024;0,435185185;Boots type 5, Nike;2;16014.36;cash;;7086
100000450;5-12-2023;0,679884259;Flip flops type 1, Adidas;1;376.272;cash;;195
100000450;5-12-2023;0,679884259;T-shirt type 3, Adidas;1;623.28;cash;;318
100000450;5-12-2023;0,679884259;Tights type 3, Reebok;1;356.96;cash;;184
100000450;5-12-2023;0,679884259;Cap type 2, Reebok;1;172.788;cash;;105
100000463;11-10-2022;0,614513889;Pants type 12, Reebok;1;542.82;cash;;249
100000463;11-10-2022;0,614513889;Type 1 shirt, Nike;1;1394.64288;cash;;837
100000484;3-14-2022;0,807893519;Cap type 2, Reebok;1;348.128;cash;;176
100000498;5-7-2023;0,576261574;Pants type 1, Nike;2;4550.072;cash;ПІБ 741;1874
100000498;5-7-2023;0,576261574;T-shirt type 4, Nike;1;321.824;cash;ПІБ 741;178
100000498;5-7-2023;0,576261574;Cap type 3, Adidas;1;380.21;cash;ПІБ 741;197
100000498;5-7-2023;0,576261574;T-shirt type 1, Reebok;1;309.68;cash;ПІБ 741;158
100000498;5-7-2023;0,576261574;Belt type 3, Puma;1;593.712;cash;ПІБ 741;342
100000520;7-6-2024;0,442048611;Boots type 2, Nike;2;11867.904;non-cash;;5454
100000525;3-4-2022;0,517592593;Pants type 4, Adidas;1;1299.315;non-cash;;705
100000525;3-4-2022;0,517592593;Cufflink type 6, Puma;1;365.72;non-cash;;205
100000533;7-23-2023;0,763993056;T-shirt type 1, Reebok;1;189.2;cash;;88
100000533;7-23-2023;0,763993056;Cap type 1, Puma;1;237.984;cash;;134
100000533;7-23-2023;0,763993056;Sneakers type 4, Adidas;1;1544.51;cash;;739
100000533;7-23-2023;0,763993056;Cap type 5, Puma;1;234.08;cash;;140
100000533;7-23-2023;0,763993056;Shirt type 10, Adidas;1;361.989;cash;;205
100000543;8-2-2024;0,597696759;Cufflink type 7, Nike;1;482.74128;non-cash;;252
100000544;9-9-2022;0,866481481;Sneakers type 4, Adidas;2;2718.3376;cash;;1478
100000554;7-26-2022;0,657175926;Belt type 3, Nike;1;469.264;non-cash;;211
100000554;7-26-2022;0,657175926;T-shirt type 2, Adidas;1;439.3224;non-cash;;258
100000556;1-23-2023;0,653356481;Shirt type 10, Nike;1;397.46;cash;;167
100000556;1-23-2023;0,653356481;Shirt type 11, Puma;1;734.72;cash;;410
100000558;3-23-2023;0,696805556;T-shirt type 4, Puma;1;297.344;non-cash;;184
100000570;2-4-2023;0,732037037;Shirt type 12, Reebok;1;1149.183;non-cash;;629
100000582;6-21-2024;0,604560185;T-shirt type 3, Reebok;2;828.516;cash;ПІБ 110;452
100000583;8-13-2024;0,627847222;Shirt type 12, Adidas;1;820.8;cash;;456
100000583;8-13-2024;0,627847222;Cap type 2, Reebok;1;374.616;cash;;176
100000583;8-13-2024;0,627847222;Boots type 2, Puma;1;1927.072;cash;;1229
100000583;8-13-2024;0,627847222;Cap type 6, Nike;1;510.024;cash;;237
100000592;10-31-2023;0,561354167;Flip flops type 1, Adidas;1;391.95;cash;;195
100000592;10-31-2023;0,561354167;Cap type 2, Nike;1;546.448;cash;;238
100000597;10-5-2022;0,767800926;Sneakers type 6, Puma;1;2577.472;cash;;1564
100000597;10-5-2022;0,767800926;T-shirt type 2, Puma;1;624.0;cash;;390
100000620;11-7-2023;0,87462963;Cap type 7, Adidas;2;647.68;cash;ПІБ 638;352
100000620;11-7-2023;0,87462963;Ball type 1, Adidas;1;60.45;cash;ПІБ 638;31
100000620;11-7-2023;0,87462963;Pants type 1, Nike;1;2275.036;cash;ПІБ 638;937
100000623;5-24-2024;0,541921296;Cap type 4, Adidas;1;562.8;non-cash;ПІБ 894;280
100000626;3-26-2023;0,556412037;Belt type 2, Adidas;1;325.95;non-cash;ПІБ 1123;159
100000627;3-26-2024;0,708206019;Shirt type 4, Adidas;2;717.96;non-cash;;372
100000627;3-26-2024;0,708206019;Cufflink type 5, Nike;1;949.648;non-cash;;427
100000627;3-26-2024;0,708206019;Shoes type 4, Reebok;1;6167.26;non-cash;;3298
100000627;3-26-2024;0,708206019;Pants type 7, Nike;1;2163.30264;non-cash;;1299
100000635;8-31-2022;0,516643519;T-shirt type 1, Puma;1;420.784;cash;ПІБ 319;238
100000641;5-28-2023;0,418310185;T-shirt type 2, Puma;1;313.6;cash;;200
100000641;5-28-2023;0,418310185;Tights type 6, Nike;1;536.52;cash;;255
100000641;5-28-2023;0,418310185;Cap type 3, Nike;1;357.06;cash;;165
100000672;2-16-2022;0,399143519;Shirt type 2, Adidas;1;1007.4;non-cash;ПІБ 447;460
100000676;8-2-2022;0,647673611;Flip flops type 1, Reebok;1;610.896;cash;;312
100000700;5-28-2022;0,584884259;Sneakers type 5, Nike;1;2394.24768;non-cash;ПІБ 653;1206
100000710;12-30-2022;0,44068287;Shirt type 7, Adidas;1;1550.25;cash;;795
100000728;1-1-2023;0,738541667;Tights type 1, Reebok;1;343.98;non-cash;;182
100000765;6-30-2023;0,408275463;Shirt type 12, Nike;1;974.028;cash;;471
100000765;6-30-2023;0,408275463;Shirt type 7, Reebok;2;2620.52;cash;;1372
100000765;6-30-2023;0,408275463;Boots type 2, Reebok;1;2607.95;cash;;1213
100000792;2-18-2023;0,620474537;Cap type 1, Nike;1;436.96128;cash;ПІБ 1156;224
100000792;2-18-2023;0,620474537;Type 2 ball, Reebok;1;100.11;cash;ПІБ 1156;47
100000792;2-18-2023;0,620474537;Boots type 3, Adidas;1;6357.88;cash;ПІБ 1156;2999
100000800;8-24-2022;0,817175926;Boots type 1, Reebok;1;4917.9;cash;;2535
100000800;8-24-2022;0,817175926;Shirt type 11, Reebok;2;2962.96;cash;;1628
100000832;12-10-2023;0,530138889;Sneakers type 4, Nike;1;1782.428;non-cash;;893
100000832;12-10-2023;0,530138889;Cap type 4, Nike;1;573.672;non-cash;;246
100000832;12-10-2023;0,530138889;Cufflink type 2, Reebok;1;432.0;non-cash;;200
100000855;12-9-2023;0,425578704;Shirt type 11, Puma;1;602.4704;cash;;410
100000860;3-24-2023;0,787337963;T-shirt type 6, Reebok;2;742.1;cash;;362
100000860;3-24-2023;0,787337963;Pants type 4, Adidas;1;1084.995;cash;;705
100000861;12-26-2022;0,459050926;T-shirt type 4, Puma;2;469.504;cash;;262
100000861;12-26-2022;0,459050926;T-shirt type 3, Reebok;1;440.7;cash;;226
100000865;11-2-2022;0,639108796;Cap type 1, Puma;2;475.968;cash;;268
100000870;1-4-2022;0,855231481;Tights type 4, Puma;1;297.024;non-cash;;168
100000870;1-4-2022;0,855231481;T-shirt type 4, Nike;1;402.28;non-cash;;178
100000870;1-4-2022;0,855231481;Cap type 5, Puma;1;198.968;non-cash;;140
100000870;1-4-2022;0,855231481;Shirt type 10, Reebok;1;923.0904;non-cash;;531
100000876;10-30-2023;0,616226852;Tights type 3, Puma;2;1212.928;non-cash;;736
100000876;10-30-2023;0,616226852;Boots type 6, Adidas;1;5889.38;non-cash;;2714
100000882;8-13-2022;0,541354167;T-shirt type 3, Reebok;1;487.3653;cash;ПІБ 858;263
100000882;8-13-2022;0,541354167;Flip flops type 3, Adidas;1;300.49;cash;ПІБ 858;151
100000897;1-27-2023;0,772546296;Cap type 5, Adidas;1;322.74;cash;;163
100000924;10-14-2022;0,861875;Pants type 4, Adidas;1;1339.5;cash;;705
100000924;10-14-2022;0,861875;Tights type 4, Reebok;1;663.5412;cash;;393
100000924;10-14-2022;0,861875;Cap type 2, Puma;1;314.64;cash;;190
100000925;7-24-2023;0,577905093;Pants type 9, Puma;2;1716.56;cash;;998
100000946;7-21-2024;0,496261574;Pants type 9, Reebok;2;1082.5248;non-cash;;672
100000949;5-1-2024;0,805949074;Pants type 1, Nike;1;1979.28132;non-cash;;937
100000951;2-17-2023;0,697233796;Flip flops type 1, Nike;1;371.68;cash;;184
100000951;2-17-2023;0,697233796;Boots type 2, Adidas;1;6783.45;cash;;3309
100000951;2-17-2023;0,697233796;Boots type 6, Adidas;1;5889.38;cash;;2714
100000951;2-17-2023;0,697233796;Pants type 2, Reebok;1;335.49;cash;;159
100000951;2-17-2023;0,697233796;Shirt type 5, Adidas;1;1433.36;cash;;779
100000951;2-17-2023;0,697233796;Cufflink type 7, Reebok;2;1025.28;cash;;534
100000951;2-17-2023;0,697233796;Pants type 6, Reebok;1;1257.762;cash;;649
100000951;2-17-2023;0,697233796;Shoes type 2, Nike;1;3792.536;cash;;1562
100000951;2-17-2023;0,697233796;Pants type 8, Adidas;1;2127.06;cash;;1053
100000951;2-17-2023;0,697233796;Shirt type 5, Reebok;1;971.88;cash;;534
100000956;5-21-2023;0,381921296;Sneakers type 5, Adidas;2;3241.62;non-cash;;1566
100000964;11-9-2023;0,752488426;Pants type 10, Reebok;1;343.44;non-cash;;162
100000988;8-11-2022;0,430405093;Cap type 7, Reebok;1;299.52;non-cash;;195
100001003;6-7-2022;0,498668981;T-shirt type 1, Adidas;1;797.16;non-cash;;364
100001003;6-7-2022;0,498668981;Boots type 4, Adidas;1;7128.99;non-cash;;3411
100001012;11-7-2022;0,554976852;Cufflink type 4, Nike;1;386.12;non-cash;ПІБ 1153;197
100001012;11-7-2022;0,554976852;Sneakers type 5, Puma;2;1947.36624;non-cash;ПІБ 1153;1406
100001012;11-7-2022;0,554976852;Shoes type 4, Reebok;2;10607.6872;non-cash;ПІБ 1153;6596
100001022;6-12-2023;0,790497685;Cap type 1, Puma;1;470.016;non-cash;;288
100001022;6-12-2023;0,790497685;Flip flops type 2, Reebok;2;937.4;non-cash;;436
100001022;6-12-2023;0,790497685;Cap type 3, Reebok;1;315.57;non-cash;;157
100001022;6-12-2023;0,790497685;Flip flops type 3, Nike;1;313.536;non-cash;;138
100001029;4-8-2023;0,853622685;Tights type 4, Nike;1;269.50284;non-cash;;123
100001029;4-8-2023;0,853622685;Cap type 2, Puma;1;380.16;non-cash;;220
100001029;4-8-2023;0,853622685;T-shirt type 1, Nike;1;318.8104;non-cash;;139
100001029;4-8-2023;0,853622685;Cufflink type 3, Puma;1;564.5952;non-cash;;390
100001042;6-7-2022;0,610208333;Boots type 4, Reebok;2;14322.2;cash;;7538
100001059;1-22-2022;0,854143519;T-shirt type 7, Puma;1;201.552;cash;;114
100001064;6-10-2024;0,852905093;Tights type 3, Reebok;1;356.96;non-cash;ПІБ 1188;184
100001084;2-28-2024;0,397789352;Cufflink type 1, Puma;1;227.88;cash;;135
100001084;2-28-2024;0,397789352;Tights type 6, Nike;1;536.52;cash;;255
100001104;4-21-2024;0,574305556;T-shirt type 4, Reebok;1;271.6;cash;ПІБ 1268;140
100001104;4-21-2024;0,574305556;Pants type 7, Puma;1;482.232;cash;ПІБ 1268;283
100001122;3-25-2023;0,422488426;Shirt type 7, Puma;1;1076.768;cash;;644
100001122;3-25-2023;0,422488426;Type 1 shirt, Nike;1;1428.65856;cash;;837
100001122;3-25-2023;0,422488426;Shirt type 11, Adidas;2;1202.8;cash;;620
100001122;3-25-2023;0,422488426;Shoes type 3, Reebok;1;2250.18;cash;;1389
100001148;6-2-2023;0,684571759;Cap type 3, Reebok;1;315.57;non-cash;;157
100001148;6-2-2023;0,684571759;Shirt type 3, Puma;2;547.2;non-cash;;304
100001152;9-5-2022;0,538368056;Tights type 7, Reebok;1;315.59;cash;ПІБ 495;151
100001154;6-4-2022;0,587210648;Shirt type 1, Adidas;1;914.82;cash;ПІБ 1078;474
100001154;6-4-2022;0,587210648;Shirt type 10, Nike;1;397.46;cash;ПІБ 1078;167
100001155;2-21-2022;0,860381944;Flip flops type 1, Nike;1;371.68;non-cash;;184
100001155;2-21-2022;0,860381944;Shirt type 11, Adidas;1;595.386;non-cash;;310
100001155;2-21-2022;0,860381944;Flip flops type 3, Adidas;1;246.4018;non-cash;;151
100001162;2-15-2022;0,476296296;Shirt type 7, Nike;1;1646.56;non-cash;ПІБ 868;820
100001168;4-17-2023;0,66587963;Cap type 8, Adidas;1;326.8;non-cash;;152
100001170;10-11-2023;0,480231481;Shoes type 2, Reebok;2;8569.3608;cash;;4756
100001174;5-6-2023;0,691481481;Belt type 3, Reebok;2;1428.84;cash;ПІБ 394;756
100001174;5-6-2023;0,691481481;Cap type 3, Nike;1;648.448;cash;ПІБ 394;298
100001174;5-6-2023;0,691481481;Shirt type 9, Puma;1;669.8;cash;ПІБ 394;425
100001176;9-6-2022;0,809618056;Pants type 9, Reebok;1;608.16;non-cash;;336
100001179;3-9-2024;0,73693287;Sneakers type 3, Nike;1;2651.176;non-cash;;1282
100001179;3-9-2024;0,73693287;Boots type 1, Adidas;1;7293.79;non-cash;;3593
100001189;8-31-2024;0,614039352;Shoes type 3, Puma;1;4209.0048;cash;;3003
100001202;11-2-2023;0,677928241;T-shirt type 2, Puma;1;624.0;cash;;390
100001202;11-2-2023;0,677928241;Pants type 7, Puma;1;482.232;cash;;283
100001202;11-2-2023;0,677928241;Tights type 5, Adidas;1;736.32;cash;;354
100001202;11-2-2023;0,677928241;Flip flops type 3, Reebok;1;481.14;cash;;243
100001202;11-2-2023;0,677928241;Pants type 10, Adidas;1;1264.4;cash;;580
100001202;11-2-2023;0,677928241;Cufflink type 3, Reebok;1;719.44;cash;;391
100001202;11-2-2023;0,677928241;Pants type 11, Reebok;1;1725.998;cash;;857
100001202;11-2-2023;0,677928241;Cap type 1, Adidas;1;225.09;cash;;123
100001217;12-22-2022;0,633680556;Belt type 4, Nike;2;1258.784;cash;;566
100001221;1-22-2022;0,548449074;T-shirt type 7, Nike;2;1739.168;non-cash;;782
100001221;1-22-2022;0,548449074;Shirt type 9, Puma;1;669.8;non-cash;;425
100001221;1-22-2022;0,548449074;Type 1 ball, Reebok;1;93.74;non-cash;;43
100001221;1-22-2022;0,548449074;Belt type 1, Puma;2;564.53488;non-cash;;382
100001221;1-22-2022;0,548449074;T-shirt type 1, Reebok;1;260.1312;non-cash;;158
100001221;1-22-2022;0,548449074;Pants type 1, Puma;1;722.304;non-cash;;418
100001221;1-22-2022;0,548449074;Belt type 3, Nike;1;469.264;non-cash;;211
100001221;1-22-2022;0,548449074;Cap type 4, Reebok;1;229.4;non-cash;;124
100001221;1-22-2022;0,548449074;Cufflink type 2, Puma;1;445.28;non-cash;;253
100001242;1-12-2023;0,642534722;Tights type 4, Reebok;1;758.3328;non-cash;;393
100001242;1-12-2023;0,642534722;Cap type 8, Adidas;1;294.12;non-cash;;152
100001242;1-12-2023;0,642534722;Boots type 4, Reebok;2;12603.536;non-cash;;7538
100001242;1-12-2023;0,642534722;Belt type 1, Reebok;1;558.6308;non-cash;;298
100001245;3-6-2023;0,853726852;Shirt type 6, Reebok;1;699.6;cash;;330
100001245;3-6-2023;0,853726852;Tights type 2, Puma;1;427.648;cash;;257
100001248;12-25-2022;0,44505787;Cufflink type 6, Reebok;1;413.27;cash;;221
100001248;12-25-2022;0,44505787;Shoes type 1, Nike;1;3176.892;cash;;1611
100001248;12-25-2022;0,44505787;Shirt type 10, Reebok;1;1125.72;cash;;531
100001248;12-25-2022;0,44505787;Cap type 3, Puma;1;388.44;cash;;249
100001248;12-25-2022;0,44505787;Tights type 6, Puma;2;868.58304;cash;;598
100001255;9-20-2023;0,4046875;Cap type 3, Adidas;1;231.0;non-cash;;110
100001255;9-20-2023;0,4046875;Flip flops type 3, Adidas;1;300.49;non-cash;;151
100001260;3-24-2022;0,625324074;Ball type 1, Puma;2;122.2232;cash;;86
100001260;3-24-2022;0,625324074;Belt type 4, Reebok;1;450.76;cash;;236
100001260;3-24-2022;0,625324074;Flip flops type 1, Adidas;1;391.95;cash;;195
100001260;3-24-2022;0,625324074;Shirt type 7, Puma;1;882.94976;cash;;644
100001288;11-18-2022;0,763773148;Tights type 2, Reebok;1;415.8;cash;;210
100001288;11-18-2022;0,763773148;Cufflink type 6, Reebok;1;413.27;cash;;221
100001288;11-18-2022;0,763773148;Shoes type 2, Puma;1;3234.944;cash;;2032
100001288;11-18-2022;0,763773148;T-shirt type 6, Nike;1;753.588;cash;;346
100001288;11-18-2022;0,763773148;Shirt type 12, Puma;1;449.70112;cash;;328
100001288;11-18-2022;0,763773148;Tights type 5, Nike;1;506.984;cash;;254
100001288;11-18-2022;0,763773148;Cap type 2, Adidas;1;618.1056;cash;;292
100001288;11-18-2022;0,763773148;Sneakers type 1, Nike;2;6708.05856;cash;;3774
100001288;11-18-2022;0,763773148;Tights type 2, Puma;1;427.648;cash;;257
100001288;11-18-2022;0,763773148;T-shirt type 4, Adidas;1;217.21;cash;;107
100001290;9-19-2024;0,496006944;T-shirt type 1, Nike;1;339.16;non-cash;;139
100001290;9-19-2024;0,496006944;Shirt type 8, Reebok;2;2375.86;non-cash;;1126
100001290;9-19-2024;0,496006944;T-shirt type 1, Adidas;1;459.9;non-cash;;219
100001305;3-8-2023;0,746655093;Cufflink type 7, Nike;1;540.90288;cash;;252
100001323;4-25-2022;0,761898148;Cufflink type 1, Reebok;1;767.97;non-cash;ПІБ 1141;371
100001323;4-25-2022;0,761898148;Boots type 1, Puma;1;6316.816;non-cash;ПІБ 1141;3778
100001323;4-25-2022;0,761898148;Flip flops type 1, Adidas;1;391.95;non-cash;ПІБ 1141;195
100001323;4-25-2022;0,761898148;Pants type 12, Nike;1;1574.69952;non-cash;ПІБ 1141;758
100001339;8-3-2023;0,523680556;Belt type 1, Nike;1;274.912;cash;ПІБ 894;121
100001339;8-3-2023;0,523680556;Tights type 2, Adidas;1;107.52;cash;ПІБ 894;56
100001343;7-14-2022;0,614895833;Pants type 7, Nike;1;2670.744;cash;;1299
100001343;7-14-2022;0,614895833;Sneakers type 5, Puma;2;2238.352;cash;;1406
100001373;4-22-2024;0,691111111;Cap type 3, Reebok;1;315.57;cash;;157
100001391;6-18-2024;0,673344907;Boots type 1, Adidas;1;7293.79;non-cash;;3593
100001391;6-18-2024;0,673344907;Pants type 2, Puma;1;1043.12;non-cash;;590
100001391;6-18-2024;0,673344907;Cap type 1, Reebok;1;426.173;non-cash;;265
100001409;5-27-2023;0,607928241;Shirt type 8, Nike;1;1172.888;cash;;542
100001421;5-10-2023;0,610439815;Belt type 3, Nike;2;938.528;cash;ПІБ 776;422
100001421;5-10-2023;0,610439815;Flip flops type 3, Adidas;1;264.4312;cash;ПІБ 776;151
100001421;5-10-2023;0,610439815;Cufflink type 2, Puma;1;400.752;cash;ПІБ 776;253
100001424;6-11-2024;0,805347222;Cap type 2, Reebok;1;196.35;cash;;105
100001437;5-4-2023;0,756875;Belt type 1, Reebok;1;613.88;cash;;298
100001438;5-24-2023;0,552233796;Pants type 2, Nike;1;1392.46668;cash;ПІБ 82;597
100001438;5-24-2023;0,552233796;Pants type 9, Puma;1;858.28;cash;ПІБ 82;499
100001478;1-14-2022;0,805011574;Cufflink type 4, Reebok;1;821.24;cash;ПІБ 1270;419
100001478;1-14-2022;0,805011574;Sneakers type 4, Reebok;1;3502.0;cash;ПІБ 1270;1700
100001479;1-21-2024;0,81193287;Tights type 6, Reebok;1;657.02;cash;;380
100001527;4-13-2024;0,709097222;T-shirt type 5, Reebok;1;700.91;non-cash;;323
100001527;4-13-2024;0,709097222;T-shirt type 7, Reebok;1;549.12;non-cash;;286
100001530;6-7-2024;0,601805556;Belt type 2, Reebok;1;440.99;non-cash;;209
100001530;6-7-2024;0,601805556;Cap type 1, Puma;1;237.984;non-cash;;134
100001530;6-7-2024;0,601805556;Shirt type 7, Reebok;1;1297.1574;non-cash;;686
100001530;6-7-2024;0,601805556;Type 3 shoes, Nike;1;6650.368;non-cash;;3352
100001531;5-24-2023;0,586597222;Boots type 2, Adidas;2;13566.9;non-cash;;6618
100001532;9-6-2022;0,585266204;Shoes type 2, Reebok;1;4327.96;cash;;2378
100001532;9-6-2022;0,585266204;Sneakers type 5, Adidas;1;1620.81;cash;;783
100001532;9-6-2022;0,585266204;Cufflink type 7, Nike;1;581.616;cash;;252
100001532;9-6-2022;0,585266204;Type 2 ball, Reebok;2;200.22;cash;;94
100001542;7-18-2023;0,807951389;Cufflink type 3, Adidas;1;376.618;non-cash;;187
100001542;7-18-2023;0,807951389;Boots type 2, Reebok;1;2607.95;non-cash;;1213
100001547;9-4-2022;0,689039352;Type 4 shirt, Reebok;1;1673.9;non-cash;;881
100001551;6-23-2023;0,790486111;Tights type 7, Puma;1;565.76;cash;;320
100001557;1-25-2024;0,55193287;Cap type 7, Puma;1;386.784;cash;;237
100001557;1-25-2024;0,55193287;Tights type 7, Reebok;1;315.59;cash;;151
100001557;1-25-2024;0,55193287;T-shirt type 7, Puma;1;201.552;cash;;114
100001557;1-25-2024;0,55193287;Tights type 3, Adidas;1;466.86;cash;;251
100001557;1-25-2024;0,55193287;Belt type 2, Adidas;1;325.95;cash;;159
100001557;1-25-2024;0,55193287;Sneakers type 2, Reebok;1;1192.1728;cash;;712
100001557;1-25-2024;0,55193287;T-shirt type 4, Puma;1;270.58304;cash;;184
100001557;1-25-2024;0,55193287;Cufflink type 3, Puma;2;1194.0864;cash;;780
100001557;1-25-2024;0,55193287;Shirt type 11, Reebok;1;1481.48;cash;;814
100001558;7-15-2023;0,724224537;Boots type 1, Reebok;1;4622.826;cash;;2535
100001558;7-15-2023;0,724224537;T-shirt type 5, Nike;2;1136.8;cash;;490
100001578;2-7-2024;0,834560185;T-shirt type 3, Reebok;1;418.665;cash;ПІБ 1064;226
100001578;2-7-2024;0,834560185;Pants type 8, Nike;1;1563.272;cash;ПІБ 1064;743
100001578;2-7-2024;0,834560185;Shoes type 1, Reebok;1;6119.12;cash;ПІБ 1064;3122
100001578;2-7-2024;0,834560185;Shirt type 12, Nike;1;974.028;cash;ПІБ 1064;471
100001617;9-23-2023;0,78318287;Pants type 2, Reebok;1;335.49;cash;;159
100001622;6-22-2023;0,855324074;Tights type 7, Nike;1;364.816;non-cash;;151
100001625;4-26-2023;0,795081019;Belt type 4, Nike;1;553.86496;non-cash;;283
100001646;9-20-2022;0,521701389;Pants type 8, Puma;1;759.632;cash;;482
100001646;9-20-2022;0,521701389;Tights type 5, Nike;1;420.79672;cash;;254
100001646;9-20-2022;0,521701389;Cap type 3, Reebok;1;290.3244;cash;;157
100001646;9-20-2022;0,521701389;Boots type 2, Puma;2;3854.144;cash;;2458
100001653;8-17-2024;0,607291667;Cap type 8, Nike;1;569.64;cash;ПІБ 450;282
100001668;6-26-2024;0,639513889;Shirt type 10, Nike;2;794.92;non-cash;;334
100001701;5-24-2023;0,532627315;Pants type 9, Adidas;2;856.9;non-cash;;410
100001701;5-24-2023;0,532627315;Cap type 7, Adidas;2;647.68;non-cash;;352
100001701;5-24-2023;0,532627315;Cap type 4, Adidas;1;478.38;non-cash;;280
100001701;5-24-2023;0,532627315;Sneakers type 6, Reebok;1;1966.96;non-cash;;1069
100001701;5-24-2023;0,532627315;Pants type 7, Adidas;1;1984.32;non-cash;;954
100001708;1-10-2023;0,797546296;Pants type 12, Nike;1;1345.05584;non-cash;;758
100001708;1-10-2023;0,797546296;Boots type 1, Adidas;1;7293.79;non-cash;;3593
100001735;8-1-2024;0,485185185;Type 2 shirt, Reebok;1;554.4;cash;;252
100001745;3-21-2024;0,610601852;Pants type 4, Nike;2;4484.7752;cash;;2014
100001745;3-21-2024;0,610601852;Cufflink type 7, Reebok;2;1025.28;cash;;534
100001748;3-15-2024;0,725208333;Pants type 3, Reebok;1;1850.97;cash;ПІБ 34;869
100001756;9-13-2024;0,475821759;Cap type 3, Puma;2;959.728;non-cash;;574
100001757;3-7-2023;0,416655093;Cap type 7, Nike;1;452.608;cash;;208
100001757;3-7-2023;0,416655093;Belt type 4, Nike;2;1258.784;cash;;566
100001760;1-11-2022;0,460636574;Pants type 6, Puma;2;2483.904;cash;;1522
100001760;1-11-2022;0,460636574;Sneakers type 5, Reebok;1;2250.24;cash;;1172
100001761;10-30-2023;0,394375;Type 3 shirt, Nike;1;1737.236;cash;;821
100001786;8-25-2023;0,866516204;Pants type 11, Reebok;1;1816.84;cash;;857
100001786;8-25-2023;0,866516204;Tights type 6, Reebok;1;691.6;cash;;380
100001804;8-23-2022;0,711365741;Shirt type 11, Adidas;1;571.33;cash;;310
100001807;5-29-2022;0,612361111;Belt type 1, Nike;1;274.912;non-cash;;121
100001807;5-29-2022;0,612361111;Cap type 3, Puma;1;479.864;non-cash;;287
100001808;10-30-2023;0,500416667;T-shirt type 3, Reebok;2;881.4;cash;;452
100001812;10-26-2023;0,862083333;Boots type 4, Adidas;1;5917.0617;cash;;3411
100001812;10-26-2023;0,862083333;Shirt type 2, Adidas;1;1007.4;cash;;460
100001812;10-26-2023;0,862083333;Sneakers type 2, Puma;1;1579.056;cash;;982
100001813;8-21-2023;0,386284722;Cap type 3, Nike;1;349.9188;non-cash;;165
100001819;11-13-2023;0,712673611;Flip flops type 2, Nike;1;770.24;non-cash;ПІБ 134;332
100001819;11-13-2023;0,712673611;Cufflink type 6, Reebok;1;413.27;non-cash;ПІБ 134;221
100001825;5-24-2024;0,609212963;Tights type 6, Adidas;1;698.4;cash;;388
100001826;7-9-2024;0,680474537;Tights type 5, Nike;2;1013.968;cash;;508
100001826;7-9-2024;0,680474537;Boots type 2, Adidas;1;6783.45;cash;;3309
100001826;7-9-2024;0,680474537;Shirt type 7, Reebok;1;1310.26;cash;;686
100001826;7-9-2024;0,680474537;Shoes type 1, Puma;2;7574.16;cash;;4530
100001838;2-21-2023;0,845266204;Cap type 2, Nike;1;541.66;non-cash;ПІБ 1012;265
100001846;7-1-2024;0,789189815;Pants type 3, Puma;1;412.8;cash;;258
100001846;7-1-2024;0,789189815;Sneakers type 6, Reebok;1;1868.612;cash;;1069
100001846;7-1-2024;0,789189815;Tights type 4, Nike;1;289.788;cash;;123
100001912;1-19-2022;0,853831019;Ball type 1, Puma;1;59.67368;non-cash;;43
100001936;11-1-2022;0,752766204;Shirt type 2, Adidas;1;1007.4;cash;;460
100001950;4-25-2022;0,603217593;Belt type 3, Nike;2;938.528;non-cash;;422
100001951;10-28-2022;0,772905093;Shoes type 4, Puma;1;3041.776;cash;;1802
100001951;10-28-2022;0,772905093;Shirt type 8, Adidas;1;649.65;cash;;355
100001951;10-28-2022;0,772905093;T-shirt type 7, Nike;1;869.584;cash;;391
100001960;1-4-2024;0,541689815;Boots type 3, Reebok;1;6686.18;non-cash;;3394
100001960;1-4-2024;0,541689815;Cap type 7, Reebok;1;374.4;non-cash;;195
100001972;7-10-2024;0,524722222;Flip flops type 2, Nike;1;770.24;cash;;332
100001972;7-10-2024;0,524722222;Cap type 1, Puma;1;235.60416;cash;;134
100001972;7-10-2024;0,524722222;Cufflink type 2, Puma;1;445.28;cash;;253
100002005;4-18-2024;0,744953704;Sneakers type 4, Puma;1;1451.904;cash;ПІБ 241;912
100002018;8-19-2022;0,602546296;Boots type 2, Adidas;1;6783.45;non-cash;;3309
100002018;8-19-2022;0,602546296;Cap type 7, Nike;1;452.608;non-cash;;208
100002022;7-13-2022;0,702858796;Shirt type 12, Reebok;1;1276.87;non-cash;;629
100002029;7-17-2022;0,442118056;Belt type 1, Puma;1;310.184;cash;ПІБ 245;191
100002030;9-28-2024;0,715451389;Pants type 1, Nike;1;2275.036;cash;;937
100002047;9-14-2022;0,43462963;Pants type 11, Reebok;2;3633.68;non-cash;;1714
100002073;2-20-2022;0,620775463;Sneakers type 2, Puma;1;1579.056;non-cash;;982
100002073;2-20-2022;0,620775463;Tights type 4, Adidas;1;667.554;non-cash;;370
100002073;2-20-2022;0,620775463;Cufflink type 3, Adidas;1;396.44;non-cash;;187
100002078;11-29-2022;0,781921296;Belt type 1, Adidas;1;637.29;non-cash;;291
100002078;11-29-2022;0,781921296;Shirt type 12, Puma;1;548.416;non-cash;;328
100002082;9-7-2022;0,543576389;T-shirt type 5, Nike;1;511.56;non-cash;ПІБ 1232;245
100002082;9-7-2022;0,543576389;Shirt type 7, Nike;1;1630.0944;non-cash;ПІБ 1232;820
100002082;9-7-2022;0,543576389;Cap type 6, Reebok;1;203.3;non-cash;ПІБ 1232;107
100002095;3-27-2022;0,479328704;Pants type 8, Adidas;2;4254.12;cash;;2106
100002095;3-27-2022;0,479328704;Boots type 2, Puma;1;1927.072;cash;;1229
100002095;3-27-2022;0,479328704;Cap type 6, Nike;1;510.024;cash;;237
100002096;7-15-2022;0,377476852;T-shirt type 4, Nike;1;402.28;cash;;178
100002120;2-9-2024;0,837569444;Cap type 2, Nike;1;535.51904;non-cash;ПІБ 302;238
100002132;6-20-2023;0,39224537;T-shirt type 5, Reebok;1;581.7553;cash;;323
100002149;9-15-2022;0,56818287;Shoes type 2, Adidas;1;3363.51;cash;ПІБ 1099;1761
100002158;12-18-2022;0,43255787;Cap type 2, Adidas;1;630.72;non-cash;;292
100002158;12-18-2022;0,43255787;Pants type 4, Reebok;1;2210.88;non-cash;;1176
100002215;9-29-2023;0,704039352;T-shirt type 3, Adidas;1;573.4176;non-cash;;318
100002215;9-29-2023;0,704039352;Tights type 7, Reebok;1;315.59;non-cash;;151
100002215;9-29-2023;0,704039352;T-shirt type 1, Puma;1;420.784;non-cash;;238
100002231;9-12-2022;0,438796296;Sneakers type 2, Puma;1;1579.056;cash;;982
100002231;9-12-2022;0,438796296;Cufflink type 7, Reebok;1;512.64;cash;;267
100002241;10-7-2023;0,555833333;Type 2 shirt, Reebok;1;554.4;cash;;252
100002260;2-8-2024;0,612164352;Cap type 6, Reebok;1;203.3;non-cash;;107
100002267;2-1-2023;0,568472222;Pants type 4, Adidas;1;1339.5;cash;;705
100002299;5-3-2023;0,690891204;Shoes type 1, Adidas;1;3712.5;non-cash;;1875
100002309;12-1-2022;0,72775463;T-shirt type 3, Puma;1;616.176;cash;;389
100002309;12-1-2022;0,72775463;Tights type 3, Nike;1;436.244;cash;;191
100002315;2-28-2024;0,522418981;Pants type 7, Puma;1;482.232;non-cash;;283
100002325;1-19-2023;0,670509259;Type 2 shirt, Nike;1;1951.232;non-cash;;824
100002328;1-7-2024;0,66193287;Boots type 1, Nike;2;12111.456;cash;;5628
100002328;1-7-2024;0,66193287;Tights type 3, Adidas;1;420.174;cash;;251
100002328;1-7-2024;0,66193287;Sneakers type 2, Adidas;1;2117.61;cash;;1023
100002329;8-2-2024;0,449201389;Shirt type 1, Reebok;1;1357.92;cash;ПІБ 839;738
100002329;8-2-2024;0,449201389;Shirt type 3, Puma;1;273.6;cash;ПІБ 839;152
100002329;8-2-2024;0,449201389;Shirt type 12, Adidas;1;738.72;cash;ПІБ 839;456
100002329;8-2-2024;0,449201389;Shirt type 5, Reebok;2;1710.5088;cash;ПІБ 839;1068
100002336;12-14-2023;0,866759259;Type 3 shirt, Reebok;1;516.6;non-cash;;246
100002336;12-14-2023;0,866759259;Shirt type 9, Reebok;1;546.0;non-cash;;273
100002349;5-12-2022;0,745104167;Tights type 5, Adidas;1;736.32;non-cash;;354
100002351;3-12-2024;0,410196759;T-shirt type 1, Puma;1;420.784;cash;ПІБ 413;238
100002356;4-18-2023;0,394548611;Pants type 5, Adidas;1;777.896;cash;ПІБ 588;479
100002356;4-18-2023;0,394548611;Type 2 ball, Nike;1;83.62;cash;ПІБ 588;37
100002356;4-18-2023;0,394548611;T-shirt type 1, Adidas;1;797.16;cash;ПІБ 588;364
100002385;7-18-2024;0,38369213;Shirt type 12, Reebok;1;1136.4143;cash;;629
100002388;8-10-2022;0,816608796;T-shirt type 1, Puma;1;233.696;cash;;134
100002388;8-10-2022;0,816608796;Pants type 4, Reebok;1;2210.88;cash;;1176
100002390;3-2-2022;0,691273148;Cufflink type 6, Nike;1;516.64032;cash;;294
100002403;8-12-2024;0,696168981;Shoes type 3, Reebok;1;2500.2;cash;ПІБ 568;1389
100002403;8-12-2024;0,696168981;Shirt type 9, Adidas;1;1818.46;cash;ПІБ 568;838
100002413;12-1-2023;0,431458333;Flip flops type 3, Puma;1;368.0;cash;;230
100002413;12-1-2023;0,431458333;T-shirt type 2, Nike;1;431.136;cash;;216
100002435;12-14-2023;0,633611111;Cufflink type 3, Reebok;1;625.9128;cash;;391
100002435;12-14-2023;0,633611111;Tights type 2, Nike;1;269.0;cash;;125
100002454;8-30-2023;0,812071759;Belt type 3, Adidas;1;365.4;non-cash;ПІБ 1262;203
100002454;8-30-2023;0,812071759;Cufflink type 2, Nike;1;231.544;non-cash;ПІБ 1262;103
100002454;8-30-2023;0,812071759;Tights type 7, Puma;1;565.76;non-cash;ПІБ 1262;320
100002455;2-28-2022;0,786296296;Boots type 3, Nike;1;6945.9264;cash;;3312
100002464;2-2-2023;0,717326389;T-shirt type 3, Puma;1;480.6;non-cash;;267
100002464;2-2-2023;0,717326389;T-shirt type 3, Nike;1;492.2;non-cash;;230
100002464;2-2-2023;0,717326389;Pants type 9, Puma;1;858.28;non-cash;;499
100002464;2-2-2023;0,717326389;Pants type 9, Puma;1;738.1208;non-cash;;499
100002464;2-2-2023;0,717326389;Boots type 4, Nike;1;6929.088;non-cash;;2868
100002467;7-10-2024;0,758472222;Pants type 3, Adidas;2;3994.5296;cash;;2204
100002467;7-10-2024;0,758472222;T-shirt type 3, Adidas;1;554.7192;cash;;318
100002493;12-29-2022;0,675381944;T-shirt type 4, Nike;1;402.28;cash;;178
100002493;12-29-2022;0,675381944;Tights type 6, Reebok;2;1383.2;cash;;760
100002493;12-29-2022;0,675381944;T-shirt type 4, Puma;1;223.0144;cash;;131
100002493;12-29-2022;0,675381944;Cufflink type 6, Adidas;1;296.1855;cash;;183
100002493;12-29-2022;0,675381944;Sneakers type 2, Adidas;1;2117.61;cash;;1023
100002501;8-11-2022;0,852604167;Cap type 2, Adidas;1;270.436;cash;;136
100002517;10-30-2023;0,427361111;Pants type 5, Reebok;2;4153.36;cash;;2152
100002520;10-4-2023;0,432858796;Cufflink type 6, Adidas;1;356.85;non-cash;;183
100002520;10-4-2023;0,432858796;Shirt type 12, Puma;2;1096.832;non-cash;;656
100002520;10-4-2023;0,432858796;Cap type 2, Nike;1;482.0774;non-cash;;265
100002520;10-4-2023;0,432858796;Shirt type 8, Adidas;1;649.65;non-cash;;355
100002520;10-4-2023;0,432858796;Flip flops type 2, Puma;1;318.56;non-cash;;181
100002538;7-4-2023;0,447037037;Shirt type 6, Reebok;2;1357.224;non-cash;ПІБ 383;660
100002538;7-4-2023;0,447037037;Pants type 9, Adidas;1;407.0275;non-cash;ПІБ 383;205
100002538;7-4-2023;0,447037037;Cufflink type 5, Puma;2;476.672;non-cash;ПІБ 383;280
100002547;9-28-2024;0,695891204;Pants type 2, Adidas;1;2081.16;cash;ПІБ 660;1107
100002547;9-28-2024;0,695891204;Belt type 4, Nike;1;629.392;cash;ПІБ 660;283
100002547;9-28-2024;0,695891204;Cap type 4, Adidas;1;562.8;cash;ПІБ 660;280
100002547;9-28-2024;0,695891204;Cap type 5, Reebok;1;226.24;cash;ПІБ 660;112
100002547;9-28-2024;0,695891204;Pants type 11, Reebok;1;1816.84;cash;ПІБ 660;857
100002555;6-30-2022;0,689016204;Cap type 1, Puma;1;470.016;cash;;288
100002558;10-23-2022;0,814780093;Cap type 6, Reebok;1;203.3;cash;;107
100002558;10-23-2022;0,814780093;Boots type 4, Puma;1;5809.6;cash;;3631
100002558;10-23-2022;0,814780093;Shirt type 9, Nike;1;1427.1936;cash;;740
100002568;4-2-2022;0,581967593;Pants type 1, Adidas;1;1564.92;cash;;828
100002568;4-2-2022;0,581967593;Flip flops type 2, Adidas;1;698.92;cash;;346
100002615;2-9-2022;0,841342593;Cap type 7, Nike;1;452.608;cash;ПІБ 737;208
100002625;8-27-2023;0,488622685;Cufflink type 4, Nike;1;335.9244;cash;;197
100002625;8-27-2023;0,488622685;Pants type 12, Adidas;1;974.46;cash;;447
100002625;8-27-2023;0,488622685;Cap type 3, Nike;1;648.448;cash;;298
100002689;8-18-2024;0,612604167;Cap type 3, Puma;1;446.27352;cash;;287
100002691;7-22-2023;0,53806713;T-shirt type 2, Nike;2;1869.56;non-cash;;770
100002695;11-13-2022;0,434699074;Cap type 4, Reebok;1;229.4;cash;ПІБ 707;124
100002703;1-15-2023;0,872534722;Shirt type 6, Adidas;1;1333.2;cash;;606
100002703;1-15-2023;0,872534722;Pants type 2, Puma;1;959.6704;cash;;590
100002714;5-1-2024;0,796898148;Sneakers type 2, Adidas;1;1736.4402;cash;;1023
100002755;7-30-2023;0,802418981;Tights type 3, Reebok;1;356.96;cash;ПІБ 950;184
100002755;7-30-2023;0,802418981;Tights type 4, Adidas;2;1376.4;cash;ПІБ 950;740
100002761;7-11-2024;0,394571759;Cufflink type 7, Nike;1;581.616;non-cash;;252
100002764;1-16-2024;0,828252315;Cap type 2, Nike;1;448.08736;non-cash;ПІБ 1269;238
100002770;6-18-2023;0,767962963;Pants type 4, Nike;1;2360.408;cash;;1007
100002770;6-18-2023;0,767962963;Boots type 5, Reebok;1;5673.87;cash;;2741
100002770;6-18-2023;0,767962963;Cap type 3, Puma;1;407.8844;cash;;287
100002770;6-18-2023;0,767962963;Sneakers type 4, Reebok;1;3256.86;cash;;1700
100002774;8-30-2024;0,529976852;Tights type 3, Adidas;2;933.72;cash;;502
100002774;8-30-2024;0,529976852;Cufflink type 3, Puma;1;525.6576;cash;;390
100002813;4-26-2023;0,55568287;Pants type 4, Nike;1;2360.408;cash;;1007
100002836;3-1-2024;0,418703704;Pants type 7, Nike;1;2670.744;non-cash;;1299
100002854;8-19-2022;0,602488426;Shirt type 7, Reebok;1;1310.26;non-cash;;686
100002874;8-17-2023;0,67625;Shirt type 10, Nike;1;397.46;cash;;167
100002887;8-19-2022;0,740694444;Cap type 3, Puma;1;388.44;non-cash;;249
100002914;7-22-2022;0,650324074;Pants type 12, Adidas;1;974.46;non-cash;;447
100002920;5-2-2023;0,666585648;Pants type 9, Puma;1;858.28;cash;ПІБ 182;499
100002927;11-10-2023;0,675173611;Sneakers type 6, Reebok;1;1966.96;cash;;1069
100002927;11-10-2023;0,675173611;T-shirt type 1, Nike;1;452.2;cash;;190
100002927;11-10-2023;0,675173611;Cap type 1, Adidas;1;225.09;cash;;123
100002927;11-10-2023;0,675173611;Shoes type 2, Reebok;1;4327.96;cash;;2378
100002927;11-10-2023;0,675173611;Sneakers type 6, Puma;1;2422.82368;cash;;1564
100002927;11-10-2023;0,675173611;Sneakers type 1, Puma;1;2833.50144;cash;;1628
100002950;11-4-2023;0,553634259;Pants type 8, Nike;1;1563.272;cash;;743
100002950;11-4-2023;0,553634259;Belt type 4, Puma;1;430.944;cash;;268
100002950;11-4-2023;0,553634259;Shirt type 11, Puma;1;734.72;cash;;410
100002991;9-21-2023;0,624768519;Pants type 12, Puma;1;296.192;non-cash;;178
100002991;9-21-2023;0,624768519;Cufflink type 3, Nike;1;782.6;non-cash;;350
100002995;7-1-2024;0,48869213;Cufflink type 1, Nike;1;401.61744;non-cash;;233
100003009;2-22-2022;0,78337963;Pants type 3, Adidas;1;2149.2306;cash;;1102
100003009;2-22-2022;0,78337963;Flip flops type 3, Adidas;1;300.49;cash;;151
100003009;2-22-2022;0,78337963;Flip flops type 3, Puma;1;368.0;cash;;230
100003023;9-19-2022;0,462974537;Shirt type 8, Reebok;1;1187.93;cash;;563
100003029;3-4-2022;0,481064815;Cap type 3, Reebok;2;612.2058;non-cash;ПІБ 1164;314
100003029;3-4-2022;0,481064815;Cufflink type 6, Nike;2;1020.97968;non-cash;ПІБ 1164;588
100003040;2-2-2023;0,414930556;Pants type 8, Adidas;1;1871.8128;non-cash;;1053
100003040;2-2-2023;0,414930556;Pants type 12, Reebok;1;542.82;non-cash;;249
100003046;5-10-2023;0,809525463;Boots type 2, Puma;1;1927.072;non-cash;ПІБ 168;1229
100003078;1-11-2023;0,626273148;Pants type 11, Reebok;1;1816.84;non-cash;ПІБ 693;857
100003078;1-11-2023;0,626273148;Boots type 1, Nike;1;6055.728;non-cash;ПІБ 693;2814
100003082;2-3-2024;0,547766204;Pants type 12, Puma;1;296.192;cash;ПІБ 477;178
100003095;2-28-2024;0,849826389;Shirt type 5, Reebok;1;971.88;non-cash;;534
100003095;2-28-2024;0,849826389;Belt type 2, Adidas;1;325.95;non-cash;;159
100003107;2-12-2023;0,404930556;T-shirt type 3, Reebok;1;560.19;non-cash;;263
100003133;4-27-2022;0,862546296;Sneakers type 2, Reebok;1;1295.84;cash;;712
100003137;7-1-2023;0,442071759;Boots type 5, Reebok;1;4936.2669;non-cash;;2741
100003137;7-1-2023;0,442071759;Shoes type 1, Nike;1;3176.892;non-cash;;1611
100003160;5-18-2023;0,388912037;T-shirt type 4, Adidas;1;244.3392;non-cash;ПІБ 559;144
100003161;9-6-2022;0,801840278;Cufflink type 7, Nike;1;581.616;cash;;252
100003161;9-6-2022;0,801840278;Shoes type 3, Reebok;1;2500.2;cash;;1389
100003161;9-6-2022;0,801840278;Boots type 5, Nike;1;8007.18;cash;;3543
100003163;12-3-2022;0,865856481;T-shirt type 4, Puma;1;234.752;non-cash;;131
100003168;3-8-2023;0,725694444;Cap type 1, Nike;1;455.168;cash;;224
100003182;7-18-2023;0,5559375;Pants type 6, Adidas;1;1532.0;cash;;766
100003182;7-18-2023;0,5559375;Pants type 10, Adidas;1;1049.452;cash;;580
100003195;7-21-2024;0,743831019;Type 2 shirt, Reebok;1;554.4;cash;ПІБ 988;252
100003195;7-21-2024;0,743831019;Sneakers type 5, Reebok;1;2250.24;cash;ПІБ 988;1172
100003195;7-21-2024;0,743831019;Cap type 3, Nike;1;583.6032;cash;ПІБ 988;298
100003195;7-21-2024;0,743831019;T-shirt type 1, Nike;1;339.16;cash;ПІБ 988;139
100003195;7-21-2024;0,743831019;Cap type 5, Puma;1;234.08;cash;ПІБ 988;140
100003203;5-15-2022;0,594525463;Tights type 7, Reebok;1;309.2782;non-cash;;151
100003203;5-15-2022;0,594525463;Pants type 6, Adidas;1;1348.16;non-cash;;766
100003203;5-15-2022;0,594525463;Shirt type 8, Adidas;2;1299.3;non-cash;;710
100003203;5-15-2022;0,594525463;Cufflink type 6, Puma;1;365.72;non-cash;;205
100003216;4-22-2023;0,405127315;Sneakers type 3, Reebok;1;2059.78;cash;;1138
100003224;3-4-2024;0,856064815;Ball type 1, Puma;2;143.792;cash;;86
100003224;3-4-2024;0,856064815;Pants type 2, Adidas;1;2081.16;cash;;1107
100003250;1-28-2024;0,477233796;Shirt type 6, Puma;1;551.76;non-cash;ПІБ 785;330
100003250;1-28-2024;0,477233796;Shoes type 4, Adidas;1;3582.78;non-cash;ПІБ 785;1698
100003265;1-2-2023;0,664560185;Shoes type 1, Nike;1;3176.892;cash;;1611
100003265;1-2-2023;0,664560185;Shirt type 10, Puma;1;406.56912;cash;;283
100003265;1-2-2023;0,664560185;Shirt type 6, Reebok;1;643.632;cash;;330
100003269;3-13-2024;0,395034722;Cufflink type 5, Reebok;1;262.8;cash;;146
100003284;10-6-2022;0,61099537;T-shirt type 4, Reebok;1;356.1258;non-cash;;174
100003300;6-5-2024;0,837800926;Boots type 5, Adidas;1;2860.29;cash;;1563
100003300;6-5-2024;0,837800926;Cufflink type 6, Adidas;1;335.439;cash;;183
100003303;9-1-2023;0,726736111;Shirt type 2, Puma;1;853.632;non-cash;;494
100003303;9-1-2023;0,726736111;Type 3 shirt, Reebok;1;516.6;non-cash;;246
100003306;9-22-2022;0,596701389;Shirt type 1, Reebok;1;1357.92;non-cash;;738
100003312;10-12-2023;0,578229167;Tights type 2, Puma;1;350.67136;non-cash;ПІБ 437;257
100003312;10-12-2023;0,578229167;Sneakers type 6, Puma;2;4845.64736;non-cash;ПІБ 437;3128
100003318;2-13-2024;0,728101852;T-shirt type 6, Reebok;1;371.05;cash;ПІБ 1039;181
100003324;4-9-2022;0,862395833;Cap type 6, Nike;1;448.82112;non-cash;;237
100003356;11-24-2023;0,711342593;Shirt type 11, Puma;1;617.1648;non-cash;ПІБ 623;410
100003430;7-16-2023;0,714583333;T-shirt type 2, Nike;1;431.136;cash;;216
100003430;7-16-2023;0,714583333;Sneakers type 6, Reebok;1;1947.2904;cash;;1069
100003430;7-16-2023;0,714583333;Type 1 ball, Nike;1;97.38432;cash;;48
100003430;7-16-2023;0,714583333;Boots type 2, Adidas;1;6783.45;cash;;3309
100003430;7-16-2023;0,714583333;Type 1 ball, Nike;2;185.81376;cash;;96
100003476;2-19-2023;0,711030093;Cap type 4, Nike;1;573.672;cash;;246
100003483;1-31-2022;0,524699074;Tights type 7, Nike;1;299.14912;cash;;151
100003483;1-31-2022;0,524699074;Ball type 1, Puma;1;71.896;cash;;43
100003490;3-17-2023;0,823611111;Tights type 4, Puma;1;297.024;cash;;168
100003508;5-17-2024;0,627384259;Shirt type 12, Adidas;1;820.8;cash;;456
100003518;1-8-2023;0,700486111;T-shirt type 1, Nike;2;678.32;non-cash;;278
100003519;5-6-2023;0,735138889;Type 2 ball, Nike;1;83.62;cash;;37
100003531;9-18-2022;0,631956019;Pants type 12, Nike;1;1640.312;cash;ПІБ 256;758
100003531;9-18-2022;0,631956019;T-shirt type 4, Adidas;2;581.76;cash;ПІБ 256;288
100003539;1-26-2023;0,685960648;Tights type 6, Nike;1;536.52;non-cash;;255
100003539;1-26-2023;0,685960648;Boots type 6, Puma;1;2144.936;non-cash;;1361
100003539;1-26-2023;0,685960648;Flip flops type 1, Nike;1;371.68;non-cash;;184
100003539;1-26-2023;0,685960648;Cufflink type 7, Reebok;1;512.64;non-cash;;267
100003539;1-26-2023;0,685960648;Sneakers type 1, Reebok;1;2316.6;non-cash;;1053
100003542;8-20-2023;0,839780093;Cap type 5, Reebok;1;192.304;cash;;112
100003542;8-20-2023;0,839780093;Cap type 4, Puma;1;364.37168;cash;;251
100003556;7-13-2022;0,810868056;T-shirt type 1, Puma;1;233.696;cash;ПІБ 1010;134
100003556;7-13-2022;0,810868056;Cap type 3, Puma;2;776.88;cash;ПІБ 1010;498
100003556;7-13-2022;0,810868056;Flip flops type 2, Puma;1;318.56;cash;ПІБ 1010;181
100003556;7-13-2022;0,810868056;Tights type 6, Adidas;1;698.4;cash;ПІБ 1010;388
100003556;7-13-2022;0,810868056;Tights type 5, Adidas;2;1472.64;cash;ПІБ 1010;708
100003567;3-1-2022;0,577777778;Pants type 5, Adidas;1;914.0278;non-cash;;479
100003567;3-1-2022;0,577777778;T-shirt type 3, Puma;1;480.6;non-cash;;267
100003585;5-3-2023;0,866770833;Shirt type 7, Puma;2;2153.536;non-cash;;1288
100003585;5-3-2023;0,866770833;Flip flops type 3, Reebok;1;447.4602;non-cash;;243
100003585;5-3-2023;0,866770833;Shirt type 2, Adidas;1;1007.4;non-cash;;460
100003592;9-8-2024;0,840543981;Flip flops type 2, Nike;1;631.5968;non-cash;ПІБ 460;332
100003596;10-3-2023;0,596030093;Belt type 4, Puma;1;413.70624;cash;;268
100003597;7-30-2024;0,408333333;Belt type 2, Puma;1;192.50976;cash;;146
100003597;7-30-2024;0,408333333;Cap type 3, Adidas;2;661.5654;cash;;394
100003603;10-28-2022;0,621898148;Tights type 3, Reebok;1;303.416;cash;;184
100003603;10-28-2022;0,621898148;Flip flops type 3, Adidas;1;300.49;cash;;151
100003603;10-28-2022;0,621898148;Shirt type 1, Adidas;1;914.82;cash;;474
100003603;10-28-2022;0,621898148;Boots type 5, Reebok;1;5673.87;cash;;2741
100003615;1-25-2024;0,834421296;Sneakers type 6, Nike;1;4692.12;cash;;1923
100003626;2-8-2024;0,740648148;Pants type 10, Nike;2;2317.232;cash;;1154
100003626;2-8-2024;0,740648148;Shirt type 4, Adidas;2;717.96;cash;;372
100003626;2-8-2024;0,740648148;T-shirt type 1, Puma;1;233.696;cash;;134
100003627;4-27-2024;0,836481481;Cap type 7, Reebok;1;374.4;cash;;195
100003639;1-13-2023;0,6709375;Boots type 1, Adidas;1;7293.79;cash;ПІБ 613;3593
100003643;5-9-2022;0,684583333;T-shirt type 3, Puma;1;616.176;cash;;389
100003643;5-9-2022;0,684583333;Cap type 3, Reebok;1;516.12;cash;;253
100003643;5-9-2022;0,684583333;Cufflink type 1, Puma;1;227.88;cash;;135
100003643;5-9-2022;0,684583333;Shirt type 7, Reebok;2;2620.52;cash;;1372
100003643;5-9-2022;0,684583333;Shoes type 3, Adidas;1;3408.96;cash;;1608
100003643;5-9-2022;0,684583333;Cap type 6, Adidas;1;424.212;cash;;265
100003643;5-9-2022;0,684583333;Cufflink type 4, Adidas;1;1069.81;cash;;493
100003643;5-9-2022;0,684583333;Shirt type 9, Nike;1;1699.04;cash;;740
100003659;5-16-2023;0,476840278;Cap type 5, Nike;1;454.336;cash;;229
100003659;5-16-2023;0,476840278;Tights type 3, Adidas;1;378.1566;cash;;251
100003690;11-12-2022;0,392824074;Boots type 1, Nike;1;6055.728;cash;ПІБ 248;2814
100003694;2-15-2022;0,472465278;Belt type 3, Reebok;1;714.42;cash;ПІБ 310;378
100003703;7-28-2023;0,766168981;Pants type 10, Puma;1;1870.2;cash;;1039
100003705;11-3-2023;0,790185185;Cap type 4, Puma;1;423.688;cash;;251
100003718;8-12-2022;0,384814815;Sneakers type 6, Reebok;1;1966.96;non-cash;;1069
100003718;8-12-2022;0,384814815;Sneakers type 4, Adidas;1;1390.059;non-cash;;739
100003718;8-12-2022;0,384814815;Tights type 4, Nike;1;237.62616;non-cash;;123
100003718;8-12-2022;0,384814815;Shirt type 10, Nike;1;357.714;non-cash;;167
100003718;8-12-2022;0,384814815;Shoes type 2, Nike;1;3792.536;non-cash;;1562
100003718;8-12-2022;0,384814815;T-shirt type 4, Nike;1;481.41216;non-cash;;246
100003784;1-23-2023;0,758576389;Pants type 10, Reebok;1;336.5712;cash;;162
100003784;1-23-2023;0,758576389;Shirt type 1, Adidas;1;914.82;cash;;474
100003787;12-23-2022;0,423773148;Cap type 1, Puma;1;470.016;non-cash;;288
100003787;12-23-2022;0,423773148;Shirt type 3, Adidas;1;747.72;non-cash;;372
100003787;12-23-2022;0,423773148;T-shirt type 2, Nike;1;431.136;non-cash;;216
100003787;12-23-2022;0,423773148;Sneakers type 3, Adidas;1;3241.26;non-cash;;1637
100003831;3-17-2023;0,528032407;Shirt type 5, Adidas;1;1433.36;non-cash;;779
100003831;3-17-2023;0,528032407;T-shirt type 3, Reebok;2;881.4;non-cash;;452
100003837;6-20-2024;0,747164352;Pants type 6, Adidas;1;1532.0;non-cash;;766
100003837;6-20-2024;0,747164352;Pants type 2, Adidas;1;2081.16;non-cash;;1107
100003845;5-30-2024;0,738645833;Shirt type 2, Puma;1;776.80512;cash;;494
100003846;4-2-2022;0,770208333;Cufflink type 6, Puma;1;365.72;cash;ПІБ 1027;205
100003846;4-2-2022;0,770208333;Boots type 1, Nike;1;4844.5824;cash;ПІБ 1027;2814
100003885;9-30-2022;0,852951389;T-shirt type 3, Reebok;1;418.665;cash;;226
100003885;9-30-2022;0,852951389;Tights type 2, Nike;1;269.0;cash;;125
100003885;9-30-2022;0,852951389;Tights type 7, Adidas;1;797.04;cash;;369
100003909;1-18-2023;0,455300926;Cufflink type 7, Adidas;1;334.88;cash;;184
100003909;1-18-2023;0,455300926;Type 4 shirt, Reebok;1;1673.9;cash;;881
100003909;1-18-2023;0,455300926;Pants type 11, Reebok;1;1653.3244;cash;;857
100003914;3-23-2024;0,778564815;Shoes type 2, Adidas;1;3094.4292;cash;ПІБ 541;1761
100003914;3-23-2024;0,778564815;Sneakers type 4, Nike;1;1782.428;cash;ПІБ 541;893
100003916;5-5-2024;0,479513889;Belt type 3, Nike;2;938.528;non-cash;;422
100003918;2-3-2023;0,60099537;Flip flops type 3, Reebok;1;481.14;non-cash;;243
100003926;7-29-2022;0,438449074;Sneakers type 1, Nike;1;3992.892;non-cash;;1887
100003926;7-29-2022;0,438449074;Boots type 1, Puma;2;12633.632;non-cash;;7556
100003929;7-29-2023;0,690162037;Cufflink type 4, Puma;1;788.04;non-cash;;495
100003929;7-29-2023;0,690162037;T-shirt type 3, Nike;1;535.0;non-cash;;250
100003943;8-25-2022;0,509305556;Cap type 3, Puma;1;388.44;cash;;249
100003950;10-29-2023;0,393275463;Shirt type 7, Reebok;1;1310.26;cash;;686
100003975;4-22-2022;0,375289352;Cap type 8, Adidas;2;653.6;non-cash;;304
100003986;10-19-2023;0,412662037;Cap type 8, Puma;1;519.68;cash;;290
100003986;10-19-2023;0,412662037;Belt type 4, Puma;1;387.8496;cash;;268
100003986;10-19-2023;0,412662037;Cap type 1, Puma;1;192.76704;cash;;134
100003986;10-19-2023;0,412662037;T-shirt type 3, Puma;1;480.6;cash;;267
100003986;10-19-2023;0,412662037;Sneakers type 3, Adidas;1;3241.26;cash;;1637
100003986;10-19-2023;0,412662037;Shirt type 10, Adidas;1;446.9;cash;;205
100003992;1-12-2024;0,754814815;T-shirt type 7, Puma;2;403.104;cash;;228
100003992;1-12-2024;0,754814815;Sneakers type 6, Nike;1;4692.12;cash;;1923
100003992;1-12-2024;0,754814815;Boots type 2, Nike;2;10325.07648;cash;;5454
100003992;1-12-2024;0,754814815;Cap type 2, Reebok;1;378.4;cash;;176
100003992;1-12-2024;0,754814815;Belt type 1, Reebok;1;552.492;cash;;298
100003992;1-12-2024;0,754814815;Type 2 shirt, Nike;1;1560.9856;cash;;824
100003992;1-12-2024;0,754814815;Cap type 3, Adidas;1;231.0;cash;;110
100004008;6-4-2023;0,845601852;Ball type 2, Adidas;1;86.94;non-cash;;45
100004008;6-4-2023;0,845601852;Shirt type 12, Adidas;1;820.8;non-cash;;456
100004008;6-4-2023;0,845601852;Pants type 11, Puma;1;544.824;non-cash;;329
100004008;6-4-2023;0,845601852;Cufflink type 1, Adidas;1;526.62;non-cash;;262
100004053;12-9-2022;0,71037037;Shoes type 2, Reebok;1;4327.96;cash;;2378
100004059;3-20-2023;0,375347222;Type 1 ball, Nike;1;111.936;non-cash;;48
100004059;3-20-2023;0,375347222;Cap type 1, Reebok;1;529.2;non-cash;;245
100004068;12-30-2023;0,775069444;Shirt type 1, Puma;2;2852.256;cash;;1628
100004068;12-30-2023;0,775069444;Sneakers type 2, Puma;2;3158.112;cash;;1964
100004068;12-30-2023;0,775069444;Pants type 11, Adidas;1;1697.28;cash;;884
100004068;12-30-2023;0,775069444;Pants type 3, Reebok;1;1850.97;cash;;869
100004085;8-2-2024;0,739016204;Pants type 12, Adidas;1;974.46;non-cash;;447
100004093;5-4-2022;0,810335648;Tights type 2, Nike;1;269.0;cash;;125
100004098;12-10-2022;0,701539352;Shirt type 9, Nike;1;1699.04;non-cash;;740
100004098;12-10-2022;0,701539352;Flip flops type 1, Adidas;1;391.95;non-cash;;195
100004098;12-10-2022;0,701539352;T-shirt type 3, Nike;1;535.0;non-cash;;250
100004098;12-10-2022;0,701539352;T-shirt type 1, Puma;1;233.696;non-cash;;134
100004103;12-30-2022;0,396412037;Cufflink type 6, Puma;2;731.44;cash;;410
100004103;12-30-2022;0,396412037;Tights type 2, Nike;1;269.0;cash;;125
100004106;5-17-2023;0,731828704;Cap type 1, Adidas;1;339.5;cash;;175
100004106;5-17-2023;0,731828704;Cap type 3, Nike;1;357.06;cash;;165
100004112;3-27-2022;0,510891204;Pants type 4, Nike;1;2242.3876;non-cash;;1007
100004118;12-22-2022;0,487951389;Type 1 ball, Nike;1;111.936;non-cash;;48
100004118;12-22-2022;0,487951389;Cufflink type 5, Reebok;1;262.8;non-cash;;146
100004118;12-22-2022;0,487951389;T-shirt type 3, Nike;1;444.05;non-cash;;250
100004118;12-22-2022;0,487951389;Cufflink type 3, Reebok;1;661.8848;non-cash;;391
100004122;1-7-2023;0,42619213;Cufflink type 3, Puma;1;648.96;non-cash;;390
100004122;1-7-2023;0,42619213;T-shirt type 6, Nike;1;692.692;non-cash;;346
100004155;1-30-2023;0,740555556;Cap type 3, Reebok;1;315.57;cash;;157
100004155;1-30-2023;0,740555556;Tights type 4, Adidas;1;688.2;cash;;370
100004155;1-30-2023;0,740555556;Sneakers type 6, Reebok;1;1966.96;cash;;1069
100004155;1-30-2023;0,740555556;Boots type 6, Nike;1;5533.412;cash;;2279
100004155;1-30-2023;0,740555556;Boots type 6, Adidas;1;5889.38;cash;;2714
100004191;10-19-2023;0,670185185;T-shirt type 4, Nike;1;594.336;non-cash;;246
100004191;10-19-2023;0,670185185;Cufflink type 3, Puma;1;616.512;non-cash;;390
100004191;10-19-2023;0,670185185;Cap type 8, Puma;1;519.68;non-cash;;290
100004198;3-27-2022;0,852858796;Belt type 4, Reebok;1;450.76;cash;ПІБ 965;236
100004198;3-27-2022;0,852858796;Type 3 shoes, Nike;2;13300.736;cash;ПІБ 965;6704
100004198;3-27-2022;0,852858796;Cap type 1, Reebok;1;529.2;cash;ПІБ 965;245
100004201;11-19-2022;0,387349537;Sneakers type 3, Nike;1;2651.176;cash;;1282
100004202;6-8-2023;0,828125;Shirt type 5, Adidas;1;1333.0248;cash;ПІБ 212;779
100004210;1-31-2022;0,7425;Belt type 3, Nike;1;469.264;non-cash;;211
100004210;1-31-2022;0,7425;Type 5 shirt, Nike;1;747.63008;non-cash;;419
100004210;1-31-2022;0,7425;Sneakers type 3, Nike;2;4878.16384;non-cash;;2564
100004265;11-23-2023;0,602893519;Flip flops type 3, Adidas;2;600.98;cash;ПІБ 957;302
100004265;11-23-2023;0,602893519;Boots type 4, Puma;1;5809.6;cash;ПІБ 957;3631
100004283;3-31-2023;0,677071759;Pants type 10, Puma;1;1870.2;cash;;1039
100004307;8-22-2023;0,396875;Cufflink type 5, Adidas;1;670.32;cash;ПІБ 79;342
100004331;9-1-2022;0,792777778;Cufflink type 4, Reebok;1;763.7532;cash;;419
100004336;6-16-2022;0,67431713;Boots type 4, Nike;1;6097.59744;cash;;2868
100004336;6-16-2022;0,67431713;Sneakers type 2, Nike;1;4556.48;cash;;1964
100004336;6-16-2022;0,67431713;Cap type 5, Adidas;1;322.74;cash;;163
100004336;6-16-2022;0,67431713;Flip flops type 3, Adidas;1;300.49;cash;;151
100004338;10-16-2022;0,546053241;Cap type 7, Adidas;1;262.3104;non-cash;;176
100004356;10-1-2023;0,407511574;Pants type 12, Reebok;1;531.9636;cash;;249
100004375;4-9-2024;0,585185185;Cap type 7, Nike;1;411.87328;cash;;208
100004375;4-9-2024;0,585185185;Shirt type 1, Adidas;2;1829.64;cash;;948
100004375;4-9-2024;0,585185185;Flip flops type 1, Reebok;1;686.4;cash;;312
100004375;4-9-2024;0,585185185;T-shirt type 1, Puma;1;420.784;cash;;238
100004378;4-1-2023;0,519537037;T-shirt type 3, Nike;1;492.2;non-cash;ПІБ 218;230
100004378;4-1-2023;0,519537037;Sneakers type 1, Puma;1;2891.328;non-cash;ПІБ 218;1628
100004378;4-1-2023;0,519537037;Cufflink type 7, Reebok;2;933.0048;non-cash;ПІБ 218;534
100004378;4-1-2023;0,519537037;Sneakers type 4, Adidas;2;3027.2396;non-cash;ПІБ 218;1478
100004389;8-14-2024;0,827939815;Belt type 2, Adidas;2;593.229;cash;;318
100004389;8-14-2024;0,827939815;Shoes type 4, Adidas;1;3582.78;cash;;1698
100004397;8-15-2022;0,607337963;Shoes type 2, Adidas;1;3161.6994;non-cash;;1761
100004408;6-26-2022;0,860219907;Tights type 2, Reebok;1;415.8;non-cash;;210
100004408;6-26-2022;0,860219907;T-shirt type 1, Nike;2;904.4;non-cash;;380
100004427;1-22-2023;0,867835648;Pants type 10, Puma;1;1870.2;non-cash;;1039
100004464;9-5-2022;0,529826389;Cufflink type 6, Adidas;2;670.878;non-cash;;366
100004464;9-5-2022;0,529826389;Pants type 9, Reebok;1;608.16;non-cash;;336
100004464;9-5-2022;0,529826389;T-shirt type 2, Puma;1;282.24;non-cash;;200
100004465;10-26-2022;0,687199074;Cap type 6, Reebok;1;203.3;non-cash;;107
100004466;10-16-2022;0,500486111;Shirt type 8, Puma;1;475.2;cash;;264
100004466;10-16-2022;0,500486111;Pants type 3, Nike;2;3073.056;cash;;1428
100004489;4-27-2022;0,468078704;Pants type 5, Adidas;1;972.37;cash;;479
100004489;4-27-2022;0,468078704;Cap type 8, Puma;1;519.68;cash;;290
100004489;4-27-2022;0,468078704;Belt type 4, Puma;1;430.944;cash;;268
100004494;8-29-2024;0,719016204;Type 2 shirt, Reebok;1;554.4;cash;;252
100004494;8-29-2024;0,719016204;T-shirt type 4, Nike;1;341.938;cash;;178
100004494;8-29-2024;0,719016204;Cap type 3, Reebok;1;495.4752;cash;;253
100004494;8-29-2024;0,719016204;Pants type 10, Adidas;1;1062.096;cash;;580
100004495;7-25-2024;0,854918981;Type 1 ball, Reebok;1;93.74;non-cash;ПІБ 1001;43
100004502;3-5-2022;0,803946759;Shirt type 4, Adidas;1;358.98;cash;;186
100004510;7-16-2022;0,627164352;Tights type 4, Nike;1;289.788;non-cash;ПІБ 20;123
100004510;7-16-2022;0,627164352;Boots type 5, Adidas;2;5720.58;non-cash;ПІБ 20;3126
100004529;2-17-2022;0,485694444;Ball type 1, Adidas;1;51.987;cash;;31
100004529;2-17-2022;0,485694444;Belt type 4, Adidas;1;390.236;cash;;181
100004529;2-17-2022;0,485694444;Ball type 2, Puma;2;141.8256;cash;;90
100004529;2-17-2022;0,485694444;Sneakers type 4, Puma;1;1451.904;cash;;912
100004529;2-17-2022;0,485694444;Sneakers type 6, Puma;1;2577.472;cash;;1564
100004529;2-17-2022;0,485694444;Cap type 5, Nike;1;377.09888;cash;;229
100004529;2-17-2022;0,485694444;Pants type 5, Adidas;1;972.37;cash;;479
100004529;2-17-2022;0,485694444;T-shirt type 2, Reebok;1;461.89;cash;;247
100004529;2-17-2022;0,485694444;Cap type 2, Puma;2;760.32;cash;;440
100004529;2-17-2022;0,485694444;Ball type 1, Adidas;1;60.45;cash;;31
100004544;12-18-2022;0,59369213;Pants type 6, Reebok;1;1323.96;cash;ПІБ 32;649
100004544;12-18-2022;0,59369213;Cap type 5, Adidas;1;322.74;cash;ПІБ 32;163
100004544;12-18-2022;0,59369213;Tights type 3, Adidas;1;466.86;cash;ПІБ 32;251
100004544;12-18-2022;0,59369213;Shoes type 4, Nike;1;5776.12;cash;ПІБ 32;2947
100004544;12-18-2022;0,59369213;Cufflink type 6, Adidas;1;356.85;cash;ПІБ 32;183
100004544;12-18-2022;0,59369213;T-shirt type 1, Reebok;1;309.68;cash;ПІБ 32;158
100004557;7-13-2023;0,620648148;Shirt type 1, Puma;1;1369.08288;cash;;814
100004568;8-1-2022;0,788321759;Cufflink type 7, Puma;2;392.0;cash;;250
100004568;8-1-2022;0,788321759;Sneakers type 5, Puma;2;1813.06512;cash;;1406
100004591;9-23-2024;0,49306713;Cap type 3, Puma;1;388.44;non-cash;ПІБ 862;249
100004591;9-23-2024;0,49306713;Belt type 4, Puma;1;430.944;non-cash;ПІБ 862;268
100004606;9-11-2023;0,569537037;Flip flops type 3, Puma;1;338.56;non-cash;;230
100004606;9-11-2023;0,569537037;Cap type 8, Nike;1;518.3724;non-cash;;282
100004606;9-11-2023;0,569537037;Shirt type 8, Puma;2;950.4;non-cash;;528
100004620;7-22-2024;0,718599537;T-shirt type 1, Nike;1;339.16;non-cash;;139
100004621;7-25-2023;0,765520833;Ball type 2, Adidas;2;189.0;non-cash;ПІБ 286;90
100004624;3-28-2023;0,674131944;Boots type 4, Reebok;1;7161.1;non-cash;;3769
100004639;9-16-2023;0,870671296;Cap type 2, Puma;1;314.64;non-cash;;190
100004651;11-5-2023;0,400543981;Boots type 4, Nike;1;6929.088;non-cash;;2868
100004679;4-21-2022;0,561979167;Pants type 11, Reebok;1;1816.84;non-cash;;857
100004679;4-21-2022;0,561979167;Tights type 5, Nike;1;506.984;non-cash;;254
100004679;4-21-2022;0,561979167;Type 3 shirt, Reebok;2;1033.2;non-cash;;492
100004679;4-21-2022;0,561979167;Tights type 2, Nike;1;269.0;non-cash;;125
100004679;4-21-2022;0,561979167;Sneakers type 5, Puma;1;1119.176;non-cash;;703
100004680;1-30-2024;0,768055556;Tights type 6, Reebok;1;691.6;cash;;380
100004681;10-16-2023;0,853993056;Shirt type 5, Puma;1;1044.96;cash;;622
100004687;7-16-2024;0,687280093;Sneakers type 3, Nike;1;2651.176;cash;;1282
100004687;7-16-2024;0,687280093;Tights type 2, Adidas;1;94.6176;cash;;56
100004687;7-16-2024;0,687280093;Pants type 4, Puma;1;1185.06888;cash;;919
100004687;7-16-2024;0,687280093;T-shirt type 5, Nike;1;568.4;cash;;245
100004687;7-16-2024;0,687280093;Shirt type 6, Puma;1;551.76;cash;;330
100004687;7-16-2024;0,687280093;Cap type 6, Reebok;1;178.904;cash;;107
100004692;9-11-2024;0,730868056;T-shirt type 6, Adidas;1;317.904;cash;ПІБ 982;179
100004692;9-11-2024;0,730868056;Type 2 shirt, Nike;1;1658.5472;cash;ПІБ 982;824
100004692;9-11-2024;0,730868056;T-shirt type 1, Nike;1;416.024;cash;ПІБ 982;190
100004700;11-15-2023;0,580324074;T-shirt type 1, Adidas;1;459.9;cash;;219
100004700;11-15-2023;0,580324074;Shirt type 3, Puma;1;273.6;cash;;152
100004700;11-15-2023;0,580324074;Boots type 5, Puma;1;2273.648;cash;;1286
100004700;11-15-2023;0,580324074;Tights type 7, Puma;1;565.76;cash;;320
100004700;11-15-2023;0,580324074;T-shirt type 3, Nike;1;535.0;cash;;250
100004708;2-15-2022;0,780613426;Shirt type 8, Puma;1;418.176;cash;;264
100004708;2-15-2022;0,780613426;Tights type 7, Reebok;1;315.59;cash;;151
100004708;2-15-2022;0,780613426;Cap type 2, Reebok;1;196.35;cash;;105
100004713;2-20-2024;0,440752315;Type 3 shirt, Nike;1;1737.236;non-cash;;821
100004730;7-23-2024;0,407152778;Boots type 1, Reebok;1;4917.9;non-cash;ПІБ 1238;2535
100004730;7-23-2024;0,407152778;Tights type 1, Adidas;1;708.75;non-cash;ПІБ 1238;375
100004730;7-23-2024;0,407152778;Type 3 shirt, Nike;1;1546.14004;non-cash;ПІБ 1238;821
100004730;7-23-2024;0,407152778;Cufflink type 4, Adidas;1;887.9423;non-cash;ПІБ 1238;493
100004730;7-23-2024;0,407152778;Type 1 shirt, Nike;1;1700.784;non-cash;ПІБ 1238;837
100004730;7-23-2024;0,407152778;Shirt type 6, Reebok;1;699.6;non-cash;ПІБ 1238;330
100004741;7-1-2022;0,845960648;Pants type 3, Reebok;1;1554.8148;non-cash;;869
100004741;7-1-2022;0,845960648;Pants type 10, Reebok;2;686.88;non-cash;;324
100004768;8-2-2023;0,506377315;Shirt type 7, Adidas;1;1550.25;non-cash;;795
100004768;8-2-2023;0,506377315;Sneakers type 6, Puma;1;2577.472;non-cash;;1564
100004768;8-2-2023;0,506377315;Cap type 6, Adidas;1;487.6;non-cash;;265
100004786;1-8-2022;0,690740741;Type 4 shirt, Nike;1;2053.344;non-cash;ПІБ 420;876
100004786;1-8-2022;0,690740741;Tights type 1, Puma;1;215.496;non-cash;ПІБ 420;123
100004804;8-19-2024;0,817372685;Sneakers type 3, Adidas;1;2852.3088;non-cash;;1637
100004833;7-18-2024;0,407858796;Pants type 8, Nike;1;1313.14848;cash;;743
100004859;12-22-2022;0,82162037;Type 3 shirt, Nike;1;1737.236;cash;;821
100004861;5-16-2024;0,545694444;Shirt type 8, Puma;2;798.336;cash;;528
100004861;5-16-2024;0,545694444;T-shirt type 1, Adidas;2;919.8;cash;;438
100004861;5-16-2024;0,545694444;Cufflink type 1, Reebok;1;767.97;cash;;371
100004861;5-16-2024;0,545694444;T-shirt type 1, Adidas;2;1594.32;cash;;728
100004867;2-21-2023;0,426469907;Pants type 5, Adidas;1;972.37;cash;;479
100004874;7-24-2023;0,642303241;Pants type 6, Puma;1;1155.01536;non-cash;ПІБ 1239;761
100004874;7-24-2023;0,642303241;Cufflink type 6, Adidas;1;356.85;non-cash;ПІБ 1239;183
100004874;7-24-2023;0,642303241;Shoes type 2, Adidas;2;6727.02;non-cash;ПІБ 1239;3522
100004894;9-12-2023;0,853564815;Shoes type 2, Puma;2;6469.888;non-cash;;4064
100004907;4-21-2024;0,807824074;Cap type 5, Puma;1;234.08;non-cash;;140
100004907;4-21-2024;0,807824074;Shirt type 7, Reebok;1;1310.26;non-cash;;686
100004911;7-3-2022;0,723506944;Boots type 5, Nike;1;8007.18;non-cash;;3543
100004911;7-3-2022;0,723506944;Cap type 8, Reebok;1;356.3868;non-cash;;209
100004928;9-21-2023;0,52724537;Shirt type 7, Nike;1;1646.56;non-cash;ПІБ 2;820
100004928;9-21-2023;0,52724537;Cufflink type 4, Reebok;1;821.24;non-cash;ПІБ 2;419
100004928;9-21-2023;0,52724537;Cufflink type 5, Puma;1;225.792;non-cash;ПІБ 2;140
100004939;3-21-2023;0,823287037;Tights type 2, Adidas;1;107.52;cash;;56
100004939;3-21-2023;0,823287037;T-shirt type 4, Nike;1;402.28;cash;;178
100004939;3-21-2023;0,823287037;Pants type 7, Puma;1;482.232;cash;;283
100004946;1-28-2022;0,710277778;Shirt type 9, Puma;1;562.632;cash;ПІБ 668;425
100004946;1-28-2022;0,710277778;Boots type 6, Adidas;1;5536.0172;cash;ПІБ 668;2714
100004946;1-28-2022;0,710277778;Cap type 7, Reebok;1;348.192;cash;ПІБ 668;195
100004966;9-21-2023;0,820428241;Cap type 3, Nike;1;609.54112;non-cash;ПІБ 909;298
100004966;9-21-2023;0,820428241;Type 4 shirt, Nike;1;2012.27712;non-cash;ПІБ 909;876
100004966;9-21-2023;0,820428241;Sneakers type 5, Puma;1;917.72432;non-cash;ПІБ 909;703
100004966;9-21-2023;0,820428241;Pants type 9, Reebok;1;547.344;non-cash;ПІБ 909;336
100004966;9-21-2023;0,820428241;Pants type 4, Puma;1;1419.15656;non-cash;ПІБ 909;919
100004966;9-21-2023;0,820428241;Shoes type 3, Adidas;2;6817.92;non-cash;ПІБ 909;3216
100004966;9-21-2023;0,820428241;Shoes type 3, Adidas;1;3408.96;non-cash;ПІБ 909;1608
100004966;9-21-2023;0,820428241;Shoes type 2, Adidas;2;6727.02;non-cash;ПІБ 909;3522
100004966;9-21-2023;0,820428241;Tights type 3, Nike;1;436.244;non-cash;ПІБ 909;191
100004967;1-13-2024;0,577905093;Pants type 2, Reebok;1;335.49;cash;;159
100004967;1-13-2024;0,577905093;Cap type 2, Nike;1;541.66;cash;;265
100004995;10-23-2023;0,648946759;Pants type 1, Adidas;1;1564.92;cash;;828
100004995;10-23-2023;0,648946759;Cap type 1, Reebok;1;495.55;cash;;265
100004995;10-23-2023;0,648946759;Shirt type 10, Nike;2;794.92;cash;;334
100005012;5-7-2024;0,433657407;Shirt type 10, Reebok;1;1125.72;cash;;531
100005038;8-4-2024;0,729305556;Cufflink type 1, Puma;1;195.9768;cash;;135
100005049;11-1-2022;0,378055556;Cap type 3, Adidas;2;638.7528;cash;;394
100005053;6-13-2024;0,851759259;T-shirt type 2, Nike;1;934.78;non-cash;;385
100005060;8-27-2022;0,855844907;Type 1 ball, Nike;2;223.872;cash;;96
100005065;9-5-2024;0,650671296;Tights type 2, Adidas;1;107.52;cash;;56
100005093;1-9-2024;0,571087963;T-shirt type 7, Nike;1;739.1464;cash;;391
100005096;10-11-2023;0,468252315;Pants type 1, Nike;2;3867.5612;non-cash;;1874
100005108;7-29-2022;0,54130787;Tights type 6, Nike;1;536.52;cash;ПІБ 980;255
100005108;7-29-2022;0,54130787;Cufflink type 4, Reebok;1;821.24;cash;ПІБ 980;419
100005108;7-29-2022;0,54130787;Boots type 5, Adidas;1;2374.0407;cash;ПІБ 980;1563
100005133;9-7-2022;0,519143519;Type 3 shirt, Reebok;1;516.6;cash;;246
100005133;9-7-2022;0,519143519;Tights type 7, Reebok;1;315.59;cash;;151
100005168;12-4-2023;0,381400463;Cap type 3, Reebok;1;510.9588;cash;ПІБ 1229;253
100005168;12-4-2023;0,381400463;T-shirt type 7, Adidas;1;364.06;cash;ПІБ 1229;167
100005175;8-18-2024;0,533449074;Boots type 6, Nike;1;5533.412;non-cash;;2279
100005182;8-12-2024;0,416273148;Sneakers type 6, Nike;1;4692.12;non-cash;;1923
100005182;8-12-2024;0,416273148;Cufflink type 3, Reebok;2;1438.88;non-cash;;782
100005184;9-11-2022;0,745590278;Cufflink type 4, Puma;1;788.04;non-cash;;495
100005195;8-19-2024;0,555289352;Belt type 2, Nike;2;1073.6;cash;;440
100005195;8-19-2024;0,555289352;Pants type 6, Nike;1;2298.168;cash;;1062
100005199;5-28-2024;0,583159722;Cufflink type 3, Reebok;2;1438.88;non-cash;;782
100005199;5-28-2024;0,583159722;Shoes type 3, Adidas;1;3170.3328;non-cash;;1608
100005199;5-28-2024;0,583159722;Sneakers type 2, Adidas;1;2117.61;non-cash;;1023
100005199;5-28-2024;0,583159722;T-shirt type 2, Adidas;1;434.214;non-cash;;258
100005199;5-28-2024;0,583159722;Pants type 11, Nike;1;768.25176;non-cash;;453
100005199;5-28-2024;0,583159722;Belt type 2, Adidas;1;325.95;non-cash;;159
100005199;5-28-2024;0,583159722;Shirt type 10, Reebok;1;1125.72;non-cash;;531
100005211;12-21-2022;0,66375;Shirt type 10, Reebok;2;2251.44;non-cash;;1062
100005211;12-21-2022;0,66375;Cufflink type 5, Nike;1;949.648;non-cash;;427
100005211;12-21-2022;0,66375;Cap type 3, Puma;1;479.864;non-cash;;287
100005228;8-26-2023;0,506944444;Shoes type 2, Nike;1;3792.536;cash;;1562
100005233;5-17-2022;0,554328704;Cap type 4, Adidas;1;540.288;cash;ПІБ 915;280
100005233;5-17-2022;0,554328704;Belt type 1, Puma;1;310.184;cash;ПІБ 915;191
100005233;5-17-2022;0,554328704;Pants type 10, Puma;2;3740.4;cash;ПІБ 915;2078
100005248;4-12-2022;0,503078704;Shirt type 6, Nike;1;1552.824;non-cash;ПІБ 966;702
100005248;4-12-2022;0,503078704;Cap type 7, Nike;1;452.608;non-cash;ПІБ 966;208
100005248;4-12-2022;0,503078704;Flip flops type 1, Adidas;1;391.95;non-cash;ПІБ 966;195
100005253;8-29-2022;0,444849537;Pants type 11, Nike;2;1786.632;non-cash;;906
100005256;9-3-2022;0,633993056;Cufflink type 4, Reebok;1;821.24;non-cash;;419
100005256;9-3-2022;0,633993056;T-shirt type 2, Adidas;1;310.8;non-cash;;168
100005258;7-5-2023;0,70412037;Tights type 4, Nike;1;249.21768;cash;ПІБ 87;123
100005258;7-5-2023;0,70412037;Boots type 6, Adidas;1;5830.4862;cash;ПІБ 87;2714
100005259;3-31-2022;0,459097222;T-shirt type 3, Nike;2;1070.0;non-cash;;500
100005276;9-3-2024;0,581863426;Shirt type 12, Reebok;2;2553.74;cash;ПІБ 300;1258
100005276;9-3-2024;0,581863426;Shirt type 10, Nike;1;397.46;cash;ПІБ 300;167
100005276;9-3-2024;0,581863426;Sneakers type 6, Adidas;1;2545.92;cash;ПІБ 300;1224
100005276;9-3-2024;0,581863426;Tights type 2, Puma;1;427.648;cash;ПІБ 300;257
100005300;3-22-2024;0,578993056;Shoes type 3, Reebok;1;2475.198;cash;;1389
100005305;7-28-2023;0,520486111;Tights type 5, Adidas;2;1472.64;cash;ПІБ 91;708
100005322;3-24-2023;0,408414352;Sneakers type 6, Nike;1;4692.12;cash;ПІБ 769;1923
100005330;12-27-2023;0,5775;Shirt type 8, Adidas;1;649.65;non-cash;;355
100005330;12-27-2023;0,5775;Cap type 3, Reebok;1;255.6117;non-cash;;157
100005330;12-27-2023;0,5775;T-shirt type 5, Puma;1;247.976;non-cash;;139
100005330;12-27-2023;0,5775;Boots type 3, Adidas;1;6357.88;non-cash;;2999
100005333;3-23-2023;0,869780093;Tights type 5, Adidas;1;736.32;cash;ПІБ 425;354
100005333;3-23-2023;0,869780093;Boots type 4, Reebok;1;7161.1;cash;ПІБ 425;3769
100005333;3-23-2023;0,869780093;Cufflink type 6, Nike;1;615.048;cash;ПІБ 425;294
100005351;12-14-2023;0,459166667;Pants type 6, Reebok;1;1284.2412;cash;;649
100005351;12-14-2023;0,459166667;Pants type 10, Adidas;1;1264.4;cash;;580
100005355;6-4-2023;0,832974537;Cufflink type 1, Reebok;1;767.97;cash;;371
100005355;6-4-2023;0,832974537;Ball type 1, Puma;2;129.4128;cash;;86
100005376;2-17-2022;0,41025463;Sneakers type 4, Reebok;2;7004.0;cash;;3400
100005395;6-23-2023;0,805196759;Sneakers type 2, Reebok;1;1295.84;non-cash;;712
100005395;6-23-2023;0,805196759;Pants type 8, Adidas;1;2127.06;non-cash;;1053
100005395;6-23-2023;0,805196759;Sneakers type 1, Reebok;1;2316.6;non-cash;;1053
100005408;4-3-2023;0,484641204;Cufflink type 5, Reebok;1;262.8;cash;;146
100005408;4-3-2023;0,484641204;Shoes type 4, Puma;1;3041.776;cash;;1802
100005411;11-2-2022;0,644467593;Cufflink type 1, Adidas;2;1053.24;cash;;524
100005426;2-1-2023;0,577962963;Pants type 7, Reebok;1;1367.379;non-cash;;806
100005434;4-14-2022;0,405891204;Pants type 9, Puma;1;858.28;cash;;499
100005434;4-14-2022;0,405891204;Type 2 ball, Nike;1;83.62;cash;;37
100005434;4-14-2022;0,405891204;Cufflink type 7, Puma;1;196.0;cash;;125
100005451;8-18-2022;0,726712963;T-shirt type 7, Reebok;1;549.12;cash;ПІБ 388;286
100005451;8-18-2022;0,726712963;Type 2 shirt, Reebok;1;554.4;cash;ПІБ 388;252
100005451;8-18-2022;0,726712963;Pants type 6, Reebok;1;1271.0016;cash;ПІБ 388;649
100005451;8-18-2022;0,726712963;Cufflink type 6, Nike;1;615.048;cash;ПІБ 388;294
100005476;7-29-2023;0,399351852;Pants type 11, Nike;1;884.38284;non-cash;;453
100005476;7-29-2023;0,399351852;Cufflink type 7, Adidas;1;294.6944;non-cash;;184
100005476;7-29-2023;0,399351852;Pants type 1, Adidas;1;1564.92;non-cash;;828
100005482;4-27-2024;0,547013889;Tights type 7, Nike;1;364.816;cash;ПІБ 671;151
100005482;4-27-2024;0,547013889;Cufflink type 6, Adidas;1;331.8705;cash;ПІБ 671;183
100005482;4-27-2024;0,547013889;Cap type 1, Nike;1;455.168;cash;ПІБ 671;224
100005484;5-28-2022;0,48181713;Pants type 10, Nike;1;1158.616;non-cash;;577
100005484;5-28-2022;0,48181713;Cufflink type 7, Puma;1;196.0;non-cash;;125
100005484;5-28-2022;0,48181713;T-shirt type 7, Puma;1;201.552;non-cash;;114
100005486;5-5-2023;0,405486111;Tights type 7, Nike;1;321.03808;non-cash;;151
100005489;3-6-2022;0,725949074;Tights type 2, Puma;2;855.296;non-cash;;514
100005489;3-6-2022;0,725949074;Pants type 6, Nike;1;2298.168;non-cash;;1062
100005504;2-21-2022;0,407314815;Tights type 4, Nike;2;527.41416;cash;;246
100005504;2-21-2022;0,407314815;Shirt type 9, Adidas;1;1818.46;cash;;838
100005504;2-21-2022;0,407314815;Type 2 ball, Nike;1;83.62;cash;;37
100005504;2-21-2022;0,407314815;Pants type 11, Adidas;1;1374.7968;cash;;884
100005514;7-6-2023;0,378310185;Boots type 6, Adidas;1;5889.38;cash;;2714
100005514;7-6-2023;0,378310185;Shirt type 12, Adidas;1;820.8;cash;;456
100005516;7-17-2023;0,502534722;Tights type 7, Adidas;1;797.04;cash;;369
100005516;7-17-2023;0,502534722;Shirt type 9, Reebok;1;546.0;cash;;273
100005528;1-8-2022;0,58587963;Shoes type 2, Adidas;2;6727.02;non-cash;ПІБ 1192;3522
100005556;3-3-2022;0,783831019;Cufflink type 5, Adidas;1;623.3976;cash;;342
100005579;8-16-2023;0,580138889;Cap type 7, Nike;1;452.608;non-cash;;208
100005586;3-5-2024;0,5375;Shirt type 7, Nike;1;1646.56;non-cash;ПІБ 836;820
100005586;3-5-2024;0,5375;Pants type 8, Puma;2;1519.264;non-cash;ПІБ 836;964
100005586;3-5-2024;0,5375;T-shirt type 2, Adidas;1;251.748;non-cash;ПІБ 836;168
100005586;3-5-2024;0,5375;Shirt type 7, Nike;2;3293.12;non-cash;ПІБ 836;1640
100005592;5-7-2022;0,822013889;Cap type 2, Puma;1;267.444;non-cash;;190
100005592;5-7-2022;0,822013889;T-shirt type 1, Puma;2;841.568;non-cash;;476
100005592;5-7-2022;0,822013889;Pants type 1, Reebok;1;2099.34;non-cash;;981
100005599;2-14-2023;0,7878125;Boots type 5, Puma;1;2273.648;non-cash;;1286
100005611;3-14-2023;0,826099537;Ball type 2, Adidas;1;94.5;non-cash;;45
100005611;3-14-2023;0,826099537;Sneakers type 3, Adidas;1;3241.26;non-cash;;1637
100005614;2-4-2023;0,864733796;Pants type 3, Nike;1;1475.06688;cash;;714
100005614;2-4-2023;0,864733796;Shirt type 1, Puma;1;1426.128;cash;;814
100005614;2-4-2023;0,864733796;Belt type 2, Nike;1;450.912;cash;;220
100005635;5-7-2023;0,810347222;Cap type 3, Nike;1;570.63424;non-cash;;298
100005668;10-22-2023;0,744212963;Shirt type 1, Puma;1;1426.128;cash;;814
100005668;10-22-2023;0,744212963;Cap type 6, Adidas;1;487.6;cash;;265
100005672;10-17-2023;0,739224537;Belt type 3, Puma;1;593.712;non-cash;;342
100005672;10-17-2023;0,739224537;Sneakers type 5, Puma;1;1085.60072;non-cash;;703
100005703;5-17-2024;0,514166667;Pants type 4, Reebok;1;2210.88;cash;;1176
100005703;5-17-2024;0,514166667;Shirt type 5, Puma;1;1024.0608;cash;;622
100005707;9-18-2023;0,378414352;Sneakers type 1, Puma;1;2544.36864;cash;;1628
100005708;4-14-2023;0,763148148;Cufflink type 4, Puma;1;685.5948;non-cash;;495
100005712;9-2-2023;0,718888889;T-shirt type 4, Adidas;2;581.76;cash;;288
100005720;5-13-2022;0,528518519;Tights type 2, Puma;1;389.15968;cash;;257
100005720;5-13-2022;0,528518519;Shirt type 4, Adidas;1;355.3902;cash;;186
100005720;5-13-2022;0,528518519;Belt type 4, Reebok;2;883.4896;cash;;472
100005726;7-19-2024;0,724768519;Cap type 1, Puma;1;216.56544;non-cash;;134
100005727;4-3-2023;0,521689815;Pants type 9, Puma;1;849.6972;non-cash;;499
100005727;4-3-2023;0,521689815;Pants type 6, Adidas;2;2635.04;non-cash;;1532
100005727;4-3-2023;0,521689815;Pants type 5, Nike;1;2028.288;non-cash;;912
100005727;4-3-2023;0,521689815;Tights type 1, Adidas;1;787.5;non-cash;;375
100005727;4-3-2023;0,521689815;Boots type 1, Reebok;2;9835.8;non-cash;;5070
100005727;4-3-2023;0,521689815;Cap type 1, Puma;1;432.41472;non-cash;;288
100005727;4-3-2023;0,521689815;Cufflink type 1, Adidas;1;489.7566;non-cash;;262
100005727;4-3-2023;0,521689815;Pants type 6, Adidas;1;1532.0;non-cash;;766
100005734;8-30-2024;0,414571759;Shirt type 11, Adidas;1;547.274;non-cash;ПІБ 799;310
100005765;1-2-2023;0,778622685;Type 2 shirt, Nike;1;1580.49792;cash;;824
100005765;1-2-2023;0,778622685;Pants type 1, Nike;1;2275.036;cash;;937
100005765;1-2-2023;0,778622685;Boots type 6, Puma;1;2144.936;cash;;1361
100005765;1-2-2023;0,778622685;Shirt type 8, Nike;1;1172.888;cash;;542
100005765;1-2-2023;0,778622685;Boots type 3, Adidas;1;6357.88;cash;;2999
100005788;9-7-2022;0,685983796;Cap type 8, Nike;1;569.64;cash;;282
100005788;9-7-2022;0,685983796;Belt type 3, Reebok;1;714.42;cash;;378
100005790;10-26-2023;0,389259259;Pants type 9, Puma;1;806.7832;non-cash;;499
100005790;10-26-2023;0,389259259;T-shirt type 4, Reebok;1;271.6;non-cash;;140
100005795;10-21-2023;0,538657407;Boots type 3, Puma;1;4924.416;cash;;2748
100005795;10-21-2023;0,538657407;Pants type 9, Puma;1;858.28;cash;;499
100005795;10-21-2023;0,538657407;T-shirt type 6, Adidas;1;331.15;cash;;179
100005795;10-21-2023;0,538657407;T-shirt type 3, Adidas;1;498.624;cash;;318
100005796;6-9-2022;0,830520833;Cap type 6, Puma;1;391.56;cash;ПІБ 699;251
100005812;10-11-2022;0,637002315;T-shirt type 6, Nike;2;1522.4;cash;;692
100005828;7-27-2024;0,666736111;Shoes type 3, Puma;2;10522.512;non-cash;;6006
100005828;7-27-2024;0,666736111;T-shirt type 5, Reebok;1;700.91;non-cash;;323
100005844;3-16-2022;0,610462963;Tights type 7, Nike;1;350.22336;non-cash;ПІБ 1209;151
100005845;6-8-2022;0,593726852;Cap type 3, Nike;1;648.448;non-cash;;298
100005845;6-8-2022;0,593726852;Sneakers type 4, Nike;1;1622.00948;non-cash;;893
100005845;6-8-2022;0,593726852;T-shirt type 4, Adidas;1;193.3169;non-cash;;107
100005847;11-21-2022;0,420717593;Shirt type 8, Nike;1;1172.888;cash;;542
100005847;11-21-2022;0,420717593;Shirt type 7, Adidas;1;1348.7175;cash;;795
100005847;11-21-2022;0,420717593;Pants type 12, Reebok;1;542.82;cash;;249
100005853;3-17-2023;0,807835648;Cufflink type 3, Puma;1;616.512;cash;;390
100005853;3-17-2023;0,807835648;Pants type 4, Adidas;1;1339.5;cash;;705
100005865;12-26-2023;0,495405093;Shirt type 3, Puma;1;273.6;non-cash;;152
100005889;5-26-2024;0,682118056;T-shirt type 7, Nike;1;843.49648;cash;;391
100005889;5-26-2024;0,682118056;Cap type 4, Puma;1;423.688;cash;;251
100005891;8-16-2024;0,732118056;T-shirt type 2, Puma;1;624.0;cash;ПІБ 19;390
100005893;4-24-2022;0,80056713;Pants type 3, Adidas;1;2170.94;non-cash;;1102
100005899;7-31-2024;0,823611111;Tights type 1, Puma;1;215.496;non-cash;;123
100005904;2-8-2022;0,479131944;Boots type 2, Adidas;2;13566.9;cash;;6618
100005904;2-8-2022;0,479131944;Flip flops type 2, Puma;2;637.12;cash;;362
100005904;2-8-2022;0,479131944;Type 4 shirt, Reebok;1;1355.859;cash;;881
100005905;8-17-2022;0,637569444;Tights type 7, Adidas;1;677.484;cash;ПІБ 645;369
100005911;12-7-2022;0,455196759;Cap type 2, Reebok;1;314.072;cash;;176
100005911;12-7-2022;0,455196759;Shirt type 5, Adidas;2;2866.72;cash;;1558
100005943;9-3-2024;0,438888889;Flip flops type 2, Adidas;2;1397.84;non-cash;;692
100005953;8-24-2023;0,655358796;T-shirt type 4, Nike;1;594.336;cash;;246
100006009;4-17-2023;0,57630787;Cufflink type 5, Nike;1;949.648;cash;;427
100006030;8-19-2023;0,579918981;T-shirt type 4, Reebok;1;249.872;cash;;140
100006032;1-8-2024;0,405925926;T-shirt type 2, Nike;1;934.78;cash;ПІБ 1111;385
100006033;6-12-2022;0,809212963;Shirt type 9, Puma;1;582.726;cash;;425
100006033;6-12-2022;0,809212963;Shirt type 9, Puma;2;1339.6;cash;;850
100006033;6-12-2022;0,809212963;Sneakers type 5, Reebok;1;2115.2256;cash;;1172
100006033;6-12-2022;0,809212963;Sneakers type 6, Nike;1;4175.9868;cash;;1923
100006050;1-15-2023;0,586608796;Shirt type 11, Reebok;1;1481.48;non-cash;;814
100006050;1-15-2023;0,586608796;Shoes type 3, Puma;1;5261.256;non-cash;;3003
100006078;5-27-2024;0,402465278;Cap type 8, Reebok;1;385.0616;non-cash;;209
100006090;3-30-2024;0,582835648;Type 1 shirt, Nike;1;1700.784;non-cash;ПІБ 352;837
100006090;3-30-2024;0,582835648;Cufflink type 6, Adidas;1;317.5965;non-cash;ПІБ 352;183
100006090;3-30-2024;0,582835648;Flip flops type 2, Reebok;1;468.7;non-cash;ПІБ 352;218
100006090;3-30-2024;0,582835648;Tights type 7, Adidas;1;797.04;non-cash;ПІБ 352;369
100006090;3-30-2024;0,582835648;Boots type 1, Nike;1;6055.728;non-cash;ПІБ 352;2814
100006099;6-4-2024;0,846203704;Boots type 6, Reebok;2;12269.04;cash;;5628
100006102;9-17-2022;0,569305556;Sneakers type 2, Adidas;1;1884.6729;non-cash;;1023
100006135;6-9-2022;0,417800926;T-shirt type 2, Reebok;1;338.976;cash;;214
100006135;6-9-2022;0,417800926;T-shirt type 4, Nike;1;402.28;cash;;178
100006135;6-9-2022;0,417800926;T-shirt type 3, Puma;1;480.6;cash;;267
100006136;3-17-2023;0,788310185;Tights type 3, Nike;1;436.244;cash;;191
100006145;6-29-2024;0,581863426;T-shirt type 5, Nike;2;932.176;cash;;490
100006177;7-20-2023;0,699664352;Cufflink type 4, Adidas;2;1882.8656;non-cash;;986
100006204;3-15-2022;0,403090278;Cufflink type 2, Reebok;1;432.0;non-cash;;200
100006219;7-8-2023;0,547569444;Shirt type 3, Adidas;1;717.8112;cash;;372
100006219;7-8-2023;0,547569444;Shirt type 1, Reebok;1;1357.92;cash;;738
100006224;10-31-2023;0,789085648;T-shirt type 1, Reebok;1;189.2;non-cash;;88
100006224;10-31-2023;0,789085648;Type 3 shirt, Reebok;2;1033.2;non-cash;;492
100006224;10-31-2023;0,789085648;Pants type 9, Puma;1;858.28;non-cash;;499
100006224;10-31-2023;0,789085648;Sneakers type 2, Nike;1;4556.48;non-cash;;1964
100006225;3-16-2023;0,638483796;Pants type 3, Puma;1;412.8;non-cash;;258
100006225;3-16-2023;0,638483796;Boots type 4, Adidas;1;7128.99;non-cash;;3411
100006225;3-16-2023;0,638483796;Cufflink type 5, Adidas;1;630.1008;non-cash;;342
100006225;3-16-2023;0,638483796;Pants type 1, Reebok;2;4198.68;non-cash;;1962
100006232;1-28-2022;0,531574074;Pants type 9, Nike;1;815.648;non-cash;;359
100006242;10-25-2023;0,402118056;Shirt type 3, Puma;1;273.6;cash;;152
100006262;11-10-2023;0,80912037;Pants type 5, Nike;1;2028.288;cash;;912
100006262;11-10-2023;0,80912037;Tights type 1, Puma;1;215.496;cash;;123
100006277;1-22-2023;0,847013889;Sneakers type 5, Adidas;1;1620.81;cash;ПІБ 104;783
100006320;5-4-2022;0,831481481;Cap type 2, Reebok;1;190.4595;cash;;105
100006346;6-3-2023;0,590150463;Pants type 3, Reebok;1;1536.3051;cash;;869
100006346;6-3-2023;0,590150463;Pants type 10, Reebok;1;343.44;cash;;162
100006346;6-3-2023;0,590150463;Shirt type 9, Nike;2;3398.08;cash;;1480
100006346;6-3-2023;0,590150463;Cap type 2, Adidas;2;557.6;cash;;272
100006346;6-3-2023;0,590150463;T-shirt type 2, Nike;1;934.78;cash;;385
100006350;8-16-2022;0,871458333;Flip flops type 3, Nike;1;313.536;non-cash;;138
100006373;12-4-2023;0,569918981;Cap type 1, Reebok;1;495.55;non-cash;ПІБ 1136;265
100006373;12-4-2023;0,569918981;Cap type 2, Nike;1;541.66;non-cash;ПІБ 1136;265
100006373;12-4-2023;0,569918981;Cap type 8, Reebok;1;409.64;non-cash;ПІБ 1136;209
100006373;12-4-2023;0,569918981;Pants type 5, Nike;1;2028.288;non-cash;ПІБ 1136;912
100006388;7-4-2024;0,752997685;Pants type 6, Adidas;1;1486.04;non-cash;ПІБ 367;766
100006388;7-4-2024;0,752997685;T-shirt type 5, Nike;1;568.4;non-cash;ПІБ 367;245
100006388;7-4-2024;0,752997685;Sneakers type 6, Nike;1;4598.2776;non-cash;ПІБ 367;1923
100006392;3-30-2022;0,539953704;Cap type 4, Reebok;1;229.4;non-cash;;124
100006398;8-19-2024;0,449699074;Pants type 9, Adidas;1;428.45;cash;;205
100006403;4-1-2022;0,572013889;Flip flops type 2, Nike;1;770.24;cash;;332
100006405;9-19-2022;0,855787037;Flip flops type 1, Puma;1;294.84;cash;;189
100006405;9-19-2022;0,855787037;Pants type 5, Reebok;2;4153.36;cash;;2152
100006407;6-28-2024;0,774305556;Cap type 7, Puma;2;773.568;cash;;474
100006411;11-7-2023;0,384837963;Tights type 4, Adidas;1;688.2;cash;;370
100006419;1-14-2022;0,511215278;Tights type 3, Puma;1;606.464;cash;;368
100006419;1-14-2022;0,511215278;Tights type 4, Puma;1;297.024;cash;;168
100006419;1-14-2022;0,511215278;Cufflink type 5, Adidas;1;643.5072;cash;;342
100006419;1-14-2022;0,511215278;Belt type 3, Reebok;1;714.42;cash;;378
100006419;1-14-2022;0,511215278;Type 4 shirt, Nike;1;2053.344;cash;;876
100006433;12-1-2022;0,674074074;Boots type 2, Reebok;1;2607.95;cash;;1213
100006433;12-1-2022;0,674074074;Pants type 7, Nike;1;2670.744;cash;;1299
100006437;3-9-2024;0,454398148;Shoes type 4, Reebok;2;12334.52;cash;;6596
100006445;7-26-2023;0,403981481;Cufflink type 4, Nike;1;386.12;cash;ПІБ 709;197
100006447;2-27-2024;0,645625;T-shirt type 5, Nike;1;568.4;cash;;245
100006447;2-27-2024;0,645625;Belt type 2, Adidas;1;270.5385;cash;;159
100006447;2-27-2024;0,645625;Ball type 1, Adidas;1;48.36;cash;;31
100006447;2-27-2024;0,645625;Ball type 1, Puma;1;71.896;cash;;43
100006447;2-27-2024;0,645625;Cufflink type 4, Puma;1;788.04;cash;;495
100006447;2-27-2024;0,645625;Pants type 1, Adidas;1;1564.92;cash;;828
100006447;2-27-2024;0,645625;Pants type 11, Adidas;1;1697.28;cash;;884
100006447;2-27-2024;0,645625;Flip flops type 3, Adidas;1;288.4704;cash;;151
100006454;8-20-2023;0,865821759;Cap type 8, Adidas;1;326.8;cash;;152
100006496;1-21-2022;0,721747685;Sneakers type 3, Adidas;1;3241.26;non-cash;ПІБ 436;1637
100006496;1-21-2022;0,721747685;Shirt type 8, Reebok;1;1187.93;non-cash;ПІБ 436;563
100006545;4-16-2022;0,661053241;Cufflink type 1, Puma;1;227.88;cash;;135
100006545;4-16-2022;0,661053241;T-shirt type 6, Reebok;1;371.05;cash;;181
100006588;6-24-2022;0,756863426;Belt type 4, Nike;1;629.392;cash;;283
100006598;6-23-2024;0,731412037;Tights type 5, Nike;1;506.984;cash;ПІБ 162;254
100006602;6-28-2022;0,835162037;Shirt type 10, Nike;1;361.6886;cash;;167
100006603;1-22-2023;0,606643519;Pants type 2, Nike;1;1406.532;cash;;597
100006603;1-22-2023;0,606643519;Shirt type 2, Adidas;1;906.66;cash;;460
100006605;1-29-2024;0,872997685;Pants type 11, Nike;1;893.316;non-cash;;453
100006610;6-29-2023;0,545208333;Shoes type 4, Reebok;1;6167.26;cash;;3298
100006612;7-6-2022;0,48681713;Ball type 2, Puma;1;72.36;cash;;45
100006612;7-6-2022;0,48681713;T-shirt type 3, Adidas;1;126.6;cash;;75
100006614;6-29-2023;0,696643519;Sneakers type 5, Adidas;2;3241.62;non-cash;;1566
100006614;6-29-2023;0,696643519;Shirt type 6, Reebok;1;699.6;non-cash;;330
100006639;4-5-2023;0,513784722;Cap type 4, Puma;2;847.376;cash;;502
100006639;4-5-2023;0,513784722;Shirt type 11, Nike;1;1052.63388;cash;;659
100006639;4-5-2023;0,513784722;Cap type 8, Nike;1;569.64;cash;;282
100006648;5-5-2022;0,675;Cufflink type 2, Reebok;1;432.0;non-cash;;200
100006648;5-5-2022;0,675;Belt type 4, Nike;1;629.392;non-cash;;283
100006648;5-5-2022;0,675;Cap type 4, Reebok;1;229.4;non-cash;;124
100006648;5-5-2022;0,675;Cap type 2, Adidas;1;630.72;non-cash;;292
100006648;5-5-2022;0,675;Cufflink type 7, Puma;1;160.72;non-cash;;125
100006660;12-28-2023;0,488923611;T-shirt type 4, Nike;1;325.8468;non-cash;ПІБ 422;178
100006664;7-10-2024;0,448402778;T-shirt type 2, Puma;1;257.152;cash;;200
100006664;7-10-2024;0,448402778;Shirt type 8, Adidas;1;649.65;cash;;355
100006664;7-10-2024;0,448402778;Cap type 6, Puma;1;391.56;cash;;251
100006664;7-10-2024;0,448402778;Tights type 5, Reebok;1;227.55;cash;;111
100006664;7-10-2024;0,448402778;Pants type 7, Puma;1;405.07488;cash;;283
100006664;7-10-2024;0,448402778;Pants type 8, Adidas;1;2127.06;cash;;1053
100006665;1-18-2024;0,473530093;Pants type 12, Reebok;1;499.3944;cash;ПІБ 1032;249
100006668;5-23-2022;0,767002315;Shirt type 12, Adidas;1;820.8;cash;;456
100006668;5-23-2022;0,767002315;Pants type 10, Adidas;2;2528.8;cash;;1160
100006668;5-23-2022;0,767002315;Boots type 4, Nike;1;6929.088;cash;;2868
100006690;1-13-2022;0,577060185;Ball type 2, Puma;1;70.9128;cash;;45
100006690;1-13-2022;0,577060185;Cufflink type 6, Nike;1;541.24224;cash;;294
100006690;1-13-2022;0,577060185;Cap type 3, Nike;2;1154.23744;cash;;596
100006728;4-16-2024;0,622013889;Pants type 4, Adidas;1;1339.5;cash;;705
100006739;8-24-2023;0,814421296;Cufflink type 5, Adidas;2;1340.64;cash;ПІБ 462;684
100006770;8-16-2023;0,39681713;T-shirt type 7, Puma;1;201.552;cash;;114
100006770;8-16-2023;0,39681713;Cufflink type 3, Adidas;2;761.1648;cash;;374
100006811;11-2-2023;0,792777778;Pants type 10, Reebok;1;343.44;cash;ПІБ 765;162
100006824;3-7-2023;0,468506944;Boots type 4, Nike;1;6929.088;cash;ПІБ 68;2868
100006824;3-7-2023;0,468506944;Pants type 2, Puma;1;1032.6888;cash;ПІБ 68;590
100006824;3-7-2023;0,468506944;Shirt type 10, Reebok;2;2251.44;cash;ПІБ 68;1062
100006824;3-7-2023;0,468506944;Cap type 6, Adidas;1;487.6;cash;ПІБ 68;265
100006824;3-7-2023;0,468506944;Cap type 1, Adidas;1;339.5;cash;ПІБ 68;175
100006824;3-7-2023;0,468506944;Sneakers type 4, Reebok;2;7004.0;cash;ПІБ 68;3400
100006824;3-7-2023;0,468506944;Shirt type 7, Adidas;1;1550.25;cash;ПІБ 68;795
100006826;7-11-2023;0,849444444;Belt type 1, Puma;1;307.08216;cash;ПІБ 125;191
100006830;2-5-2023;0,573344907;Cufflink type 4, Nike;1;386.12;non-cash;;197
100006835;6-2-2022;0,847314815;Cufflink type 1, Adidas;1;452.8932;non-cash;ПІБ 780;262
100006835;6-2-2022;0,847314815;Sneakers type 4, Puma;2;2700.54144;non-cash;ПІБ 780;1824
100006839;10-15-2023;0,665659722;Tights type 2, Adidas;1;107.52;non-cash;;56
100006839;10-15-2023;0,665659722;Cufflink type 3, Puma;1;532.1472;non-cash;;390
100006839;10-15-2023;0,665659722;Pants type 5, Puma;1;2105.008;non-cash;;1207
100006842;10-6-2022;0,636736111;Boots type 2, Puma;1;1927.072;cash;;1229
100006842;10-6-2022;0,636736111;Tights type 2, Adidas;1;107.52;cash;;56
100006862;5-9-2023;0,766539352;Cap type 8, Puma;1;519.68;cash;;290
100006862;5-9-2023;0,766539352;T-shirt type 1, Adidas;1;797.16;cash;;364
100006862;5-9-2023;0,766539352;Cap type 4, Reebok;1;229.4;cash;;124
100006882;10-27-2022;0,818530093;Cap type 1, Reebok;1;529.2;non-cash;ПІБ 869;245
100006882;10-27-2022;0,818530093;Cap type 3, Nike;1;285.648;non-cash;ПІБ 869;165
100006882;10-27-2022;0,818530093;Boots type 2, Puma;1;1927.072;non-cash;ПІБ 869;1229
100006882;10-27-2022;0,818530093;Shirt type 2, Puma;1;853.632;non-cash;ПІБ 869;494
100006896;8-3-2024;0,557951389;Cufflink type 1, Puma;1;227.88;cash;;135
100006896;8-3-2024;0,557951389;Boots type 2, Puma;1;1869.25984;cash;;1229
100006927;8-4-2023;0,6525;Boots type 4, Adidas;1;7128.99;cash;;3411
100006927;8-4-2023;0,6525;T-shirt type 2, Reebok;1;385.2;cash;;214
100006927;8-4-2023;0,6525;Pants type 9, Puma;1;755.2864;cash;;499
100006932;7-10-2023;0,677280093;Sneakers type 3, Nike;1;2651.176;cash;;1282
100006932;7-10-2023;0,677280093;Sneakers type 4, Reebok;1;3502.0;cash;;1700
100006934;3-31-2022;0,812719907;Boots type 4, Reebok;1;6015.324;cash;ПІБ 720;3769
100006938;12-12-2023;0,809699074;Pants type 3, Nike;1;1536.528;cash;;714
100006938;12-12-2023;0,809699074;Shirt type 12, Puma;2;1096.832;cash;;656
100006938;12-12-2023;0,809699074;Shoes type 3, Reebok;1;2500.2;cash;;1389
100006938;12-12-2023;0,809699074;Shirt type 2, Adidas;1;1007.4;cash;;460
100006938;12-12-2023;0,809699074;Type 1 ball, Nike;2;223.872;cash;;96
100006938;12-12-2023;0,809699074;Tights type 1, Reebok;1;343.98;cash;;182
100006940;7-31-2023;0,600115741;Cap type 7, Reebok;1;374.4;cash;;195
100006940;7-31-2023;0,600115741;Shirt type 2, Puma;1;853.632;cash;;494
100006951;9-19-2024;0,541851852;T-shirt type 5, Nike;1;568.4;cash;;245
100006951;9-19-2024;0,541851852;Pants type 12, Puma;1;296.192;cash;;178
100006951;9-19-2024;0,541851852;T-shirt type 1, Nike;1;339.16;cash;;139
100006951;9-19-2024;0,541851852;Shirt type 12, Puma;1;548.416;cash;;328
100006951;9-19-2024;0,541851852;Belt type 1, Adidas;1;637.29;cash;;291
100006951;9-19-2024;0,541851852;Shirt type 6, Nike;2;3105.648;cash;;1404
100006951;9-19-2024;0,541851852;Pants type 8, Reebok;1;2317.392;cash;;1232
100006951;9-19-2024;0,541851852;Boots type 4, Reebok;2;14322.2;cash;;7538
100006969;4-25-2023;0,770127315;Shirt type 6, Nike;1;1552.824;non-cash;ПІБ 664;702
100006970;7-8-2022;0,602141204;T-shirt type 5, Puma;1;238.05696;cash;;139
100006979;3-26-2023;0,627060185;T-shirt type 6, Adidas;1;331.15;cash;ПІБ 1238;179
100006992;3-29-2023;0,570185185;Tights type 4, Puma;1;297.024;non-cash;;168
100006992;3-29-2023;0,570185185;Boots type 5, Nike;1;8007.18;non-cash;;3543
100006992;3-29-2023;0,570185185;Belt type 4, Adidas;1;338.47;non-cash;;181
100006992;3-29-2023;0,570185185;Tights type 7, Nike;1;364.816;non-cash;;151
100006997;1-3-2024;0,572002315;Pants type 2, Reebok;1;335.49;cash;;159
100006997;1-3-2024;0,572002315;Cufflink type 5, Puma;1;250.88;cash;;140
100006997;1-3-2024;0,572002315;Tights type 1, Puma;1;215.496;cash;;123
100006997;1-3-2024;0,572002315;Shirt type 5, Adidas;1;1433.36;cash;;779
100007023;5-17-2024;0,65380787;Flip flops type 3, Nike;2;627.072;cash;;276
100007023;5-17-2024;0,65380787;Pants type 8, Adidas;1;2127.06;cash;;1053
100007023;5-17-2024;0,65380787;Shirt type 9, Nike;2;3398.08;cash;;1480
100007034;8-12-2024;0,436805556;Shirt type 9, Nike;1;1699.04;cash;ПІБ 553;740
100007034;8-12-2024;0,436805556;Pants type 8, Puma;2;1519.264;cash;ПІБ 553;964
100007034;8-12-2024;0,436805556;Tights type 4, Reebok;1;789.93;cash;ПІБ 553;393
100007034;8-12-2024;0,436805556;T-shirt type 6, Adidas;1;331.15;cash;ПІБ 553;179
100007035;3-20-2024;0,387523148;Tights type 1, Reebok;1;333.6606;cash;;182
100007057;6-4-2024;0,42599537;Belt type 3, Puma;1;593.712;cash;;342
100007057;6-4-2024;0,42599537;Boots type 3, Puma;1;4727.43936;cash;;2748
100007076;11-12-2023;0,607384259;Cufflink type 5, Adidas;1;630.1008;cash;ПІБ 926;342
100007096;10-4-2022;0,454907407;Cufflink type 5, Reebok;2;525.6;cash;;292
100007104;1-14-2024;0,636388889;Sneakers type 5, Reebok;1;2092.7232;cash;;1172
100007104;1-14-2024;0,636388889;Pants type 6, Nike;1;2229.22296;cash;;1062
100007104;1-14-2024;0,636388889;Type 2 shirt, Reebok;1;482.328;cash;;252
100007104;1-14-2024;0,636388889;Boots type 5, Nike;1;7366.6056;cash;;3543
100007104;1-14-2024;0,636388889;Shirt type 7, Reebok;1;1310.26;cash;;686
100007105;1-19-2023;0,596469907;T-shirt type 4, Reebok;1;271.6;cash;;140
100007105;1-19-2023;0,596469907;Flip flops type 2, Nike;1;770.24;cash;;332
100007105;1-19-2023;0,596469907;Boots type 4, Puma;1;5809.6;cash;;3631
100007105;1-19-2023;0,596469907;Pants type 1, Reebok;2;4198.68;cash;;1962
100007105;1-19-2023;0,596469907;Tights type 7, Puma;1;531.8144;cash;;320
100007105;1-19-2023;0,596469907;Shirt type 10, Reebok;1;1125.72;cash;;531
100007119;7-9-2023;0,817037037;Shirt type 7, Reebok;2;2620.52;non-cash;;1372
100007120;12-20-2023;0,80318287;T-shirt type 4, Puma;1;297.344;cash;;184
100007124;10-12-2022;0,858715278;Boots type 4, Reebok;1;7161.1;cash;;3769
100007130;9-19-2022;0,751956019;Pants type 7, Reebok;1;1571.7;cash;;806
100007130;9-19-2022;0,751956019;Belt type 1, Puma;1;310.184;cash;;191
100007130;9-19-2022;0,751956019;T-shirt type 1, Reebok;1;309.68;cash;;158
100007130;9-19-2022;0,751956019;Cufflink type 7, Adidas;1;334.88;cash;;184
100007144;1-8-2022;0,475659722;Pants type 7, Nike;1;2670.744;cash;ПІБ 67;1299
100007144;1-8-2022;0,475659722;T-shirt type 2, Puma;2;514.304;cash;ПІБ 67;400
100007144;1-8-2022;0,475659722;T-shirt type 2, Nike;1;366.4656;cash;ПІБ 67;216
100007144;1-8-2022;0,475659722;Tights type 5, Nike;1;425.86656;cash;ПІБ 67;254
100007154;4-12-2024;0,507326389;Shirt type 11, Reebok;1;1333.332;cash;;814
100007188;10-20-2022;0,518831019;Cufflink type 4, Reebok;2;1412.5328;cash;;838
100007188;10-20-2022;0,518831019;Tights type 2, Adidas;1;107.52;cash;;56
100007188;10-20-2022;0,518831019;T-shirt type 4, Reebok;1;367.14;cash;;174
100007188;10-20-2022;0,518831019;Tights type 7, Puma;1;565.76;cash;;320
100007227;11-1-2022;0,438449074;Pants type 3, Nike;2;3073.056;non-cash;;1428
100007261;9-20-2022;0,39119213;Boots type 3, Puma;1;4924.416;cash;ПІБ 984;2748
100007261;9-20-2022;0,39119213;Shirt type 1, Reebok;1;1167.8112;cash;ПІБ 984;738
100007261;9-20-2022;0,39119213;Shirt type 10, Nike;1;397.46;cash;ПІБ 984;167
100007261;9-20-2022;0,39119213;Cufflink type 1, Puma;1;227.88;cash;ПІБ 984;135
100007261;9-20-2022;0,39119213;Shirt type 8, Puma;1;475.2;cash;ПІБ 984;264
100007261;9-20-2022;0,39119213;Sneakers type 2, Puma;1;1310.61648;cash;ПІБ 984;982
100007265;7-7-2024;0,7859375;Boots type 4, Nike;1;6929.088;non-cash;;2868
100007267;9-14-2023;0,461851852;Shirt type 10, Adidas;1;424.555;cash;;205
100007267;9-14-2023;0,461851852;Boots type 6, Reebok;1;5521.068;cash;;2814
100007267;9-14-2023;0,461851852;Pants type 6, Reebok;1;1323.96;cash;;649
100007280;12-12-2023;0,726331019;Flip flops type 2, Reebok;1;468.7;cash;;218
100007300;2-7-2024;0,521006944;Shirt type 12, Reebok;1;1072.5708;cash;;629
100007307;4-25-2024;0,47744213;Pants type 4, Adidas;1;1339.5;non-cash;;705
100007309;3-2-2024;0,50994213;Cufflink type 4, Puma;1;788.04;cash;ПІБ 1092;495
100007309;3-2-2024;0,50994213;Cufflink type 2, Puma;1;360.6768;cash;ПІБ 1092;253
100007309;3-2-2024;0,50994213;Shirt type 6, Adidas;1;1093.224;cash;ПІБ 1092;606
100007309;3-2-2024;0,50994213;Cap type 3, Adidas;1;231.0;cash;ПІБ 1092;110
100007311;11-21-2022;0,381921296;Cap type 8, Puma;1;519.68;cash;ПІБ 743;290
100007312;2-11-2024;0,500972222;Cap type 3, Adidas;2;462.0;cash;;220
100007312;2-11-2024;0,500972222;Boots type 2, Puma;2;3854.144;cash;;2458
100007326;2-28-2022;0,4975;Shirt type 6, Nike;1;1428.59808;non-cash;;702
100007326;2-28-2022;0,4975;Cufflink type 4, Reebok;1;821.24;non-cash;;419
100007326;2-28-2022;0,4975;Shirt type 12, Adidas;2;1411.776;non-cash;;912
100007350;8-7-2022;0,460949074;Pants type 9, Nike;1;815.648;non-cash;;359
100007350;8-7-2022;0,460949074;Pants type 5, Puma;2;4210.016;non-cash;;2414
100007362;11-18-2023;0,523414352;Shirt type 10, Adidas;1;446.9;cash;;205
100007362;11-18-2023;0,523414352;Cufflink type 1, Reebok;1;737.2512;cash;;371
100007362;11-18-2023;0,523414352;Tights type 1, Nike;1;515.088;cash;;252
100007375;3-22-2023;0,668425926;Cap type 4, Nike;2;1067.02992;cash;ПІБ 131;492
100007390;12-6-2022;0,589340278;Pants type 6, Reebok;2;2647.92;cash;ПІБ 814;1298
100007405;2-2-2023;0,607118056;Cap type 2, Adidas;2;1223.5968;cash;;584
100007414;2-28-2023;0,560868056;Belt type 4, Reebok;1;450.76;cash;ПІБ 611;236
100007415;3-17-2023;0,456435185;T-shirt type 2, Reebok;1;420.3199;non-cash;;247
100007451;12-7-2022;0,856678241;Cap type 1, Reebok;1;529.2;cash;;245
100007460;3-21-2023;0,720983796;Cap type 7, Nike;1;452.608;cash;;208
100007460;3-21-2023;0,720983796;Pants type 12, Reebok;1;439.6842;cash;;249
100007460;3-21-2023;0,720983796;Shoes type 3, Puma;1;5261.256;cash;;3003
100007462;3-29-2022;0,765150463;Ball type 1, Puma;1;71.896;non-cash;;43
100007462;3-29-2022;0,765150463;Boots type 6, Nike;1;5533.412;non-cash;;2279
100007463;5-20-2024;0,528101852;Belt type 1, Nike;1;274.912;non-cash;;121
100007463;5-20-2024;0,528101852;Type 3 shoes, Nike;1;6650.368;non-cash;;3352
100007467;8-12-2024;0,473657407;Shoes type 2, Adidas;1;3363.51;non-cash;ПІБ 404;1761
100007478;9-30-2023;0,458055556;Shoes type 4, Puma;1;3041.776;non-cash;;1802
100007483;3-12-2023;0,831053241;Shirt type 5, Reebok;1;971.88;non-cash;ПІБ 531;534
100007496;3-10-2024;0,450405093;T-shirt type 7, Puma;1;201.552;non-cash;;114
100007496;3-10-2024;0,450405093;Pants type 10, Puma;1;1870.2;non-cash;;1039
100007496;3-10-2024;0,450405093;Cufflink type 6, Puma;1;307.2048;non-cash;;205
100007496;3-10-2024;0,450405093;Tights type 5, Reebok;2;409.59;non-cash;;222
100007499;4-5-2024;0,77755787;Shirt type 6, Nike;1;1552.824;cash;;702
100007511;12-2-2022;0,740138889;Shirt type 10, Nike;1;397.46;cash;ПІБ 29;167
100007517;2-18-2022;0,455104167;Cap type 4, Puma;2;847.376;cash;;502
100007537;3-20-2023;0,722303241;T-shirt type 6, Nike;1;761.2;cash;;346
100007537;3-20-2023;0,722303241;Pants type 8, Puma;1;638.09088;cash;;482
100007537;3-20-2023;0,722303241;Tights type 5, Reebok;1;209.346;cash;;111
100007539;3-4-2024;0,641493056;Shirt type 3, Adidas;1;747.72;cash;;372
100007539;3-4-2024;0,641493056;Sneakers type 1, Reebok;1;2316.6;cash;;1053
100007539;3-4-2024;0,641493056;T-shirt type 5, Puma;1;247.976;cash;;139
100007547;11-24-2022;0,413368056;Cufflink type 5, Nike;1;797.70432;non-cash;;427
100007547;11-24-2022;0,413368056;Cap type 3, Nike;1;628.99456;non-cash;;298
100007556;10-13-2023;0,420115741;T-shirt type 2, Puma;1;313.6;cash;;200
100007556;10-13-2023;0,420115741;Cap type 8, Nike;2;1139.28;cash;;564
100007569;11-30-2023;0,642789352;Pants type 12, Nike;1;1410.66832;cash;;758
100007569;11-30-2023;0,642789352;Tights type 2, Puma;1;427.648;cash;;257
100007569;11-30-2023;0,642789352;Tights type 3, Reebok;1;356.96;cash;;184
100007571;7-15-2024;0,503877315;Pants type 11, Nike;1;893.316;cash;ПІБ 307;453
100007571;7-15-2024;0,503877315;Sneakers type 4, Adidas;1;1544.51;cash;ПІБ 307;739
100007571;7-15-2024;0,503877315;Tights type 6, Adidas;1;698.4;cash;ПІБ 307;388
100007571;7-15-2024;0,503877315;Shirt type 7, Adidas;1;1550.25;cash;ПІБ 307;795
100007577;1-22-2022;0,677222222;Shirt type 8, Puma;1;475.2;cash;;264
100007577;1-22-2022;0,677222222;Cap type 5, Reebok;1;196.8288;cash;;112
100007577;1-22-2022;0,677222222;Pants type 12, Puma;1;296.192;cash;;178
100007577;1-22-2022;0,677222222;Flip flops type 3, Reebok;1;481.14;cash;;243
100007577;1-22-2022;0,677222222;Cap type 3, Puma;2;730.2672;cash;;498
100007612;7-3-2022;0,845902778;Sneakers type 1, Puma;1;2660.02176;cash;;1628
100007612;7-3-2022;0,845902778;Type 5 shirt, Nike;2;1823.488;cash;;838
100007614;7-17-2023;0,44212963;T-shirt type 7, Adidas;1;364.06;non-cash;;167
100007635;7-27-2023;0,859178241;Sneakers type 1, Reebok;1;2270.268;non-cash;ПІБ 939;1053
100007643;3-21-2022;0,38662037;Tights type 6, Nike;1;536.52;cash;;255
100007645;2-22-2022;0,605578704;Tights type 2, Adidas;1;107.52;cash;;56
100007645;2-22-2022;0,605578704;Pants type 12, Reebok;1;450.5406;cash;;249
100007646;7-17-2022;0,698368056;Cufflink type 5, Nike;1;911.66208;non-cash;;427
100007646;7-17-2022;0,698368056;Type 3 shirt, Nike;1;1737.236;non-cash;;821
100007646;7-17-2022;0,698368056;Tights type 6, Reebok;1;691.6;non-cash;;380
100007646;7-17-2022;0,698368056;Cufflink type 2, Puma;1;378.488;non-cash;;253
100007650;10-17-2023;0,597337963;Flip flops type 1, Reebok;2;1372.8;cash;;624
100007659;6-1-2023;0,602152778;Pants type 2, Reebok;1;335.49;cash;ПІБ 449;159
100007667;5-26-2022;0,52775463;Cap type 3, Adidas;1;231.0;non-cash;;110
100007667;5-26-2022;0,52775463;Shoes type 1, Puma;1;3105.4056;non-cash;;2265
100007672;2-4-2022;0,841087963;T-shirt type 3, Nike;1;492.2;cash;;230
100007672;2-4-2022;0,841087963;Ball type 2, Puma;1;72.36;cash;;45
100007676;5-17-2022;0,731469907;Tights type 3, Puma;1;606.464;non-cash;;368
100007676;5-17-2022;0,731469907;Sneakers type 3, Reebok;2;4119.56;non-cash;;2276
100007676;5-17-2022;0,731469907;T-shirt type 6, Puma;1;181.28;non-cash;;110
100007676;5-17-2022;0,731469907;Flip flops type 2, Reebok;1;468.7;non-cash;;218
100007694;2-16-2024;0,764768519;T-shirt type 4, Nike;1;402.28;cash;;178
100007705;4-15-2024;0,813854167;Cap type 3, Reebok;2;1001.2728;cash;ПІБ 369;506
100007705;4-15-2024;0,813854167;Pants type 1, Adidas;2;3129.84;cash;ПІБ 369;1656
100007708;12-9-2023;0,870011574;Shirt type 7, Adidas;1;1457.235;non-cash;;795
100007708;12-9-2023;0,870011574;Pants type 1, Adidas;1;1564.92;non-cash;;828
100007708;12-9-2023;0,870011574;Tights type 1, Reebok;1;343.98;non-cash;;182
100007712;7-5-2023;0,5184375;Cap type 6, Reebok;1;203.3;non-cash;ПІБ 211;107
100007712;7-5-2023;0,5184375;Pants type 6, Adidas;2;3064.0;non-cash;ПІБ 211;1532
100007712;7-5-2023;0,5184375;Cap type 3, Nike;2;714.12;non-cash;ПІБ 211;330
100007714;7-27-2022;0,455775463;Sneakers type 2, Puma;1;1389.56928;non-cash;;982
100007726;9-12-2023;0,859247685;Boots type 6, Puma;1;2144.936;cash;;1361
100007726;9-12-2023;0,859247685;Tights type 6, Reebok;1;691.6;cash;;380
100007726;9-12-2023;0,859247685;Type 1 shirt, Nike;1;1700.784;cash;;837
100007726;9-12-2023;0,859247685;Sneakers type 3, Reebok;1;2059.78;cash;;1138
100007726;9-12-2023;0,859247685;Pants type 7, Reebok;1;1571.7;cash;;806
100007732;4-4-2024;0,391435185;Boots type 1, Nike;1;5934.61344;cash;;2814
100007738;3-22-2024;0,421423611;Cap type 2, Nike;1;546.448;cash;;238
100007738;3-22-2024;0,421423611;Tights type 4, Puma;1;282.1728;cash;;168
100007738;3-22-2024;0,421423611;Belt type 2, Adidas;1;325.95;cash;;159
100007738;3-22-2024;0,421423611;Shoes type 2, Adidas;1;3363.51;cash;;1761
100007738;3-22-2024;0,421423611;Shoes type 4, Nike;1;5776.12;cash;;2947
100007738;3-22-2024;0,421423611;Cap type 3, Puma;2;950.13072;cash;;574
100007738;3-22-2024;0,421423611;Cufflink type 1, Nike;2;991.648;cash;;466
100007738;3-22-2024;0,421423611;Sneakers type 6, Adidas;1;2545.92;cash;;1224
100007738;3-22-2024;0,421423611;Pants type 4, Reebok;1;2210.88;cash;;1176
100007746;3-28-2023;0,490659722;Pants type 11, Puma;1;544.824;cash;ПІБ 965;329
100007754;10-27-2022;0,620231481;Boots type 4, Adidas;2;12974.7618;non-cash;;6822
100007754;10-27-2022;0,620231481;Boots type 5, Nike;1;8007.18;non-cash;;3543
100007763;9-15-2022;0,79099537;Pants type 6, Adidas;1;1532.0;cash;;766
100007763;9-15-2022;0,79099537;Belt type 2, Nike;1;536.8;cash;;220
100007782;4-22-2023;0,850046296;Cufflink type 7, Reebok;1;487.008;non-cash;;267
100007803;7-6-2024;0,649930556;T-shirt type 3, Nike;1;535.0;cash;ПІБ 1029;250
100007803;7-6-2024;0,649930556;Sneakers type 1, Reebok;1;2316.6;cash;ПІБ 1029;1053
100007839;6-15-2023;0,480509259;Shoes type 4, Reebok;1;6167.26;cash;;3298
100007839;6-15-2023;0,480509259;Tights type 4, Reebok;1;789.93;cash;;393
100007839;6-15-2023;0,480509259;Shirt type 3, Puma;1;273.6;cash;;152
100007839;6-15-2023;0,480509259;Tights type 2, Reebok;1;395.01;cash;;210
100007839;6-15-2023;0,480509259;Shoes type 3, Puma;1;5261.256;cash;;3003
100007840;8-5-2024;0,817604167;Cap type 1, Adidas;1;339.5;cash;;175
100007852;6-2-2023;0,450115741;Shirt type 11, Puma;1;661.248;non-cash;;410
100007864;9-27-2023;0,717951389;Shirt type 7, Nike;1;1580.6976;non-cash;;820
100007871;4-20-2023;0,754282407;Pants type 1, Nike;1;2275.036;cash;;937
100007878;11-13-2022;0,3790625;Cufflink type 2, Adidas;1;380.88;cash;ПІБ 386;207
100007904;1-8-2024;0,426134259;Shoes type 1, Puma;1;3787.08;cash;ПІБ 448;2265
100007904;1-8-2024;0,426134259;Shirt type 4, Puma;1;879.9912;cash;ПІБ 448;542
100007904;1-8-2024;0,426134259;Cufflink type 3, Puma;1;642.4704;cash;ПІБ 448;390
100007904;1-8-2024;0,426134259;Cufflink type 4, Reebok;1;821.24;cash;ПІБ 448;419
100007906;6-30-2022;0,721886574;Tights type 5, Reebok;2;455.1;non-cash;;222
100007906;6-30-2022;0,721886574;Tights type 6, Nike;1;536.52;non-cash;;255
100007906;6-30-2022;0,721886574;Cap type 5, Puma;1;234.08;non-cash;;140
100007906;6-30-2022;0,721886574;Cap type 3, Nike;1;349.9188;non-cash;;165
100007906;6-30-2022;0,721886574;Type 1 shirt, Nike;1;1700.784;non-cash;;837
100007906;6-30-2022;0,721886574;T-shirt type 2, Puma;1;313.6;non-cash;;200
100007906;6-30-2022;0,721886574;Sneakers type 5, Nike;1;2494.008;non-cash;;1206
100007907;8-27-2024;0,815300926;Cap type 7, Adidas;1;323.84;cash;;176
100007907;8-27-2024;0,815300926;Shoes type 4, Nike;1;5718.3588;cash;;2947
100007907;8-27-2024;0,815300926;Tights type 1, Nike;1;515.088;cash;;252
100007907;8-27-2024;0,815300926;Pants type 6, Reebok;2;2383.128;cash;;1298
100007907;8-27-2024;0,815300926;Sneakers type 4, Nike;1;1782.428;cash;;893
100007926;11-9-2023;0,426215278;Cufflink type 4, Puma;1;788.04;non-cash;;495
100007960;11-8-2022;0,732511574;Pants type 8, Puma;2;1428.10816;non-cash;;964
100007960;11-8-2022;0,732511574;Shirt type 8, Puma;1;427.68;non-cash;;264
100007960;11-8-2022;0,732511574;Cap type 8, Reebok;1;409.64;non-cash;;209
100007960;11-8-2022;0,732511574;Boots type 3, Reebok;1;6686.18;non-cash;;3394
100007980;6-22-2022;0,859166667;Tights type 4, Adidas;1;584.97;cash;;370
100007991;7-16-2022;0,38556713;Shirt type 3, Adidas;1;725.2884;cash;;372
100007991;7-16-2022;0,38556713;Cufflink type 3, Reebok;1;719.44;cash;;391
100007991;7-16-2022;0,38556713;Pants type 1, Adidas;2;2535.1704;cash;;1656
100007991;7-16-2022;0,38556713;Shirt type 9, Reebok;2;1092.0;cash;;546
100007991;7-16-2022;0,38556713;Type 2 ball, Nike;1;83.62;cash;;37
100007991;7-16-2022;0,38556713;Cufflink type 4, Nike;1;386.12;cash;;197
100008005;2-8-2024;0,843912037;Cap type 6, Puma;1;344.5728;non-cash;;251
100008018;11-25-2022;0,736689815;Boots type 1, Adidas;1;7293.79;non-cash;;3593
100008018;11-25-2022;0,736689815;Cap type 7, Adidas;1;323.84;non-cash;;176
100008018;11-25-2022;0,736689815;Cap type 7, Nike;1;452.608;non-cash;;208
100008018;11-25-2022;0,736689815;Boots type 6, Nike;1;5533.412;non-cash;;2279
100008018;11-25-2022;0,736689815;Pants type 11, Reebok;1;1816.84;non-cash;;857
100008019;10-9-2022;0,650462963;Shirt type 7, Adidas;1;1379.7225;non-cash;;795
100008019;10-9-2022;0,650462963;T-shirt type 1, Puma;1;340.83504;non-cash;;238
100008031;4-22-2023;0,525856481;Tights type 4, Nike;1;289.788;cash;ПІБ 554;123
100008031;4-22-2023;0,525856481;Type 5 shirt, Nike;1;911.744;cash;ПІБ 554;419
100008040;3-18-2022;0,859780093;Cufflink type 3, Puma;1;648.96;cash;;390
100008040;3-18-2022;0,859780093;Cap type 4, Nike;1;573.672;cash;;246
100008040;3-18-2022;0,859780093;Boots type 4, Nike;1;6929.088;cash;;2868
100008040;3-18-2022;0,859780093;Cufflink type 4, Nike;2;772.24;cash;;394
100008040;3-18-2022;0,859780093;Shirt type 2, Puma;1;853.632;cash;;494
100008041;11-17-2023;0,553101852;T-shirt type 2, Adidas;1;276.612;cash;ПІБ 289;168
100008041;11-17-2023;0,553101852;T-shirt type 2, Nike;1;813.2586;cash;ПІБ 289;385
100008046;7-29-2023;0,443680556;T-shirt type 1, Reebok;1;309.68;non-cash;;158
100008046;7-29-2023;0,443680556;Sneakers type 4, Reebok;1;3396.94;non-cash;;1700
100008048;12-14-2023;0,676527778;T-shirt type 3, Reebok;1;440.7;cash;;226
100008048;12-14-2023;0,676527778;Cufflink type 6, Reebok;1;413.27;cash;;221
100008048;12-14-2023;0,676527778;Pants type 9, Reebok;1;510.8544;cash;;336
100008054;9-26-2023;0,658171296;Belt type 3, Adidas;1;350.784;cash;;203
100008054;9-26-2023;0,658171296;Pants type 8, Reebok;1;2439.36;cash;;1232
100008071;1-29-2023;0,723738426;Pants type 11, Nike;1;893.316;cash;;453
100008071;1-29-2023;0,723738426;Shirt type 1, Adidas;2;1573.4904;cash;;948
100008071;1-29-2023;0,723738426;Boots type 3, Reebok;1;5750.1148;cash;;3394
100008071;1-29-2023;0,723738426;Tights type 7, Adidas;1;717.336;cash;;369
100008071;1-29-2023;0,723738426;Type 3 shirt, Nike;1;1719.86364;cash;;821
100008083;11-19-2022;0,5459375;Cap type 8, Adidas;1;326.8;cash;;152
100008083;11-19-2022;0,5459375;Pants type 5, Adidas;2;1944.74;cash;;958
100008097;1-16-2024;0,595277778;Sneakers type 4, Puma;1;1437.38496;non-cash;ПІБ 168;912
100008105;1-20-2023;0,752152778;Shirt type 12, Adidas;1;714.096;non-cash;ПІБ 896;456
100008105;1-20-2023;0,752152778;Pants type 12, Reebok;1;510.2508;non-cash;ПІБ 896;249
100008105;1-20-2023;0,752152778;Cap type 2, Nike;1;444.1612;non-cash;ПІБ 896;265
100008105;1-20-2023;0,752152778;Boots type 5, Nike;2;16014.36;non-cash;ПІБ 896;7086
100008126;6-1-2022;0,799525463;Cap type 1, Reebok;1;441.0395;non-cash;;265
100008126;6-1-2022;0,799525463;Cap type 7, Adidas;1;323.84;non-cash;;176
